{"type": "FeatureCollection", "features": [{"type": "Feature", "properties": {"area_id": 4002559000, "parent_id": 40025590, "name": "塔什库尔干红其拉甫机场", "kind": "polygon", "radius_m": 14387, "lat": 37.6145825448, "lng": 75.3435010753}, "geometry": {"type": "Polygon", "coordinates": [[[75.3046063737, 37.5797895774], [75.3320254782, 37.4961126316], [75.408695945, 37.5219114789], [75.3519100623, 37.5956928901], [75.3679195044, 37.6085124036], [75.3831840322, 37.6391238689], [75.3828387354, 37.6557198562], [75.3770783804, 37.67167944], [75.3532450866, 37.7100522192], [75.3196775476, 37.7294996993], [75.2783062056, 37.733052458], [75.3046063737, 37.5797895774]]]}}, {"type": "Feature", "properties": {"area_id": 4002559001, "parent_id": 40025590, "name": "塔什库尔干红其拉甫机场", "kind": "polygon", "radius_m": 14389, "lat": 37.6982475515, "lng": 75.23923330395}, "geometry": {"type": "Polygon", "coordinates": [[[75.2507981148, 37.8167055256], [75.1738602342, 37.7908997084], [75.230936873, 37.7171513924], [75.2148320136, 37.7042188492], [75.1996872322, 37.6735659842], [75.2001080278, 37.6569710878], [75.2059383888, 37.6410277066], [75.2297839904, 37.6027594148], [75.2633176727, 37.5833372615], [75.3046063737, 37.5797895774], [75.2783062056, 37.733052458], [75.2507981148, 37.8167055256]]]}}, {"type": "Feature", "properties": {"area_id": 487900, "parent_id": 4879, "name": "Kashgar Airport", "kind": "polygon", "radius_m": 14167, "lat": 39.5641340559, "lng": 76.0766790408}, "geometry": {"type": "Polygon", "coordinates": [[[76.2310502189, 39.5190362214], [76.2258947148, 39.5843867696], [76.1141876379, 39.5694064228], [76.094060641, 39.5920887388], [76.07655453, 39.6017603788], [76.0349514216, 39.6092318904], [75.9982872497, 39.6075652872], [75.9583060898, 39.5975792686], [75.9418622426, 39.5868586597], [75.9223078627, 39.5576005417], [76.1176316866, 39.5239416697], [76.2310502189, 39.5190362214]]]}}, {"type": "Feature", "properties": {"area_id": 487901, "parent_id": 4879, "name": "Kashgar Airport", "kind": "polygon", "radius_m": 14238, "lat": 39.522538842450004, "lng": 75.96330023085}, "geometry": {"type": "Polygon", "coordinates": [[[75.9223078627, 39.5576005417], [75.8089687751, 39.569309701], [75.8174804896, 39.5005932801], [75.9258122593, 39.5155939333], [75.9460112972, 39.4928658388], [75.9635081954, 39.4832138534], [76.0050435664, 39.4757679839], [76.0417127491, 39.4774347154], [76.0787694058, 39.4856135893], [76.1092086588, 39.5086681971], [76.1176316866, 39.5239416697], [75.9223078627, 39.5576005417]]]}}, {"type": "Feature", "properties": {"area_id": 4004502200, "parent_id": 40045022, "name": "莎车叶尔羌机场", "kind": "polygon", "radius_m": 14671, "lat": 38.2851494051, "lng": 77.00184547875}, "geometry": {"type": "Polygon", "coordinates": [[[77.0363728537, 38.3208789465], [77.0014307257, 38.4028520453], [76.9263059843, 38.372953054], [76.9901240684, 38.3024557475], [76.9750461437, 38.2886768852], [76.9624840866, 38.2572767152], [76.9643507756, 38.24074334], [76.9716001517, 38.2251524635], [77.0001505802, 38.1863261447], [77.0355555626, 38.1687585458], [77.0773849732, 38.1674467649], [77.0363728537, 38.3208789465]]]}}, {"type": "Feature", "properties": {"area_id": 4004502201, "parent_id": 40045022, "name": "莎车叶尔羌机场", "kind": "polygon", "radius_m": 14669, "lat": 38.203161129250006, "lng": 77.11172646200001}, "geometry": {"type": "Polygon", "coordinates": [[[77.1122120993, 38.085443312], [77.1870800703, 38.1153344707], [77.1235795346, 38.1858750031], [77.1385727782, 38.1995338366], [77.1512654782, 38.2308990922], [77.1494756174, 38.2474376901], [77.1422943377, 38.2630486242], [77.1137421514, 38.3019789567], [77.0782899609, 38.3195685892], [77.0363728537, 38.3208789465], [77.0773849732, 38.1674467649], [77.1122120993, 38.085443312]]]}}, {"type": "Feature", "properties": {"area_id": 421800, "parent_id": 4218, "name": "Ngari Gunsa Airport", "kind": "polygon", "radius_m": 15932, "lat": 32.05916779005, "lng": 80.10649925415}, "geometry": {"type": "Polygon", "coordinates": [[[80.0772307606, 32.0133814366], [80.1100800752, 31.9320761408], [80.1841565251, 31.9652307886], [80.1236074779, 32.0341224073], [80.1358673336, 32.0470585343], [80.143765474, 32.0622470762], [80.146757772, 32.0786504894], [80.1446377365, 32.0951512549], [80.1002396515, 32.1664943212], [80.0676734936, 32.1844781896], [80.0288419832, 32.1862594393], [80.0772307606, 32.0133814366]]]}}, {"type": "Feature", "properties": {"area_id": 421801, "parent_id": 4218, "name": "Ngari Gunsa Airport", "kind": "polygon", "radius_m": 15934, "lat": 32.1404614944, "lng": 79.99942961285001}, "geometry": {"type": "Polygon", "coordinates": [[[79.9959043003, 32.2675415522], [79.9216284651, 32.2343825924], [79.9824171924, 32.1655200061], [79.9700905813, 32.1524844995], [79.9622336939, 32.1372777182], [79.9592943768, 32.1208671852], [79.9614703544, 32.1043715901], [80.0059439142, 32.0331237981], [80.0384717662, 32.015160232], [80.0772307606, 32.0133814366], [80.0288419832, 32.1862594393], [79.9959043003, 32.2675415522]]]}}, {"type": "Feature", "properties": {"area_id": 4004770700, "parent_id": 40047707, "name": "图木舒克唐王城机场", "kind": "polygon", "radius_m": 14058, "lat": 39.9396890604, "lng": 79.2478570628}, "geometry": {"type": "Polygon", "coordinates": [[[79.2978455014, 39.9527453032], [79.3557395984, 40.0269644417], [79.276007283, 40.0521622229], [79.2487123546, 39.9682949212], [79.2041961025, 39.9638116365], [79.1855776088, 39.9553358398], [79.1598754011, 39.9289745704], [79.1399745272, 39.8855397985], [79.1403428368, 39.8689439661], [79.1462935353, 39.8529866155], [79.1729554569, 39.8272158979], [79.2978455014, 39.9527453032]]]}}, {"type": "Feature", "properties": {"area_id": 4004770701, "parent_id": 40047707, "name": "图木舒克唐王城机场", "kind": "polygon", "radius_m": 14066, "lat": 39.8402798524, "lng": 79.2228348263}, "geometry": {"type": "Polygon", "coordinates": [[[79.1153103291, 39.7530050053], [79.1947369734, 39.7278144016], [79.2219153291, 39.8117085493], [79.2454113534, 39.8116842181], [79.2848370231, 39.8245770596], [79.2999743579, 39.8364248484], [79.3246216762, 39.8768838997], [79.3303593235, 39.9109536126], [79.313373587, 39.9411787178], [79.2978455014, 39.9527453032], [79.1729554569, 39.8272158979], [79.1153103291, 39.7530050053]]]}}, {"type": "Feature", "properties": {"area_id": 4004503000, "parent_id": 40045030, "name": "阿里普兰机场", "kind": "polygon", "radius_m": 15748, "lat": 30.43754097795, "lng": 81.08076968399999}, "geometry": {"type": "Polygon", "coordinates": [[[81.1024034387, 30.4811318946], [81.0635855232, 30.5608339617], [80.9979924731, 30.5266210365], [81.0620130572, 30.4600498101], [81.0495208817, 30.4454388761], [81.0427220445, 30.4299101758], [81.0439345959, 30.3970143138], [81.0786275889, 30.3437825519], [81.091774969, 30.329692789], [81.1254444259, 30.3142479942], [81.1635468949, 30.315393772], [81.1024034387, 30.4811318946]]]}}, {"type": "Feature", "properties": {"area_id": 4004503001, "parent_id": 40045030, "name": "阿里普兰机场", "kind": "polygon", "radius_m": 15746, "lat": 30.35897428775, "lng": 81.1850509743}, "geometry": {"type": "Polygon", "coordinates": [[[81.2022732766, 30.2356672362], [81.2676985099, 30.2698747939], [81.2039051769, 30.3364826451], [81.2163452225, 30.350998841], [81.2231848849, 30.3665123961], [81.2220728104, 30.3994108895], [81.1874330433, 30.4527198657], [81.1742836479, 30.4668213507], [81.1405709228, 30.4822813393], [81.1024034387, 30.4811318946], [81.1635468949, 30.315393772], [81.2022732766, 30.2356672362]]]}}, {"type": "Feature", "properties": {"area_id": 4002558600, "parent_id": 40025586, "name": "于田万方机场", "kind": "polygon", "radius_m": 13894, "lat": 36.835118848600004, "lng": 81.83145863210001}, "geometry": {"type": "Polygon", "coordinates": [[[81.8703443351, 36.7960171379], [81.9782757107, 36.7930542785], [81.9689847946, 36.8586855234], [81.8646125061, 36.8365187572], [81.8537253098, 36.8523551866], [81.8213080225, 36.8726169048], [81.7805626749, 36.8771834187], [81.7331471187, 36.8704320933], [81.7004551504, 36.8504557949], [81.690048005, 36.8360983686], [81.6846415535, 36.8200741978], [81.8703443351, 36.7960171379]]]}}, {"type": "Feature", "properties": {"area_id": 4002558601, "parent_id": 40025586, "name": "于田万方机场", "kind": "polygon", "radius_m": 13896, "lat": 36.7810020039, "lng": 81.7235531266}, "geometry": {"type": "Polygon", "coordinates": [[[81.5767619181, 36.8229611491], [81.5861049289, 36.757332094], [81.6903915934, 36.7796763754], [81.7013156471, 36.7638246152], [81.7337177296, 36.7435945433], [81.7743946411, 36.7390428587], [81.8217263298, 36.7457580033], [81.8544327165, 36.7656721435], [81.8648808894, 36.7800059827], [81.8703443351, 36.7960171379], [81.6846415535, 36.8200741978], [81.5767619181, 36.8229611491]]]}}, {"type": "Feature", "properties": {"area_id": 4004770100, "parent_id": 40047701, "name": "阿拉尔塔里木机场", "kind": "polygon", "radius_m": 14665, "lat": 40.4804613152, "lng": 81.312345819}, "geometry": {"type": "Polygon", "coordinates": [[[81.359153353, 40.4585785612], [81.4624817956, 40.4946506485], [81.4150578249, 40.5499889824], [81.3299051242, 40.492736807], [81.2896376433, 40.5083601938], [81.2678553517, 40.5094686849], [81.2268527467, 40.4989213561], [81.1811653792, 40.4733493668], [81.1691260632, 40.4595071164], [81.1622098424, 40.4437653515], [81.1652371112, 40.410933648], [81.359153353, 40.4585785612]]]}}, {"type": "Feature", "properties": {"area_id": 4004770101, "parent_id": 40047701, "name": "阿拉尔塔里木机场", "kind": "polygon", "radius_m": 14626, "lat": 40.3890365336, "lng": 81.2128018712}, "geometry": {"type": "Polygon", "coordinates": [[[81.0621686152, 40.3748230878], [81.1095275851, 40.319494506], [81.1944033369, 40.376883439], [81.2139573148, 40.3666408399], [81.2563064756, 40.3601596995], [81.2776806293, 40.3633615982], [81.3249720053, 40.3844243877], [81.3550538084, 40.410015129], [81.3634351272, 40.4423032706], [81.359153353, 40.4585785612], [81.1652371112, 40.410933648], [81.0621686152, 40.3748230878]]]}}, {"type": "Feature", "properties": {"area_id": 101500, "parent_id": 1015, "name": "Aksu Airport", "kind": "polygon", "radius_m": 13864, "lat": 41.2525878455, "lng": 80.2298698118}, "geometry": {"type": "Polygon", "coordinates": [[[80.1957433587, 41.2876757925], [80.0824575392, 41.3094068433], [80.0755609511, 41.2423878378], [80.1923011047, 41.2456752781], [80.2100359165, 41.2219614914], [80.2267386239, 41.2111151704], [80.2465993447, 41.2038871368], [80.3015976043, 41.1957688477], [80.3401805026, 41.2015270192], [80.3588576866, 41.2103616582], [80.3841786725, 41.2372041738], [80.1957433587, 41.2876757925]]]}}, {"type": "Feature", "properties": {"area_id": 101501, "parent_id": 1015, "name": "Aksu Airport", "kind": "polygon", "radius_m": 13863, "lat": 41.272403990849995, "lng": 80.3500724498}, "geometry": {"type": "Polygon", "coordinates": [[[80.4975049392, 41.215576903], [80.5044015409, 41.2859700025], [80.3910565013, 41.2793104824], [80.3707382846, 41.3074512169], [80.3536689484, 41.3179926351], [80.3117384525, 41.327564424], [80.2784042088, 41.3292310787], [80.2396850377, 41.3234326098], [80.2210004612, 41.3145682134], [80.1957433587, 41.2876757925], [80.3841786725, 41.2372041738], [80.4975049392, 41.215576903]]]}}, {"type": "Feature", "properties": {"area_id": 902600, "parent_id": 9026, "name": "Yining Airport", "kind": "polygon", "radius_m": 14315, "lat": 43.91156536285, "lng": 81.2749981451}, "geometry": {"type": "Polygon", "coordinates": [[[81.2300871221, 43.9387804264], [81.1167450068, 43.9088584744], [81.1614293771, 43.8520859652], [81.2564616917, 43.9020829751], [81.2957151895, 43.8875862604], [81.3186514581, 43.8860872], [81.3413458663, 43.8889130855], [81.3855935173, 43.9042088521], [81.4175017872, 43.9237207247], [81.428489519, 43.9383112847], [81.4332512834, 43.9710447605], [81.2300871221, 43.9387804264]]]}}, {"type": "Feature", "properties": {"area_id": 902601, "parent_id": 9026, "name": "Yining Airport", "kind": "polygon", "radius_m": 14269, "lat": 44.0008501929, "lng": 81.3859914298}, "geometry": {"type": "Polygon", "coordinates": [[[81.5432341474, 44.0011064033], [81.4968340367, 44.0629199594], [81.4052452404, 44.0079132998], [81.3666205667, 44.0245291769], [81.3437970594, 44.0270170862], [81.2993664243, 44.0191090202], [81.2437704911, 43.9864368748], [81.2334143226, 43.9716056342], [81.2287487122, 43.9553506696], [81.2300871221, 43.9387804264], [81.4332512834, 43.9710447605], [81.5432341474, 44.0011064033]]]}}, {"type": "Feature", "properties": {"area_id": 4002558800, "parent_id": 40025588, "name": "昭苏天马机场", "kind": "polygon", "radius_m": 14099, "lat": 43.13484907345, "lng": 81.28650711875}, "geometry": {"type": "Polygon", "coordinates": [[[81.3305825292, 43.1034201433], [81.4449218392, 43.1260827403], [81.4086429762, 43.1865947444], [81.3082010356, 43.1407774256], [81.2703357217, 43.1612216318], [81.2481906671, 43.1650411278], [81.2036519087, 43.159768279], [81.1585048299, 43.1426833925], [81.143009028, 43.1305327605], [81.1323562858, 43.1158682958], [81.1280923983, 43.0831034025], [81.3305825292, 43.1034201433]]]}}, {"type": "Feature", "properties": {"area_id": 4002558801, "parent_id": 40025588, "name": "昭苏天马机场", "kind": "polygon", "radius_m": 14081, "lat": 43.051645211250005, "lng": 81.17265042305}, "geometry": {"type": "Polygon", "coordinates": [[[81.0139841711, 43.0603732158], [81.0502610302, 42.9998702792], [81.1504259802, 43.0458749542], [81.168243472, 43.0333211705], [81.2103334364, 43.0216375391], [81.2330269346, 43.0221256022], [81.2787634468, 43.0345569728], [81.3154322565, 43.0560314178], [81.331316675, 43.0868305637], [81.3305825292, 43.1034201433], [81.1280923983, 43.0831034025], [81.0139841711, 43.0603732158]]]}}, {"type": "Feature", "properties": {"area_id": 3276600, "parent_id": 32766, "name": "龟兹", "kind": "polygon", "radius_m": 13636, "lat": 41.65418659795, "lng": 82.81211619140001}, "geometry": {"type": "Polygon", "coordinates": [[[82.7738217199, 41.6891860514], [82.6572020087, 41.6942669116], [82.6675230083, 41.6238962343], [82.7808268574, 41.6505751362], [82.8057351461, 41.6271009985], [82.8248720502, 41.6186834407], [82.868467955, 41.6141062843], [82.9001662632, 41.6174426428], [82.9375083049, 41.6273082493], [82.9670303741, 41.651730663], [82.7738217199, 41.6891860514]]]}}, {"type": "Feature", "properties": {"area_id": 3276601, "parent_id": 32766, "name": "龟兹", "kind": "polygon", "radius_m": 13522, "lat": 41.69812075205, "lng": 82.92997913515}, "geometry": {"type": "Polygon", "coordinates": [[[83.0861365504, 41.6640703199], [83.0758017414, 41.7311077966], [82.9675063965, 41.7060918693], [82.9397614979, 41.7324343175], [82.898730726, 41.7445108411], [82.8764880913, 41.7442226852], [82.8107059978, 41.7293102811], [82.7938038494, 41.7185232088], [82.7812238453, 41.7048370637], [82.7738217199, 41.6891860514], [82.9670303741, 41.651730663], [82.9744854424, 41.667366505], [83.0861365504, 41.6640703199]]]}}, {"type": "Feature", "properties": {"area_id": 960003800, "parent_id": 960003800, "name": "巴音郭楞轮台机场2", "kind": "polygon", "radius_m": 14404, "lat": 41.61999997470375, "lng": 84.34416691860983}, "geometry": {"type": "Polygon", "coordinates": [[[84.39500060867437, 41.71833253376823], [84.45666673918544, 41.67166780733274], [84.36499938824525, 41.62333299513048], [84.35166711717523, 41.54999971780909], [84.32666635299876, 41.53333366766138], [84.23166709803421, 41.52166741563927], [84.32666625123355, 41.65166737853748], [84.39500060867437, 41.71833253376823]]]}}, {"type": "Feature", "properties": {"area_id": 960003799, "parent_id": 960003799, "name": "巴音郭楞轮台机场1", "kind": "polygon", "radius_m": 14623, "lat": 41.55083345712474, "lng": 84.21416633265116}, "geometry": {"type": "Polygon", "coordinates": [[[84.23166709803421, 41.52166741563927], [84.16333359409418, 41.449999535711996], [84.10166641406879, 41.49833296057476], [84.19333391583638, 41.55000027635022], [84.20666625568097, 41.62333210389647], [84.23166748874044, 41.640000166055216], [84.32666625123355, 41.65166737853748], [84.23166709803421, 41.52166741563927]]]}}, {"type": "Feature", "properties": {"area_id": 3277200, "parent_id": 32772, "name": "阿拉山口", "kind": "polygon", "radius_m": 13364, "lat": 44.8942893993, "lng": 82.2346914128}, "geometry": {"type": "Polygon", "coordinates": [[[82.2042074332, 44.9310912335], [82.090883773, 44.957797281], [82.0753792219, 44.8941320136], [82.1953625147, 44.8874780709], [82.2105390388, 44.8589507669], [82.2262110731, 44.8466193377], [82.2681041382, 44.8324488898], [82.3014424244, 44.8307815176], [82.3376028194, 44.831066831], [82.3596314123, 44.836676207], [82.3940036037, 44.8587978664], [82.2042074332, 44.9310912335]]]}}, {"type": "Feature", "properties": {"area_id": 3277201, "parent_id": 32772, "name": "阿拉山口", "kind": "polygon", "radius_m": 13291, "lat": 44.8958948109, "lng": 82.3652609569}, "geometry": {"type": "Polygon", "coordinates": [[[82.5073890165, 44.8321832073], [82.5263144806, 44.8958474221], [82.4079606451, 44.9025298911], [82.3919094201, 44.9317948761], [82.356010786, 44.9527132043], [82.3335736377, 44.9575499906], [82.2599221967, 44.9596064145], [82.2380038241, 44.9536962076], [82.2190000073, 44.9439696201], [82.2042074332, 44.9310912335], [82.3940036037, 44.8587978664], [82.5073890165, 44.8321832073]]]}}, {"type": "Feature", "properties": {"area_id": 3277800, "parent_id": 32778, "name": "那拉提", "kind": "polygon", "radius_m": 13710, "lat": 43.41087354825, "lng": 83.31833318705}, "geometry": {"type": "Polygon", "coordinates": [[[83.2788804453, 43.4459113438], [83.1605750412, 43.4559784053], [83.1674393256, 43.385588204], [83.2823978843, 43.4072734417], [83.3054646928, 43.3823628881], [83.3241886018, 43.372860925], [83.3684001445, 43.3657686912], [83.4363566084, 43.3781311647], [83.4677541367, 43.4018512484], [83.4760913329, 43.4173050078], [83.2788804453, 43.4459113438]]]}}, {"type": "Feature", "properties": {"area_id": 3277801, "parent_id": 32778, "name": "那拉提", "kind": "polygon", "radius_m": 13669, "lat": 43.451620925200004, "lng": 83.43664322285}, "geometry": {"type": "Polygon", "coordinates": [[[83.5944060004, 43.4073444234], [83.587561005, 43.4777455731], [83.4725765516, 43.4594052496], [83.4503171262, 43.4807208418], [83.4311718884, 43.4898063094], [83.3865878797, 43.495897427], [83.3582624495, 43.4942311836], [83.3185269526, 43.4851560221], [83.3006855425, 43.4747683979], [83.2871633479, 43.4613822064], [83.2788804453, 43.4459113438], [83.4760913329, 43.4173050078], [83.5944060004, 43.4073444234]]]}}, {"type": "Feature", "properties": {"area_id": 729000, "parent_id": 7290, "name": "Tacheng Airport", "kind": "polygon", "radius_m": 14163, "lat": 46.69277416155, "lng": 83.27330661155}, "geometry": {"type": "Polygon", "coordinates": [[[83.2748873888, 46.7295662175], [83.184939718, 46.7845917067], [83.1299372415, 46.7312423072], [83.2432676427, 46.6945835922], [83.2409344502, 46.6651498829], [83.2483224686, 46.649345199], [83.2614122672, 46.6353903097], [83.3075918364, 46.6125921582], [83.3477064907, 46.6009566164], [83.3953746646, 46.6042164652], [83.4166759816, 46.6120495486], [83.2748873888, 46.7295662175]]]}}, {"type": "Feature", "properties": {"area_id": 729001, "parent_id": 7290, "name": "Tacheng Airport", "kind": "polygon", "radius_m": 14152, "lat": 46.6491378545, "lng": 83.41830638100001}, "geometry": {"type": "Polygon", "coordinates": [[[83.5066962989, 46.557074448], [83.5617253732, 46.6104246986], [83.4517344821, 46.6470758341], [83.452927728, 46.6774151136], [83.4447459151, 46.6930355594], [83.4309430378, 46.706669739], [83.3840749018, 46.7290752224], [83.3440163571, 46.7406733192], [83.3198081494, 46.741201261], [83.2748873888, 46.7295662175], [83.4166759816, 46.6120495486], [83.5066962989, 46.557074448]]]}}, {"type": "Feature", "properties": {"area_id": 293200, "parent_id": 2932, "name": "Qiemo Airport", "kind": "polygon", "radius_m": 14861, "lat": 38.182578185500006, "lng": 85.424602243}, "geometry": {"type": "Polygon", "coordinates": [[[85.3767778804, 38.1951388032], [85.2900878048, 38.1452083328], [85.3553359371, 38.095435686], [85.4186325796, 38.1670964598], [85.4535333834, 38.1608162028], [85.4744686086, 38.162948546], [85.5107740709, 38.1793367719], [85.5341428469, 38.1976976798], [85.5544164338, 38.2210654575], [85.5591166812, 38.2537702227], [85.553268716, 38.269720685], [85.3767778804, 38.1951388032]]]}}, {"type": "Feature", "properties": {"area_id": 293201, "parent_id": 2932, "name": "Qiemo Airport", "kind": "polygon", "radius_m": 14607, "lat": 38.28235584565, "lng": 85.50167242025}, "geometry": {"type": "Polygon", "coordinates": [[[85.6365735641, 38.3197528661], [85.5763851636, 38.3695728881], [85.5130885509, 38.3012443094], [85.4730058889, 38.3094290696], [85.4520459624, 38.3071932911], [85.4158217045, 38.2906083916], [85.3784480527, 38.2587072925], [85.3699591307, 38.2435066098], [85.3667712764, 38.2270983309], [85.3767778804, 38.1951388032], [85.553268716, 38.269720685], [85.6365735641, 38.3197528661]]]}}, {"type": "Feature", "properties": {"area_id": 508200, "parent_id": 5082, "name": "Korla Airport", "kind": "polygon", "radius_m": 15216, "lat": 41.6661089517, "lng": 86.18482861895001}, "geometry": {"type": "Polygon", "coordinates": [[[86.2392141543, 41.653146168], [86.3341112301, 41.7016156465], [86.2676814527, 41.7541029192], [86.1974971853, 41.6861475219], [86.1553527028, 41.6948093008], [86.1332902168, 41.6927845702], [86.0949434286, 41.6765643268], [86.0631748757, 41.6540922473], [86.039534847, 41.6266185829], [86.0355460078, 41.610290409], [86.0448073996, 41.5781149842], [86.2392141543, 41.653146168]]]}}, {"type": "Feature", "properties": {"area_id": 508201, "parent_id": 5082, "name": "Korla Airport", "kind": "polygon", "radius_m": 15225, "lat": 41.56515267185, "lng": 86.09928256535}, "geometry": {"type": "Polygon", "coordinates": [[[85.9502259427, 41.5296379233], [86.0165131089, 41.4771591757], [86.0864061553, 41.5452175121], [86.1283856283, 41.5365595265], [86.1503986221, 41.5385604469], [86.17097302, 41.5447540014], [86.2206060255, 41.5772528163], [86.2442771454, 41.6046299648], [86.248339188, 41.6209479997], [86.2392141543, 41.653146168], [86.0448073996, 41.5781149842], [85.9502259427, 41.5296379233]]]}}, {"type": "Feature", "properties": {"area_id": 3323400, "parent_id": 33234, "name": "花园", "kind": "polygon", "radius_m": 13500, "lat": 44.25324920995, "lng": 85.95173791515}, "geometry": {"type": "Polygon", "coordinates": [[[86.1042665929, 44.2006000934], [86.1127896799, 44.2676354282], [85.9910901603, 44.2576543793], [85.9714539732, 44.2833190222], [85.9538132179, 44.2940912314], [85.9328731716, 44.3012245531], [85.8800591012, 44.3058983265], [85.8406674087, 44.3023229956], [85.8201267791, 44.2946173243], [85.7906861504, 44.269338972], [85.9875742801, 44.2155442893], [86.1042665929, 44.2006000934]]]}}, {"type": "Feature", "properties": {"area_id": 3323401, "parent_id": 33234, "name": "花园", "kind": "polygon", "radius_m": 13746, "lat": 44.23091851475, "lng": 85.8282571554}, "geometry": {"type": "Polygon", "coordinates": [[[85.7906861504, 44.269338972], [85.6740701196, 44.286068685], [85.6689400307, 44.2156626391], [85.7905761983, 44.2240128049], [85.810299768, 44.1982973633], [85.8279368666, 44.1875462353], [85.848848404, 44.1804308832], [85.9016075672, 44.1757683445], [85.9400425767, 44.1808038334], [85.9599736216, 44.1892435366], [85.9875742801, 44.2155442893], [85.7906861504, 44.269338972]]]}}, {"type": "Feature", "properties": {"area_id": 509500, "parent_id": 5095, "name": "Karamay Airport", "kind": "polygon", "radius_m": 14507, "lat": 45.5003115537, "lng": 84.8847291772}, "geometry": {"type": "Polygon", "coordinates": [[[84.9070256894, 45.5345508208], [84.8404175007, 45.6062247026], [84.7682111997, 45.5615375695], [84.8598782459, 45.5065472422], [84.8499932238, 45.4800109626], [84.8521891013, 45.4634843082], [84.8740798839, 45.4343744709], [84.8973792169, 45.4160664788], [84.9319432345, 45.3985479431], [84.9784399494, 45.3943984048], [85.0012471547, 45.3987593139], [84.9070256894, 45.5345508208]]]}}, {"type": "Feature", "properties": {"area_id": 509501, "parent_id": 5095, "name": "Karamay Airport", "kind": "polygon", "radius_m": 14576, "lat": 45.43136677215, "lng": 85.02190136285}, "geometry": {"type": "Polygon", "coordinates": [[[85.0679994319, 45.3237630305], [85.1367770363, 45.3718302723], [85.0434516892, 45.4267923051], [85.0567908102, 45.4561809174], [85.0551944407, 45.4727413522], [85.0475377085, 45.4884474178], [85.0343382181, 45.5022276367], [84.9764971915, 45.5347284832], [84.9535876235, 45.5389705138], [84.9070256894, 45.5345508208], [85.0012471547, 45.3987593139], [85.0679994319, 45.3237630305]]]}}, {"type": "Feature", "properties": {"area_id": 146600, "parent_id": 1466, "name": "乌鲁木齐地窝堡国际机场", "kind": "polygon", "radius_m": 14344, "lat": 43.8689840547, "lng": 87.41414483455}, "geometry": {"type": "Polygon", "coordinates": [[[87.3619538764, 43.9040374738], [87.2435792604, 43.8923994242], [87.2727748654, 43.8304738117], [87.3777410655, 43.8671488981], [87.409978326, 43.8448130645], [87.4313619771, 43.8386787255], [87.4769876871, 43.8391309062], [87.5203543743, 43.8491377541], [87.556064181, 43.8634275094], [87.5806658504, 43.8911539139], [87.5847104087, 43.9074942977], [87.3619538764, 43.9040374738]]]}}, {"type": "Feature", "properties": {"area_id": 146601, "parent_id": 1466, "name": "乌鲁木齐地窝堡国际机场", "kind": "polygon", "radius_m": 14323, "lat": 43.94427856845, "lng": 87.5316827545}, "geometry": {"type": "Polygon", "coordinates": [[[87.7014116326, 43.9225907672], [87.6755860704, 43.9845196631], [87.5672407536, 43.9478559376], [87.5368676001, 43.9674505537], [87.5153365908, 43.9733987289], [87.4923980095, 43.9751291637], [87.4263210023, 43.9658642224], [87.3871830432, 43.9491813167], [87.3733328082, 43.9359130297], [87.3619538764, 43.9040374738], [87.5847104087, 43.9074942977], [87.7014116326, 43.9225907672]]]}}, {"type": "Feature", "properties": {"area_id": 960001569, "parent_id": 960001569, "name": "无人机管控区域", "kind": "circle", "radius_m": 500, "lat": 43.792029712772376, "lng": 87.62575920348726}, "geometry": {"type": "Polygon", "coordinates": [[[87.62575920348726, 43.79652126864733], [87.62657136723806, 43.79648284276417], [87.62736963464191, 43.796368222592214], [87.62814034712221, 43.79617936931438], [87.62887031757474, 43.79591951426261], [87.62954705600266, 43.795593103628875], [87.63015898322386, 43.79520572238963], [87.63069562899392, 43.79476399874529], [87.63114781115492, 43.79427549070985], [87.63150779274471, 43.793748556791265], [87.63176941437851, 43.79319221297496], [87.63192819963761, 43.792615978457874], [87.63198143166221, 43.792029712772376], [87.63192819963761, 43.79144344708688], [87.63176941437851, 43.79086721256979], [87.63150779274471, 43.79031086875349], [87.63114781115492, 43.7897839348349], [87.63069562899392, 43.78929542679946], [87.63015898322386, 43.78885370315512], [87.62954705600266, 43.78846632191588], [87.62887031757474, 43.788139911282144], [87.62814034712221, 43.78788005623037], [87.62736963464191, 43.78769120295254], [87.62657136723806, 43.78757658278058], [87.62575920348726, 43.78753815689742], [87.62494703973647, 43.78757658278058], [87.62414877233262, 43.78769120295254], [87.62337805985231, 43.78788005623037], [87.62264808939979, 43.788139911282144], [87.62197135097186, 43.78846632191588], [87.62135942375066, 43.78885370315512], [87.6208227779806, 43.78929542679946], [87.62037059581961, 43.7897839348349], [87.62001061422981, 43.79031086875349], [87.61974899259602, 43.79086721256979], [87.61959020733691, 43.79144344708688], [87.61953697531231, 43.792029712772376], [87.61959020733691, 43.792615978457874], [87.61974899259602, 43.79319221297496], [87.62001061422981, 43.793748556791265], [87.62037059581961, 43.79427549070985], [87.6208227779806, 43.79476399874529], [87.62135942375066, 43.79520572238963], [87.62197135097186, 43.795593103628875], [87.62264808939979, 43.79591951426261], [87.62337805985231, 43.79617936931438], [87.62414877233262, 43.796368222592214], [87.62494703973647, 43.79648284276417], [87.62575920348726, 43.79652126864733]]]}}, {"type": "Feature", "properties": {"area_id": 960001592, "parent_id": 960001592, "name": "无人机管控区域", "kind": "circle", "radius_m": 500, "lat": 43.79556990118385, "lng": 87.62153838342165}, "geometry": {"type": "Polygon", "coordinates": [[[87.62153838342165, 43.80006145705881], [87.62235059528619, 43.80002303117565], [87.62314890998054, 43.79990841100369], [87.62391966811896, 43.79971955772586], [87.62464968181597, 43.799459702674085], [87.62532646033485, 43.79913329204035], [87.62593842380748, 43.79874591080111], [87.62647510136921, 43.798304187156766], [87.62692731031812, 43.79781567912133], [87.62728731323375, 43.79728874520274], [87.62754895036637, 43.796732401386436], [87.62770774503215, 43.79615616686935], [87.62776098021028, 43.79556990118385], [87.62770774503215, 43.794983635498355], [87.62754895036637, 43.79440740098127], [87.62728731323375, 43.793851057164964], [87.62692731031812, 43.79332412324638], [87.62647510136921, 43.79283561521094], [87.62593842380748, 43.7923938915666], [87.62532646033485, 43.792006510327354], [87.62464968181597, 43.79168009969362], [87.62391966811896, 43.79142024464185], [87.62314890998054, 43.791231391364015], [87.62235059528619, 43.79111677119206], [87.62153838342165, 43.7910783453089], [87.62072617155711, 43.79111677119206], [87.61992785686276, 43.791231391364015], [87.61915709872434, 43.79142024464185], [87.61842708502734, 43.79168009969362], [87.61775030650846, 43.792006510327354], [87.61713834303582, 43.7923938915666], [87.6166016654741, 43.79283561521094], [87.61614945652518, 43.79332412324638], [87.61578945360955, 43.793851057164964], [87.61552781647693, 43.79440740098127], [87.61536902181115, 43.794983635498355], [87.61531578663302, 43.79556990118385], [87.61536902181115, 43.79615616686935], [87.61552781647693, 43.796732401386436], [87.61578945360955, 43.79728874520274], [87.61614945652518, 43.79781567912133], [87.6166016654741, 43.798304187156766], [87.61713834303582, 43.79874591080111], [87.61775030650846, 43.79913329204035], [87.61842708502734, 43.799459702674085], [87.61915709872434, 43.79971955772586], [87.61992785686276, 43.79990841100369], [87.62072617155711, 43.80002303117565], [87.62153838342165, 43.80006145705881]]]}}, {"type": "Feature", "properties": {"area_id": 3276700, "parent_id": 32767, "name": "阿勒泰", "kind": "polygon", "radius_m": 13793, "lat": 47.7682152567, "lng": 88.01093315944999}, "geometry": {"type": "Polygon", "coordinates": [[[88.0080635493, 47.8012141011], [87.9064671993, 47.856251916], [87.8583207464, 47.7944409032], [87.9749499952, 47.7678294687], [87.9779702967, 47.7382005531], [87.98836866, 47.7231478468], [88.0041974749, 47.7104164525], [88.0527052683, 47.6875395921], [88.0967033316, 47.6801785974], [88.1211513832, 47.6823181739], [88.1635455725, 47.6987154408], [88.0080635493, 47.8012141011]]]}}, {"type": "Feature", "properties": {"area_id": 3276701, "parent_id": 32767, "name": "阿勒泰", "kind": "polygon", "radius_m": 13626, "lat": 47.7328843198, "lng": 88.15905060065}, "geometry": {"type": "Polygon", "coordinates": [[[88.261874855, 47.6470821194], [88.310037652, 47.7038526754], [88.1933513002, 47.7338823405], [88.1897346815, 47.7639823231], [88.178962104, 47.7789182513], [88.1627973059, 47.7914694756], [88.1190038013, 47.8107784792], [88.0756919698, 47.8186865202], [88.0511100259, 47.8169441496], [88.0080635493, 47.8012141011], [88.1635455725, 47.6987154408], [88.261874855, 47.6470821194]]]}}, {"type": "Feature", "properties": {"area_id": 3277900, "parent_id": 32779, "name": "喀纳斯", "kind": "polygon", "radius_m": 14263, "lat": 48.245834842, "lng": 86.9215478786}, "geometry": {"type": "Polygon", "coordinates": [[[86.9266539397, 48.28456993], [86.8366662677, 48.3429257169], [86.7781911914, 48.2912967273], [86.8915102821, 48.2513325224], [86.8864406787, 48.2215521613], [86.8927459337, 48.2054944983], [86.9050669943, 48.1910704308], [86.9491895596, 48.1626146137], [86.9938905985, 48.1492558949], [87.0187563779, 48.1487439671], [87.0649045658, 48.1603809911], [86.9266539397, 48.28456993]]]}}, {"type": "Feature", "properties": {"area_id": 3277901, "parent_id": 32779, "name": "喀纳斯", "kind": "polygon", "radius_m": 14347, "lat": 48.1981304046, "lng": 87.07006342565}, "geometry": {"type": "Polygon", "coordinates": [[[87.1515785323, 48.1020756595], [87.2134729116, 48.1536982324], [87.1034599953, 48.1970619671], [87.1073967807, 48.2275384287], [87.100319089, 48.2434531222], [87.0872918896, 48.2576042663], [87.069200172, 48.2690256621], [86.9987923291, 48.2925826036], [86.9739609982, 48.2941851497], [86.9266539397, 48.28456993], [87.0649045658, 48.1603809911], [87.1515785323, 48.1020756595]]]}}, {"type": "Feature", "properties": {"area_id": 972800, "parent_id": 9728, "name": "Shigatse Peace Airport", "kind": "polygon", "radius_m": 15028, "lat": 29.3664175338, "lng": 89.3625467096}, "geometry": {"type": "Polygon", "coordinates": [[[89.4072725547, 29.3274194931], [89.5042038635, 29.3117925634], [89.506443906, 29.3830052863], [89.4086803652, 29.3720281971], [89.3901476959, 29.4006655515], [89.3751523671, 29.4109051451], [89.3387569096, 29.4197438543], [89.283415276, 29.4210425042], [89.2464991021, 29.413924041], [89.2308924022, 29.4044023477], [89.2186495132, 29.3916850406], [89.4072725547, 29.3274194931]]]}}, {"type": "Feature", "properties": {"area_id": 972801, "parent_id": 9728, "name": "Shigatse Peace Airport", "kind": "polygon", "radius_m": 15358, "lat": 29.33837602825, "lng": 89.2593760341}, "geometry": {"type": "Polygon", "coordinates": [[[89.1136707441, 29.392224823], [89.1114795135, 29.3210118514], [89.2092344199, 29.3321031111], [89.2163617137, 29.3167033518], [89.227810348, 29.3034428498], [89.2603148924, 29.2867202317], [89.3534487203, 29.2845272335], [89.3869444288, 29.2996877564], [89.4072725547, 29.3274194931], [89.2186495132, 29.3916850406], [89.2106043544, 29.376639795], [89.1136707441, 29.392224823]]]}}, {"type": "Feature", "properties": {"area_id": 3278200, "parent_id": 32782, "name": "交河", "kind": "polygon", "radius_m": 13952, "lat": 43.04493427615, "lng": 89.15664594495}, "geometry": {"type": "Polygon", "coordinates": [[[89.3143218428, 42.9956358974], [89.3143130623, 43.0660358039], [89.1976553878, 43.0510311094], [89.1789355254, 43.0740008278], [89.1614211574, 43.0845767203], [89.1183365497, 43.0942325711], [89.08, 43.0942326549], [89.0427704257, 43.0876295603], [89.0239032413, 43.0783767189], [88.9989700471, 43.050964739], [89.1976128417, 43.0089046091], [89.3143218428, 42.9956358974]]]}}, {"type": "Feature", "properties": {"area_id": 3278201, "parent_id": 32782, "name": "交河", "kind": "polygon", "radius_m": 13891, "lat": 43.0167372983, "lng": 89.04081693215}, "geometry": {"type": "Polygon", "coordinates": [[[88.9989700471, 43.050964739], [88.8840298096, 43.0660405849], [88.8840210226, 42.9956310423], [88.9990105222, 43.0089696176], [89.018711657, 42.9863403714], [89.0366274921, 42.9761564103], [89.0575309031, 42.9697082169], [89.1183333333, 42.9674340117], [89.1523742162, 42.973222971], [89.1715787759, 42.9820596444], [89.1976128417, 43.0089046091], [88.9989700471, 43.050964739]]]}}, {"type": "Feature", "properties": {"area_id": 4004502000, "parent_id": 40045020, "name": "奇台江布拉克机场", "kind": "polygon", "radius_m": 14301, "lat": 44.1483718815, "lng": 89.49352331610001}, "geometry": {"type": "Polygon", "coordinates": [[[89.4481815889, 44.1863714526], [89.3289750414, 44.1989922104], [89.3290316761, 44.1329394922], [89.4482181262, 44.1457258539], [89.457863152, 44.128960073], [89.4906288986, 44.1059405204], [89.5350200443, 44.0977515526], [89.5962381984, 44.1001371], [89.6356385072, 44.1169564269], [89.649484887, 44.1302495944], [89.6580715908, 44.1456614937], [89.4481815889, 44.1863714526]]]}}, {"type": "Feature", "properties": {"area_id": 4004502001, "parent_id": 40045020, "name": "奇台江布拉克机场", "kind": "polygon", "radius_m": 14299, "lat": 44.18369534935, "lng": 89.61274509045}, "geometry": {"type": "Polygon", "coordinates": [[[89.777284688, 44.1329422646], [89.777308592, 44.1989949837], [89.6580832798, 44.1864359233], [89.64850904, 44.20315872], [89.6157537488, 44.2262254283], [89.5712780331, 44.2344484341], [89.5099148112, 44.232028725], [89.4705017224, 44.2151323371], [89.4566980473, 44.2018057149], [89.4481815889, 44.1863714526], [89.6580715908, 44.1456614937], [89.777284688, 44.1329422646]]]}}, {"type": "Feature", "properties": {"area_id": 866400, "parent_id": 8664, "name": "Fuyun Koktokay Airport", "kind": "polygon", "radius_m": 14133, "lat": 46.82178003005, "lng": 89.43839094815}, "geometry": {"type": "Polygon", "coordinates": [[[89.4364445888, 46.8578847528], [89.3364934377, 46.9112534765], [89.286651641, 46.8528209213], [89.4033340465, 46.8211321801], [89.4056032572, 46.7942064883], [89.4150913347, 46.7789324911], [89.430022689, 46.7658588114], [89.481006852, 46.7408892836], [89.5232775536, 46.7323065836], [89.5474123621, 46.733672046], [89.5901302553, 46.7487134333], [89.4364445888, 46.8578847528]]]}}, {"type": "Feature", "properties": {"area_id": 866401, "parent_id": 8664, "name": "Fuyun Koktokay Airport", "kind": "polygon", "radius_m": 13895, "lat": 46.7862465378, "lng": 89.5857284994}, "geometry": {"type": "Polygon", "coordinates": [[[89.6851745309, 46.6970799862], [89.73501241, 46.7538449891], [89.6183194128, 46.7872185359], [89.6172845174, 46.8129380001], [89.6086888752, 46.8284591241], [89.5945088394, 46.8419276373], [89.5456686327, 46.8674411358], [89.5028439428, 46.8754130894], [89.4787005809, 46.873650241], [89.4364445888, 46.8578847528], [89.5901302553, 46.7487134333], [89.6851745309, 46.6970799862]]]}}, {"type": "Feature", "properties": {"area_id": 408100, "parent_id": 4081, "name": "Lhasa Gonggar Airport", "kind": "polygon", "radius_m": 15350, "lat": 29.28348590355, "lng": 90.8630975546}, "geometry": {"type": "Polygon", "coordinates": [[[90.717343455, 29.3368860673], [90.7164970597, 29.2638111105], [90.8137407507, 29.2765395246], [90.8327692239, 29.2487335228], [90.8479779212, 29.2387635848], [90.884504628, 29.2305618935], [90.9378605877, 29.2300857398], [90.9740046105, 29.2373591909], [90.9895449375, 29.2469315613], [91.0096980495, 29.2747545187], [90.8142721122, 29.3225007917], [90.717343455, 29.3368860673]]]}}, {"type": "Feature", "properties": {"area_id": 408101, "parent_id": 4081, "name": "Lhasa Gonggar Airport", "kind": "polygon", "radius_m": 15346, "lat": 29.31378877505, "lng": 90.9609009048}, "geometry": {"type": "Polygon", "coordinates": [[[91.0096980495, 29.2747545187], [91.1066291518, 29.2603262478], [91.1075296974, 29.3334011124], [91.0102702561, 29.3207879527], [90.9912815747, 29.348574327], [90.9760674847, 29.358556983], [90.9394998248, 29.3667751411], [90.8861447525, 29.3672513023], [90.8499253911, 29.3599468092], [90.834383878, 29.3503546865], [90.8142721122, 29.3225007917], [91.0096980495, 29.2747545187]]]}}, {"type": "Feature", "properties": {"area_id": 960001581, "parent_id": 960001581, "name": "无人机管控区域", "kind": "circle", "radius_m": 500, "lat": 29.651303751158785, "lng": 91.11589095915801}, "geometry": {"type": "Polygon", "coordinates": [[[91.11589095915801, 29.655795307033742], [91.11656556261775, 29.655756881150584], [91.11722862342528, 29.655642260978624], [91.11786879642631, 29.655453407700787], [91.11847512808332, 29.655193552649013], [91.11903724389356, 29.654867142015284], [91.11954552589965, 29.654479760776045], [91.11999127725556, 29.654038037131695], [91.12036687103199, 29.653549529096264], [91.12066588071531, 29.653022595177674], [91.12088319016692, 29.652466251361364], [91.12101508116186, 29.651890016844288], [91.12105929700864, 29.651303751158785], [91.12101508116186, 29.650717485473283], [91.12088319016692, 29.650141250956207], [91.12066588071531, 29.649584907139896], [91.12036687103199, 29.649057973221307], [91.11999127725556, 29.648569465185876], [91.11954552589965, 29.648127741541526], [91.11903724389356, 29.647740360302286], [91.11847512808332, 29.647413949668557], [91.11786879642631, 29.647154094616784], [91.11722862342528, 29.646965241338947], [91.11656556261775, 29.646850621166987], [91.11589095915801, 29.64681219528383], [91.11521635569827, 29.646850621166987], [91.11455329489074, 29.646965241338947], [91.11391312188971, 29.647154094616784], [91.1133067902327, 29.647413949668557], [91.11274467442246, 29.647740360302286], [91.11223639241636, 29.648127741541526], [91.11179064106045, 29.648569465185876], [91.11141504728403, 29.649057973221307], [91.11111603760071, 29.649584907139896], [91.1108987281491, 29.650141250956207], [91.11076683715416, 29.650717485473283], [91.11072262130737, 29.651303751158785], [91.11076683715416, 29.651890016844288], [91.1108987281491, 29.652466251361364], [91.11111603760071, 29.653022595177674], [91.11141504728403, 29.653549529096264], [91.11179064106045, 29.654038037131695], [91.11223639241636, 29.654479760776045], [91.11274467442246, 29.654867142015284], [91.1133067902327, 29.655193552649013], [91.11391312188971, 29.655453407700787], [91.11455329489074, 29.655642260978624], [91.11521635569827, 29.655756881150584], [91.11589095915801, 29.655795307033742]]]}}, {"type": "Feature", "properties": {"area_id": 3325200, "parent_id": 33252, "name": "花土沟", "kind": "polygon", "radius_m": 14189, "lat": 38.23698713575, "lng": 90.76050017}, "geometry": {"type": "Polygon", "coordinates": [[[90.8088685414, 38.2761798521], [90.7622400652, 38.3511760099], [90.6883954711, 38.3133480035], [90.7650643406, 38.2500424804], [90.7511401447, 38.2256499403], [90.7494790013, 38.2091030907], [90.7533242882, 38.192782238], [90.7624105455, 38.1777991064], [90.7857082476, 38.1511760119], [90.8132717646, 38.1294469004], [90.8326048689, 38.1227982616], [90.8088685414, 38.2761798521]]]}}, {"type": "Feature", "properties": {"area_id": 3325201, "parent_id": 33252, "name": "花土沟", "kind": "polygon", "radius_m": 14938, "lat": 38.1624290666, "lng": 90.8994006928}, "geometry": {"type": "Polygon", "coordinates": [[[90.9211063156, 38.0471541455], [90.9899328442, 38.0849857457], [90.9199310245, 38.1449199851], [90.9352439002, 38.1730981724], [90.9358695942, 38.1896891231], [90.9209919594, 38.2204552509], [90.8699599848, 38.2679439084], [90.8299227737, 38.2777039877], [90.8088685414, 38.2761798521], [90.8326048689, 38.1227982616], [90.874433199, 38.1221478956], [90.9211063156, 38.0471541455]]]}}, {"type": "Feature", "properties": {"area_id": 148900, "parent_id": 1489, "name": "Hami Airport", "kind": "polygon", "radius_m": 14358, "lat": 42.83174455555, "lng": 93.73929962150001}, "geometry": {"type": "Polygon", "coordinates": [[[93.7605730404, 42.7920025393], [93.8620554609, 42.7487232187], [93.8965272927, 42.8131692279], [93.7820547301, 42.8321373704], [93.7814116186, 42.8492517291], [93.7748602261, 42.8651400102], [93.7629173675, 42.8792429716], [93.7463948726, 42.8905980022], [93.6617495634, 42.9147658924], [93.6172889249, 42.9099809085], [93.5820719503, 42.8895433898], [93.7605730404, 42.7920025393]]]}}, {"type": "Feature", "properties": {"area_id": 148901, "parent_id": 1489, "name": "Hami Airport", "kind": "polygon", "radius_m": 14360, "lat": 42.8498079994, "lng": 93.60326907255}, "geometry": {"type": "Polygon", "coordinates": [[[93.4804175489, 42.932728898], [93.4459651047, 42.8682763245], [93.5606702684, 42.8494907906], [93.5613746419, 42.8322713613], [93.5679917539, 42.8163985107], [93.5799796305, 42.8023216593], [93.616483941, 42.7831993032], [93.6809906365, 42.7668871008], [93.725357591, 42.77162598], [93.7605730404, 42.7920025393], [93.5820719503, 42.8895433898], [93.4804175489, 42.932728898]]]}}, {"type": "Feature", "properties": {"area_id": 960003554, "parent_id": 960003554, "name": "巴里坤大河1", "kind": "polygon", "radius_m": 2594, "lat": 43.76003254677061, "lng": 93.0823986932566}, "geometry": {"type": "Polygon", "coordinates": [[[93.07367069516451, 43.762067923566306], [93.07903461322479, 43.74857712841238], [93.09112669134868, 43.73759955827978], [93.08082181860698, 43.78246553526144], [93.07586450149057, 43.77601348457699], [93.07367069516451, 43.762067923566306]]]}}, {"type": "Feature", "properties": {"area_id": 960003558, "parent_id": 960003558, "name": "巴里坤大河5", "kind": "polygon", "radius_m": 5803, "lat": 43.765448689057465, "lng": 93.08593727877192}, "geometry": {"type": "Polygon", "coordinates": [[[93.05142378478986, 43.795611346229876], [93.08082181860698, 43.78246553526144], [93.09112669134868, 43.73759955827978], [93.09111179499345, 43.73760850523935], [93.120450772754, 43.719664491993], [93.11918684138993, 43.80091159450133], [93.10049804239677, 43.797042721932385], [93.09253173504014, 43.792467119843835], [93.06974923788084, 43.81123288612193], [93.05142378478986, 43.795611346229876]]]}}, {"type": "Feature", "properties": {"area_id": 960003556, "parent_id": 960003556, "name": "巴里坤大河3", "kind": "polygon", "radius_m": 5801, "lat": 43.74672087758995, "lng": 93.1899869715046}, "geometry": {"type": "Polygon", "coordinates": [[[93.15552739428298, 43.79249818101775], [93.15669905058994, 43.71127398838634], [93.17536974916322, 43.7151246314706], [93.18337189841054, 43.71971250332976], [93.20612792408676, 43.70094357416215], [93.22444654872622, 43.71655901030826], [93.19508917458263, 43.72969702248207], [93.18482767201816, 43.77455344047142], [93.18481316951939, 43.77456267779556], [93.15552739428298, 43.79249818101775]]]}}, {"type": "Feature", "properties": {"area_id": 960003555, "parent_id": 960003555, "name": "巴里坤大河2", "kind": "polygon", "radius_m": 5212, "lat": 43.756092791443834, "lng": 93.13794294598993}, "geometry": {"type": "Polygon", "coordinates": [[[93.11918684138993, 43.80091159450133], [93.120450772754, 43.719664491993], [93.13741776873525, 43.712859083525316], [93.15669905058994, 43.71127398838634], [93.15552739428298, 43.79249818101775], [93.13851038483014, 43.79931264571691], [93.11918684138993, 43.80091159450133]]]}}, {"type": "Feature", "properties": {"area_id": 960003557, "parent_id": 960003557, "name": "巴里坤大河4", "kind": "polygon", "radius_m": 2593, "lat": 43.75212523147675, "lng": 93.19353949614887}, "geometry": {"type": "Polygon", "coordinates": [[[93.18482767201816, 43.77455344047142], [93.19508917458263, 43.72969702248207], [93.20001880550494, 43.736128567163675], [93.2022513202796, 43.750061208913536], [93.19690439245903, 43.76356072309953], [93.18482767201816, 43.77455344047142]]]}}, {"type": "Feature", "properties": {"area_id": 411500, "parent_id": 4115, "name": "Nyingchi Airport", "kind": "polygon", "radius_m": 15036, "lat": 29.352051926850002, "lng": 94.37729871255}, "geometry": {"type": "Polygon", "coordinates": [[[94.4214251824, 29.3313818663], [94.5090278267, 29.370913656], [94.460958027, 29.4280253563], [94.3913662967, 29.3671188809], [94.3564308065, 29.3799350777], [94.3373828994, 29.3800106431], [94.302427688, 29.36754711], [94.2612343594, 29.3387852205], [94.2511399513, 29.3247119643], [94.2455695984, 29.3088402371], [94.2491772655, 29.2760784974], [94.4214251824, 29.3313818663]]]}}, {"type": "Feature", "properties": {"area_id": 411501, "parent_id": 4115, "name": "Nyingchi Airport", "kind": "polygon", "radius_m": 15014, "lat": 29.2554033687, "lng": 94.29369784125}, "geometry": {"type": "Polygon", "coordinates": [[[94.1617329958, 29.2365310453], [94.2097583955, 29.1794248711], [94.2791887851, 29.240413268], [94.2957078002, 29.2319822458], [94.3330744871, 29.2275211245], [94.3514723049, 29.2317320052], [94.3951826152, 29.257344829], [94.4193438175, 29.2827521476], [94.4256626867, 29.3152000304], [94.4214251824, 29.3313818663], [94.2491772655, 29.2760784974], [94.1617329958, 29.2365310453]]]}}, {"type": "Feature", "properties": {"area_id": 242300, "parent_id": 2423, "name": "Golmud Airport", "kind": "polygon", "radius_m": 15686, "lat": 36.41689246565, "lng": 94.8389239002}, "geometry": {"type": "Polygon", "coordinates": [[[94.8967814391, 36.379125204], [95.0025270574, 36.3666759103], [95.0017798903, 36.4369311521], [94.8963215881, 36.4230161587], [94.8878892925, 36.4384273938], [94.8749389266, 36.4513492441], [94.8390136787, 36.467109021], [94.7312714291, 36.4662382496], [94.6958080014, 36.4498165655], [94.6832315848, 36.4366580341], [94.675320743, 36.4213287101], [94.8967814391, 36.379125204]]]}}, {"type": "Feature", "properties": {"area_id": 242301, "parent_id": 2423, "name": "Golmud Airport", "kind": "polygon", "radius_m": 15688, "lat": 36.3835861083, "lng": 94.73318429685}, "geometry": {"type": "Polygon", "coordinates": [[[94.5695871546, 36.4337304251], [94.5703990721, 36.3634752903], [94.6758272024, 36.3775347686], [94.6843068433, 36.3620782747], [94.697266712, 36.3491722715], [94.7331573024, 36.3334417915], [94.8407873778, 36.3343014048], [94.8762325369, 36.3506748432], [94.8888307683, 36.3638112047], [94.8967814391, 36.379125204], [94.675320743, 36.4213287101], [94.5695871546, 36.4337304251]]]}}, {"type": "Feature", "properties": {"area_id": 65000, "parent_id": 650, "name": "Dunhuang Airport", "kind": "polygon", "radius_m": 13879, "lat": 40.13752142825, "lng": 94.7533316838}, "geometry": {"type": "Polygon", "coordinates": [[[94.7105468723, 40.1758820291], [94.5989009032, 40.1776047476], [94.6058343602, 40.1105803803], [94.7174983761, 40.1339147752], [94.7407434714, 40.1111743147], [94.7592703299, 40.1025309345], [94.8017793456, 40.0974381089], [94.835132827, 40.1007731026], [94.8701847565, 40.1097396598], [94.8999121689, 40.1335407514], [94.9077624644, 40.1490161179], [94.7105468723, 40.1758820291]]]}}, {"type": "Feature", "properties": {"area_id": 65001, "parent_id": 650, "name": "Dunhuang Airport", "kind": "polygon", "radius_m": 13931, "lat": 40.1841287507, "lng": 94.8649664568}, "geometry": {"type": "Polygon", "coordinates": [[[95.0193860413, 40.1423650283], [95.0108034466, 40.2127660998], [94.9024897574, 40.1910908102], [94.878178782, 40.2135735154], [94.859293187, 40.2217915983], [94.8165232785, 40.2258924731], [94.7495522328, 40.214358573], [94.732249582, 40.2043139214], [94.7189459261, 40.1911897797], [94.7105468723, 40.1758820291], [94.9077624644, 40.1490161179], [95.0193860413, 40.1423650283]]]}}, {"type": "Feature", "properties": {"area_id": 342500, "parent_id": 3425, "name": "Changdu Bangda Airport", "kind": "polygon", "radius_m": 16418, "lat": 30.516958423749998, "lng": 97.16804110265}, "geometry": {"type": "Polygon", "coordinates": [[[97.1575045623, 30.4683660834], [97.2083989831, 30.3944013847], [97.2714914332, 30.4392863752], [97.19694443, 30.4964046336], [97.2058231392, 30.5113050078], [97.2098654525, 30.5275338486], [97.2088942813, 30.5441109968], [97.2029733225, 30.5599066401], [97.138051413, 30.6276094959], [97.1023912844, 30.6395154628], [97.0645907721, 30.6344739509], [97.1575045623, 30.4683660834]]]}}, {"type": "Feature", "properties": {"area_id": 342501, "parent_id": 3425, "name": "Changdu Bangda Airport", "kind": "polygon", "radius_m": 16420, "lat": 30.585870873650002, "lng": 97.05393067705}, "geometry": {"type": "Polygon", "coordinates": [[[97.0135815668, 30.7084066155], [96.9503567918, 30.6635171559], [97.0251383509, 30.606446674], [97.0162272222, 30.5914465673], [97.0122297325, 30.5752090086], [97.013250212, 30.558634043], [97.0192166284, 30.542851112], [97.0841644035, 30.4752310799], [97.1197687405, 30.4633351318], [97.1575045623, 30.4683660834], [97.0645907721, 30.6344739509], [97.0135815668, 30.7084066155]]]}}, {"type": "Feature", "properties": {"area_id": 925200, "parent_id": 9252, "name": "Yushu Batang Airport", "kind": "polygon", "radius_m": 13886, "lat": 32.8376400688, "lng": 96.98141669735}, "geometry": {"type": "Polygon", "coordinates": [[[96.952736993, 32.8761309859], [96.8560738732, 32.904489838], [96.8405659136, 32.8391456752], [96.9388731609, 32.8325034443], [96.9524616833, 32.8017192405], [96.96587994, 32.7895424351], [97.0014445921, 32.7757872865], [97.0380932263, 32.7707902996], [97.0762692852, 32.7709463652], [97.1102113768, 32.7873431615], [97.1222674811, 32.8004881365], [96.952736993, 32.8761309859]]]}}, {"type": "Feature", "properties": {"area_id": 925201, "parent_id": 9252, "name": "Yushu Batang Airport", "kind": "polygon", "radius_m": 14023, "lat": 32.83497239775, "lng": 97.09442841025}, "geometry": {"type": "Polygon", "coordinates": [[[97.2172351025, 32.7655018779], [97.2361198275, 32.8341699063], [97.1311207008, 32.8408358265], [97.1196628492, 32.8666322439], [97.1068350451, 32.8792587029], [97.0905497597, 32.8886645855], [97.0352310851, 32.9042114776], [96.9998722331, 32.9044429176], [96.9813633858, 32.8986114537], [96.952736993, 32.8761309859], [97.1222674811, 32.8004881365], [97.2172351025, 32.7655018779]]]}}, {"type": "Feature", "properties": {"area_id": 3322800, "parent_id": 33228, "name": "德令哈", "kind": "polygon", "radius_m": 14072, "lat": 37.085672696450004, "lng": 97.2158468602}, "geometry": {"type": "Polygon", "coordinates": [[[97.1703643097, 37.1206591119], [97.0670789391, 37.1090978385], [97.0911870223, 37.0421339015], [97.1895355491, 37.0837967019], [97.2178814833, 37.0645564368], [97.2375006402, 37.059043078], [97.2786844261, 37.0608122843], [97.3086716622, 37.0691421514], [97.3407054589, 37.0844392221], [97.3616907462, 37.1127778195], [97.3646147813, 37.1292114914], [97.1703643097, 37.1206591119]]]}}, {"type": "Feature", "properties": {"area_id": 3322801, "parent_id": 33228, "name": "德令哈", "kind": "polygon", "radius_m": 14271, "lat": 37.1642674126, "lng": 97.32164233505}, "geometry": {"type": "Polygon", "coordinates": [[[97.4729203604, 37.1409008694], [97.4437744178, 37.2078757133], [97.3505054342, 37.1695262259], [97.3223328935, 37.1870514107], [97.302464688, 37.192049606], [97.2816486345, 37.1927773969], [97.2262958314, 37.1808494021], [97.1941479031, 37.1654777947], [97.1813450897, 37.1523860876], [97.1703643097, 37.1206591119], [97.3646147813, 37.1292114914], [97.4729203604, 37.1409008694]]]}}, {"type": "Feature", "properties": {"area_id": 263300, "parent_id": 2633, "name": "Jiayuguan Airport", "kind": "polygon", "radius_m": 14816, "lat": 39.892381417799996, "lng": 98.2731990043}, "geometry": {"type": "Polygon", "coordinates": [[[98.2919291831, 39.926226215], [98.2269891062, 39.9995679163], [98.1617111655, 39.9498031339], [98.2500422719, 39.8998204417], [98.2417870727, 39.8704809152], [98.2451590272, 39.8540857206], [98.2539409364, 39.8389186128], [98.2891524212, 39.8060463271], [98.3213814743, 39.7890275559], [98.342398016, 39.7851949193], [98.3846868431, 39.7904169122], [98.2919291831, 39.926226215]]]}}, {"type": "Feature", "properties": {"area_id": 263301, "parent_id": 2633, "name": "Jiayuguan Airport", "kind": "polygon", "radius_m": 14602, "lat": 39.826864351850006, "lng": 98.40344262835}, "geometry": {"type": "Polygon", "coordinates": [[[98.4513676061, 39.7204288076], [98.5149560736, 39.76683808], [98.4266222407, 39.8218478437], [98.434197872, 39.8491974219], [98.4311165044, 39.865626253], [98.4225977133, 39.8808826551], [98.3875066582, 39.9156274535], [98.3551560665, 39.9303864903], [98.3338462475, 39.9332998961], [98.2919291831, 39.926226215], [98.3846868431, 39.7904169122], [98.4513676061, 39.7204288076]]]}}, {"type": "Feature", "properties": {"area_id": 3336400, "parent_id": 33364, "name": "Lancang Jingmai Airport", "kind": "polygon", "radius_m": 14067, "lat": 22.43515718435, "lng": 99.7285997006}, "geometry": {"type": "Polygon", "coordinates": [[[99.7265098764, 22.4712384382], [99.6565792509, 22.5245894384], [99.6170758745, 22.4678475517], [99.7037712924, 22.4344565259], [99.705038175, 22.403906267], [99.7122268332, 22.3886968418], [99.7234261895, 22.3757252512], [99.7595263731, 22.3542145659], [99.7905616948, 22.3457249303], [99.8084491022, 22.3470644243], [99.8401235267, 22.3620674669], [99.7265098764, 22.4712384382]]]}}, {"type": "Feature", "properties": {"area_id": 3336401, "parent_id": 33364, "name": "Lancang Jingmai Airport", "kind": "polygon", "radius_m": 14104, "lat": 22.398719239450003, "lng": 99.8388762581}, "geometry": {"type": "Polygon", "coordinates": [[[99.9151544964, 22.3087490891], [99.9512426398, 22.367181451], [99.8628865997, 22.4022271923], [99.8614218332, 22.4308982354], [99.8543329112, 22.4461484812], [99.8432131861, 22.459182627], [99.807140647, 22.4807856447], [99.7756725369, 22.4886893898], [99.7578070026, 22.4869519496], [99.7265098764, 22.4712384382], [99.8401235267, 22.3620674669], [99.9151544964, 22.3087490891]]]}}, {"type": "Feature", "properties": {"area_id": 347200, "parent_id": 3472, "name": "Baoshan Yunduan Airport", "kind": "polygon", "radius_m": 13173, "lat": 25.11035853795, "lng": 99.16580469835}, "geometry": {"type": "Polygon", "coordinates": [[[99.2046195007, 25.1171705093], [99.2396186447, 25.197148959], [99.1674394954, 25.2142983458], [99.1607219684, 25.125923932], [99.1289085341, 25.1155751612], [99.1151161438, 25.1046422625], [99.10492107, 25.0908487029], [99.0990173684, 25.0751352801], [99.091990752, 25.0376830277], [99.0953952872, 25.021373967], [99.1033406935, 25.0064187301], [99.2046195007, 25.1171705093]]]}}, {"type": "Feature", "properties": {"area_id": 347201, "parent_id": 3472, "name": "Baoshan Yunduan Airport", "kind": "polygon", "radius_m": 13193, "lat": 25.0039357118, "lng": 99.16601412290001}, "geometry": {"type": "Polygon", "coordinates": [[[99.0954000671, 24.9044848048], [99.1642238475, 24.8907009143], [99.1742554722, 24.9757251398], [99.2060133981, 24.986034818], [99.2198115765, 24.9969478811], [99.2359589365, 25.0264284515], [99.2366281787, 25.0780818995], [99.2189779241, 25.1068521421], [99.2046195007, 25.1171705093], [99.1033406935, 25.0064187301], [99.1304119945, 24.9844819157], [99.0954000671, 24.9044848048]]]}}, {"type": "Feature", "properties": {"area_id": 3276500, "parent_id": 32765, "name": "临沧机场", "kind": "polygon", "radius_m": 14069, "lat": 23.7799966569, "lng": 99.97731131255}, "geometry": {"type": "Polygon", "coordinates": [[[100.012359869, 23.8127522469], [99.9857094096, 23.8944124584], [99.9186557201, 23.8686053586], [99.968646329, 23.7968927517], [99.9508356542, 23.7714891831], [99.9472359703, 23.7552211822], [99.9483594667, 23.738654831], [99.9674479317, 23.6996107756], [99.9851073357, 23.6796680966], [100.000507141, 23.6709166755], [100.035966905, 23.6655808554], [100.012359869, 23.8127522469]]]}}, {"type": "Feature", "properties": {"area_id": 3276501, "parent_id": 32765, "name": "临沧机场", "kind": "polygon", "radius_m": 14073, "lat": 23.69831575345, "lng": 100.0710230555}, "geometry": {"type": "Polygon", "coordinates": [[[100.066040662, 23.58387926], [100.129686242, 23.6131130503], [100.078026148, 23.6848122309], [100.094377827, 23.7067001207], [100.099021816, 23.7227445383], [100.094230798, 23.7553635107], [100.080885536, 23.7787233213], [100.063262241, 23.7986372886], [100.030493062, 23.8122151172], [100.012359869, 23.8127522469], [100.035966905, 23.6655808554], [100.066040662, 23.58387926]]]}}, {"type": "Feature", "properties": {"area_id": 1549800, "parent_id": 15498, "name": "Tengchong Tuofeng Airport", "kind": "polygon", "radius_m": 14232, "lat": 24.90083120005, "lng": 98.50411028754999}, "geometry": {"type": "Polygon", "coordinates": [[[98.4505619665, 24.7825722293], [98.5211153385, 24.7825851276], [98.5077851222, 24.8675880234], [98.5343828387, 24.8810973614], [98.5463158195, 24.8936800593], [98.5576560112, 24.924944165], [98.5576586086, 24.956667127], [98.5493488171, 24.9882808525], [98.5386586558, 25.0017577001], [98.507784778, 25.0190901708], [98.4605190589, 24.8676376631], [98.4505619665, 24.7825722293]]]}}, {"type": "Feature", "properties": {"area_id": 1549801, "parent_id": 15498, "name": "Tengchong Tuofeng Airport", "kind": "polygon", "radius_m": 14109, "lat": 24.98502871355, "lng": 98.46839612725}, "geometry": {"type": "Polygon", "coordinates": [[[98.507784778, 25.0190901708], [98.5211169468, 25.1024164438], [98.4505524471, 25.102419764], [98.460526986, 25.0173868179], [98.4350849641, 25.0020060968], [98.4242698095, 24.9886114049], [98.4176500904, 24.9731357367], [98.4156753077, 24.9283573967], [98.4216732617, 24.9011985904], [98.4312078867, 24.8870316961], [98.4605190589, 24.8676376631], [98.507784778, 25.0190901708]]]}}, {"type": "Feature", "properties": {"area_id": 404200, "parent_id": 4042, "name": "Mangshi Airport", "kind": "polygon", "radius_m": 14149, "lat": 24.35175955645, "lng": 98.498989925}, "geometry": {"type": "Polygon", "coordinates": [[[98.4619803232, 24.3668255484], [98.3869684663, 24.3135286221], [98.4368511184, 24.2654188961], [98.4918943384, 24.3370914893], [98.5093195449, 24.3314260775], [98.5453921248, 24.3331308097], [98.5618402511, 24.3402655999], [98.5906837135, 24.3610179346], [98.6019355521, 24.3745202084], [98.6110113837, 24.4063778161], [98.6013790822, 24.4381002168], [98.4619803232, 24.3668255484]]]}}, {"type": "Feature", "properties": {"area_id": 404201, "parent_id": 4042, "name": "Mangshi Airport", "kind": "polygon", "radius_m": 14157, "lat": 24.45069880715, "lng": 98.56699909625}, "geometry": {"type": "Polygon", "coordinates": [[[98.6796942476, 24.4864401798], [98.624752367, 24.5345720659], [98.5714495571, 24.4679101122], [98.5402654589, 24.4744611338], [98.5221955382, 24.4722212572], [98.5053797522, 24.4657991299], [98.4726123935, 24.4389481405], [98.4575423725, 24.4153209818], [98.4543039449, 24.3989868198], [98.4619803232, 24.3668255484], [98.6013790822, 24.4381002168], [98.6796942476, 24.4864401798]]]}}, {"type": "Feature", "properties": {"area_id": 58200, "parent_id": 582, "name": "Diqing Airport", "kind": "polygon", "radius_m": 15018, "lat": 27.750013117549997, "lng": 99.7251699631}, "geometry": {"type": "Polygon", "coordinates": [[[99.6857845229, 27.7084751311], [99.7045940661, 27.624180307], [99.7801268787, 27.6486591337], [99.733090287, 27.7237965823], [99.7564329269, 27.7493554781], [99.7617535149, 27.765271919], [99.7622381709, 27.7818646179], [99.7433028218, 27.8332248353], [99.7224456267, 27.8604830053], [99.7067732419, 27.8696227743], [99.6702130475, 27.8758459281], [99.6857845229, 27.7084751311]]]}}, {"type": "Feature", "properties": {"area_id": 58201, "parent_id": 582, "name": "Diqing Airport", "kind": "polygon", "radius_m": 15019, "lat": 27.834301744199998, "lng": 99.63071586435}, "geometry": {"type": "Polygon", "coordinates": [[[99.6513598944, 27.9601283573], [99.5756472058, 27.9356463486], [99.6228533236, 27.8605233552], [99.6092351741, 27.8490444562], [99.5994705804, 27.8348687199], [99.5941898148, 27.8189410196], [99.5937509183, 27.8023473207], [99.6211590319, 27.7362240427], [99.6492764598, 27.7146889583], [99.6857845229, 27.7084751311], [99.6702130475, 27.8758459281], [99.6513598944, 27.9601283573]]]}}, {"type": "Feature", "properties": {"area_id": 4004502400, "parent_id": 40045024, "name": "甘孜格萨尔机场", "kind": "polygon", "radius_m": 14662, "lat": 31.74205602195, "lng": 99.61588830055001}, "geometry": {"type": "Polygon", "coordinates": [[[99.7143044545, 31.6530374292], [99.7487053562, 31.7122541002], [99.652030346, 31.7388365701], [99.6535025335, 31.7568590593], [99.649545433, 31.77311275], [99.6407727903, 31.7879414078], [99.6277808581, 31.8003335775], [99.5535897054, 31.8310746147], [99.5149729176, 31.8284736758], [99.4830712449, 31.8098076338], [99.6308067408, 31.7023123464], [99.7143044545, 31.6530374292]]]}}, {"type": "Feature", "properties": {"area_id": 4004502401, "parent_id": 40045024, "name": "甘孜格萨尔机场", "kind": "polygon", "radius_m": 14664, "lat": 31.770067197400003, "lng": 99.4979245279}, "geometry": {"type": "Polygon", "coordinates": [[[99.4830712449, 31.8098076338], [99.3994592948, 31.8590256011], [99.365042315, 31.7998033638], [99.4618834588, 31.77333366], [99.4604404863, 31.7552303223], [99.4644405947, 31.7389843809], [99.4732464714, 31.7241719658], [99.4862564406, 31.7118016094], [99.5603598675, 31.6811087937], [99.5989175497, 31.6836846204], [99.6308067408, 31.7023123464], [99.4830712449, 31.8098076338]]]}}, {"type": "Feature", "properties": {"area_id": 3233500, "parent_id": 32335, "name": "Pu'er Simao Airport", "kind": "polygon", "radius_m": 13728, "lat": 22.83667626765, "lng": 100.93336961899999}, "geometry": {"type": "Polygon", "coordinates": [[[100.976046614, 22.8691498303], [100.979375068, 22.9524821568], [100.908840378, 22.9490003554], [100.930515689, 22.8656785823], [100.902325202, 22.846568838], [100.892924925, 22.8324108176], [100.887822473, 22.8164927742], [100.88736417, 22.7998999123], [100.90078285, 22.7509232301], [100.911580902, 22.737644224], [100.942282454, 22.7208703785], [100.976046614, 22.8691498303]]]}}, {"type": "Feature", "properties": {"area_id": 3233501, "parent_id": 32335, "name": "Pu'er Simao Airport", "kind": "polygon", "radius_m": 14022, "lat": 22.750816529650002, "lng": 100.984150038}, "geometry": {"type": "Polygon", "coordinates": [[[100.937327119, 22.632483229], [101.009515971, 22.6410390945], [100.987847194, 22.7243679106], [101.013379449, 22.7408406546], [101.023566538, 22.7545242617], [101.029567796, 22.7701728359], [101.030972957, 22.7867204351], [101.017369876, 22.8388494692], [100.992565727, 22.8625299485], [100.976046614, 22.8691498303], [100.942282454, 22.7208703785], [100.937327119, 22.632483229]]]}}, {"type": "Feature", "properties": {"area_id": 263900, "parent_id": 2639, "name": "Xishuangbanna Gasa Airport", "kind": "polygon", "radius_m": 13969, "lat": 22.018339299650002, "lng": 100.72061744499999}, "geometry": {"type": "Polygon", "coordinates": [[[100.759106248, 22.0510360213], [100.742427751, 22.1360431677], [100.673682237, 22.1103077587], [100.717043829, 22.0370622352], [100.696374123, 22.0133028236], [100.690993166, 21.9974720957], [100.690215247, 21.9808895378], [100.699083496, 21.9413732731], [100.717893075, 21.91630075], [100.732764794, 21.9070739621], [100.767552653, 21.9006354316], [100.759106248, 22.0510360213]]]}}, {"type": "Feature", "properties": {"area_id": 263901, "parent_id": 2639, "name": "Xishuangbanna Gasa Airport", "kind": "polygon", "radius_m": 13852, "lat": 21.934175418800002, "lng": 100.805195465}, "geometry": {"type": "Polygon", "coordinates": [[[100.78253607, 21.8173148163], [100.851284682, 21.8362627632], [100.807977153, 21.9146727953], [100.826259518, 21.935130724], [100.832409707, 21.950717851], [100.830925272, 21.9836015251], [100.822584738, 22.0052902663], [100.806888841, 22.0308741669], [100.776770237, 22.0483050108], [100.759106248, 22.0510360213], [100.767552653, 21.9006354316], [100.78253607, 21.8173148163]]]}}, {"type": "Feature", "properties": {"area_id": 3277100, "parent_id": 32771, "name": "保安营", "kind": "polygon", "radius_m": 13875, "lat": 26.4896018558, "lng": 101.78733050150001}, "geometry": {"type": "Polygon", "coordinates": [[[101.745321512, 26.4780126406], [101.70030946, 26.4030055438], [101.767412405, 26.3789328219], [101.789074299, 26.462263193], [101.821824103, 26.4676716446], [101.83763405, 26.4763442272], [101.859253024, 26.5029681953], [101.874351543, 26.5561519659], [101.871143626, 26.5725003253], [101.863312551, 26.5875487065], [101.851390675, 26.6002708897], [101.745321512, 26.4780126406]]]}}, {"type": "Feature", "properties": {"area_id": 3277101, "parent_id": 32771, "name": "保安营", "kind": "polygon", "radius_m": 14026, "lat": 26.59036835495, "lng": 101.809081858}, "geometry": {"type": "Polygon", "coordinates": [[[101.896366002, 26.676975463], [101.825901626, 26.7027240693], [101.807592234, 26.6177372859], [101.774803239, 26.6123089112], [101.758984827, 26.6036213432], [101.737387124, 26.5769712576], [101.727400476, 26.5503352907], [101.721797714, 26.5218868457], [101.725221839, 26.5055738618], [101.745321512, 26.4780126406], [101.851390675, 26.6002708897], [101.896366002, 26.676975463]]]}}, {"type": "Feature", "properties": {"area_id": 62700, "parent_id": 627, "name": "Dali Airport", "kind": "polygon", "radius_m": 14313, "lat": 25.6067107709, "lng": 100.35456404749999}, "geometry": {"type": "Polygon", "coordinates": [[[100.311098867, 25.5691925807], [100.314519586, 25.483314916], [100.391872833, 25.4968413642], [100.35951869, 25.5776557697], [100.386679622, 25.5996306043], [100.394637203, 25.6145974635], [100.398029228, 25.6309114878], [100.396622728, 25.6474612216], [100.384583568, 25.693637865], [100.361107485, 25.7188528733], [100.326776279, 25.7301066258], [100.311098867, 25.5691925807]]]}}, {"type": "Feature", "properties": {"area_id": 62701, "parent_id": 627, "name": "Dali Airport", "kind": "polygon", "radius_m": 14312, "lat": 25.69258693275, "lng": 100.283285271}, "geometry": {"type": "Polygon", "coordinates": [[[100.32335169, 25.8159812848], [100.245823103, 25.8024530267], [100.278293123, 25.7216431692], [100.263037891, 25.7122096186], [100.243147369, 25.684605406], [100.239794263, 25.6682845901], [100.24124229, 25.6517377494], [100.253323089, 25.6056242719], [100.276804038, 25.5804298101], [100.311098867, 25.5691925807], [100.326776279, 25.7301066258], [100.32335169, 25.8159812848]]]}}, {"type": "Feature", "properties": {"area_id": 384000, "parent_id": 3840, "name": "Lijiang Airport", "kind": "polygon", "radius_m": 13693, "lat": 26.7269626159, "lng": 100.25194121749999}, "geometry": {"type": "Polygon", "coordinates": [[[100.334685262, 26.8186932346], [100.262493032, 26.8410114586], [100.245818702, 26.7560059268], [100.213139541, 26.7481938206], [100.198148802, 26.7383813648], [100.186515389, 26.7254373123], [100.170705458, 26.6852668204], [100.169197173, 26.6528201816], [100.175523054, 26.6372146424], [100.200352875, 26.6129137732], [100.316817185, 26.718589981], [100.293022254, 26.7437214006], [100.334685262, 26.8186932346]]]}}, {"type": "Feature", "properties": {"area_id": 384001, "parent_id": 3840, "name": "Lijiang Airport", "kind": "polygon", "radius_m": 13676, "lat": 26.6171247658, "lng": 100.239347513}, "geometry": {"type": "Polygon", "coordinates": [[[100.200352875, 26.6129137732], [100.155346126, 26.532898168], [100.227511088, 26.5156595506], [100.244191794, 26.6006686609], [100.276818513, 26.6084581976], [100.291804636, 26.618255442], [100.310950515, 26.6463681445], [100.3233489, 26.6861988937], [100.322470235, 26.7027785589], [100.316817185, 26.718589981], [100.200352875, 26.6129137732]]]}}, {"type": "Feature", "properties": {"area_id": 776900, "parent_id": 7769, "name": "Xichang Qingshan Airport", "kind": "polygon", "radius_m": 14555, "lat": 27.946667403550002, "lng": 102.205782923}, "geometry": {"type": "Polygon", "coordinates": [[[102.162222224, 27.9092217216], [102.153881934, 27.8242205833], [102.229517575, 27.8259678374], [102.209499465, 27.9109432585], [102.237248788, 27.9275569039], [102.248003256, 27.9411666342], [102.254406378, 27.9567713724], [102.257683912, 28.0083801077], [102.248972482, 28.0384789946], [102.237924369, 28.0519111668], [102.206128145, 28.0691142238], [102.162222224, 27.9092217216]]]}}, {"type": "Feature", "properties": {"area_id": 776901, "parent_id": 7769, "name": "Xichang Qingshan Airport", "kind": "polygon", "radius_m": 14567, "lat": 28.03166814695, "lng": 102.162173055}, "geometry": {"type": "Polygon", "coordinates": [[[102.214453186, 28.1541145723], [102.1388136, 28.152367375], [102.158822437, 28.0673776673], [102.13973676, 28.0590807149], [102.125809163, 28.0479260166], [102.109892924, 28.0181626191], [102.11064847, 27.971655351], [102.119389868, 27.9398139711], [102.130447721, 27.9263954295], [102.162222224, 27.9092217216], [102.206128145, 28.0691142238], [102.214453186, 28.1541145723]]]}}, {"type": "Feature", "properties": {"area_id": 3322400, "parent_id": 33224, "name": "泸沽湖", "kind": "polygon", "radius_m": 14843, "lat": 27.58741494525, "lng": 100.798778844}, "geometry": {"type": "Polygon", "coordinates": [[[100.923039428, 27.618008196], [100.873203762, 27.6695871431], [100.808196266, 27.6079198445], [100.778129903, 27.6159807066], [100.741647792, 27.6097992058], [100.687848903, 27.5684711117], [100.67451826, 27.5377538654], [100.674994616, 27.5211610023], [100.68029643, 27.5052427474], [100.846278472, 27.5569574736], [100.841387753, 27.5729794738], [100.923039428, 27.618008196]]]}}, {"type": "Feature", "properties": {"area_id": 3322401, "parent_id": 33224, "name": "泸沽湖", "kind": "polygon", "radius_m": 14698, "lat": 27.48368338485, "lng": 100.72247513549999}, "geometry": {"type": "Polygon", "coordinates": [[[100.68029643, 27.5052427474], [100.598625896, 27.4619806632], [100.645073237, 27.4104092961], [100.708414429, 27.4754096738], [100.740442714, 27.4667484693], [100.75910306, 27.4679200668], [100.776787236, 27.4733346703], [100.820646667, 27.4993073532], [100.841524483, 27.5243160486], [100.846324375, 27.5403592843], [100.846278472, 27.5569574736], [100.68029643, 27.5052427474]]]}}, {"type": "Feature", "properties": {"area_id": 3322600, "parent_id": 33226, "name": "亚丁", "kind": "polygon", "radius_m": 13627, "lat": 29.36614975705, "lng": 100.01393632235}, "geometry": {"type": "Polygon", "coordinates": [[[100.05923873, 29.4009830659], [100.042548619, 29.4859979027], [99.9686339147, 29.4670797155], [100.010312242, 29.3887720931], [99.9876880773, 29.3665038513], [99.9810228464, 29.3509553858], [99.979202944, 29.3344331334], [99.9823500828, 29.3180632522], [99.9973476771, 29.2814027199], [100.012479922, 29.2572650647], [100.026763459, 29.2463016114], [100.05923873, 29.4009830659]]]}}, {"type": "Feature", "properties": {"area_id": 3322601, "parent_id": 33226, "name": "亚丁", "kind": "polygon", "radius_m": 14246, "lat": 29.275838418299998, "lng": 100.08989794249999}, "geometry": {"type": "Polygon", "coordinates": [[[100.075751585, 29.1506937707], [100.153032426, 29.1695962361], [100.108012175, 29.2445451309], [100.133119417, 29.2699644253], [100.13997034, 29.3023299492], [100.125995967, 29.3519015333], [100.109486983, 29.3797378994], [100.077948161, 29.397850773], [100.05923873, 29.4009830659], [100.026763459, 29.2463016114], [100.062459034, 29.2356669431], [100.075751585, 29.1506937707]]]}}, {"type": "Feature", "properties": {"area_id": 3277400, "parent_id": 32774, "name": "康定", "kind": "polygon", "radius_m": 15095, "lat": 30.1039366878, "lng": 101.79099372350001}, "geometry": {"type": "Polygon", "coordinates": [[[101.802755497, 29.9855113676], [101.869778248, 30.018192092], [101.804783671, 30.0848985052], [101.823119201, 30.1140549471], [101.825099647, 30.1305645558], [101.822071885, 30.1469549582], [101.814239924, 30.1621088467], [101.767514198, 30.2119877349], [101.731368127, 30.222362008], [101.712209199, 30.2211635624], [101.762719667, 30.0655187364], [101.802755497, 29.9855113676]]]}}, {"type": "Feature", "properties": {"area_id": 3277401, "parent_id": 32774, "name": "康定", "kind": "polygon", "radius_m": 15187, "lat": 30.1841614003, "lng": 101.684801335}, "geometry": {"type": "Polygon", "coordinates": [[[101.712209199, 30.2211635624], [101.677292048, 30.3028040642], [101.606883003, 30.2684604956], [101.670219341, 30.2018100022], [101.653939258, 30.1720749674], [101.652991693, 30.1554969591], [101.657038175, 30.1392717451], [101.68411456, 30.092862291], [101.707211943, 30.0732999844], [101.724707135, 30.0664982322], [101.762719667, 30.0655187364], [101.712209199, 30.2211635624]]]}}, {"type": "Feature", "properties": {"area_id": 3323000, "parent_id": 33230, "name": "玛沁", "kind": "polygon", "radius_m": 14562, "lat": 34.39936863125, "lng": 100.363132776}, "geometry": {"type": "Polygon", "coordinates": [[[100.446771149, 34.3070772446], [100.491416066, 34.3621343958], [100.393075173, 34.3954841457], [100.39257885, 34.4251171179], [100.385114911, 34.4405314939], [100.373064647, 34.4538263456], [100.322203945, 34.4841160492], [100.290842237, 34.4916600179], [100.270740899, 34.4906551895], [100.234849486, 34.4762342544], [100.349225536, 34.3506064769], [100.36676005, 34.3587276113], [100.446771149, 34.3070772446]]]}}, {"type": "Feature", "properties": {"area_id": 3323001, "parent_id": 33230, "name": "玛沁", "kind": "polygon", "radius_m": 14740, "lat": 34.4398123645, "lng": 100.2305842515}, "geometry": {"type": "Polygon", "coordinates": [[[100.234849486, 34.4762342544], [100.151527182, 34.5329204624], [100.111942967, 34.4728123574], [100.205277807, 34.4394773008], [100.207086244, 34.4084976118], [100.215387169, 34.3933783863], [100.228144105, 34.3805459262], [100.279444018, 34.3558932915], [100.309642735, 34.3467042666], [100.349225536, 34.3506064769], [100.234849486, 34.4762342544]]]}}, {"type": "Feature", "properties": {"area_id": 780900, "parent_id": 7809, "name": "Xining Caojiabu Airport", "kind": "polygon", "radius_m": 14260, "lat": 36.5369743975, "lng": 101.97872067}, "geometry": {"type": "Polygon", "coordinates": [[[101.957844861, 36.574505466], [101.862896114, 36.6145424843], [101.833689659, 36.5526425156], [101.940403449, 36.5342550173], [101.948829689, 36.5075872702], [101.960447037, 36.4938653118], [101.976082266, 36.4830261444], [102.03463408, 36.4624835251], [102.071360301, 36.4594063107], [102.091291271, 36.4637136939], [102.123751681, 36.4837610756], [101.957844861, 36.574505466]]]}}, {"type": "Feature", "properties": {"area_id": 780901, "parent_id": 7809, "name": "Xining Caojiabu Airport", "kind": "polygon", "radius_m": 14070, "lat": 36.5210578162, "lng": 102.1003701345}, "geometry": {"type": "Polygon", "coordinates": [[[102.21881511, 36.4438020822], [102.242895408, 36.5107809323], [102.137916887, 36.5257588465], [102.131054478, 36.5507207277], [102.120239881, 36.5648642562], [102.087054299, 36.5841766394], [102.043682351, 36.5958545521], [102.010701798, 36.5983135502], [101.990666668, 36.5942192046], [101.957844861, 36.574505466], [102.123751681, 36.4837610756], [102.21881511, 36.4438020822]]]}}, {"type": "Feature", "properties": {"area_id": 960001568, "parent_id": 960001568, "name": "无人机管控区域", "kind": "circle", "radius_m": 500, "lat": 36.62274787807755, "lng": 101.77851162114428}, "geometry": {"type": "Polygon", "coordinates": [[[101.77851162114428, 36.627239433952504], [101.77924209683198, 36.62720100806934], [101.77996007387814, 36.627086387897386], [101.78065326749645, 36.62689753461955], [101.78130981695189, 36.62663767956778], [101.78191848850125, 36.626311268934046], [101.78246886760557, 36.6259238876948], [101.78295153712578, 36.62548216405046], [101.78335823845258, 36.62499365601502], [101.7836820128135, 36.624466722096436], [101.78391732033944, 36.62391037828013], [101.78406013485342, 36.623334143763046], [101.78410801275949, 36.62274787807755], [101.78406013485342, 36.62216161239205], [101.78391732033944, 36.621585377874965], [101.7836820128135, 36.62102903405866], [101.78335823845258, 36.62050210014007], [101.78295153712578, 36.620013592104634], [101.78246886760557, 36.61957186846029], [101.78191848850125, 36.61918448722105], [101.78130981695189, 36.618858076587316], [101.78065326749645, 36.61859822153554], [101.77996007387814, 36.61840936825771], [101.77924209683198, 36.61829474808575], [101.77851162114428, 36.61825632220259], [101.77778114545657, 36.61829474808575], [101.77706316841041, 36.61840936825771], [101.7763699747921, 36.61859822153554], [101.77571342533666, 36.618858076587316], [101.7751047537873, 36.61918448722105], [101.77455437468298, 36.61957186846029], [101.77407170516277, 36.620013592104634], [101.77366500383597, 36.62050210014007], [101.77334122947505, 36.62102903405866], [101.77310592194911, 36.621585377874965], [101.77296310743513, 36.62216161239205], [101.77291522952906, 36.62274787807755], [101.77296310743513, 36.623334143763046], [101.77310592194911, 36.62391037828013], [101.77334122947505, 36.624466722096436], [101.77366500383597, 36.62499365601502], [101.77407170516277, 36.62548216405046], [101.77455437468298, 36.6259238876948], [101.7751047537873, 36.626311268934046], [101.77571342533666, 36.62663767956778], [101.7763699747921, 36.62689753461955], [101.77706316841041, 36.627086387897386], [101.77778114545657, 36.62720100806934], [101.77851162114428, 36.627239433952504]]]}}, {"type": "Feature", "properties": {"area_id": 960001591, "parent_id": 960001591, "name": "无人机管控区域", "kind": "circle", "radius_m": 500, "lat": 36.62888580772946, "lng": 101.7821084410601}, "geometry": {"type": "Polygon", "coordinates": [[[101.7821084410601, 36.63337736360442], [101.7828389749212, 36.633338937721255], [101.7835570091454, 36.6332243175493], [101.78425025796803, 36.633035464271465], [101.78490685970954, 36.63277560921969], [101.78551557973209, 36.63244919858596], [101.78606600266734, 36.63206181734672], [101.78654871062623, 36.631620093702374], [101.78695544434177, 36.631131585666935], [101.78727924448732, 36.63060465174835], [101.78751457075262, 36.63004830793204], [101.78765739664001, 36.62947207341496], [101.78770527835898, 36.62888580772946], [101.78765739664001, 36.62829954204396], [101.78751457075262, 36.62772330752688], [101.78727924448732, 36.62716696371057], [101.78695544434177, 36.626640029791986], [101.78654871062623, 36.62615152175655], [101.78606600266734, 36.625709798112204], [101.78551557973209, 36.62532241687296], [101.78490685970954, 36.62499600623923], [101.78425025796803, 36.624736151187456], [101.7835570091454, 36.62454729790962], [101.7828389749212, 36.624432677737666], [101.7821084410601, 36.624394251854504], [101.781377907199, 36.624432677737666], [101.78065987297481, 36.62454729790962], [101.77996662415218, 36.624736151187456], [101.77931002241067, 36.62499600623923], [101.77870130238811, 36.62532241687296], [101.77815087945287, 36.625709798112204], [101.77766817149397, 36.62615152175655], [101.77726143777844, 36.626640029791986], [101.77693763763288, 36.62716696371057], [101.77670231136759, 36.62772330752688], [101.77655948548019, 36.62829954204396], [101.77651160376122, 36.62888580772946], [101.77655948548019, 36.62947207341496], [101.77670231136759, 36.63004830793204], [101.77693763763288, 36.63060465174835], [101.77726143777844, 36.631131585666935], [101.77766817149397, 36.631620093702374], [101.77815087945287, 36.63206181734672], [101.77870130238811, 36.63244919858596], [101.77931002241067, 36.63277560921969], [101.77996662415218, 36.633035464271465], [101.78065987297481, 36.6332243175493], [101.781377907199, 36.633338937721255], [101.7821084410601, 36.63337736360442]]]}}, {"type": "Feature", "properties": {"area_id": 4002558100, "parent_id": 40025581, "name": "海北祁连机场", "kind": "polygon", "radius_m": 14091, "lat": 38.011918000099996, "lng": 100.70448767799999}, "geometry": {"type": "Polygon", "coordinates": [[[100.736964522, 37.9732597563], [100.840335472, 37.944345229], [100.856487382, 38.0091619363], [100.746934239, 38.0132537354], [100.742472527, 38.030958326], [100.732939874, 38.0457614657], [100.718862859, 38.0581156069], [100.681157664, 38.0723280364], [100.618812425, 38.0794907712], [100.579469343, 38.0683553426], [100.552487974, 38.0432184544], [100.736964522, 37.9732597563]]]}}, {"type": "Feature", "properties": {"area_id": 4002558101, "parent_id": 40025581, "name": "海北祁连机场", "kind": "polygon", "radius_m": 14091, "lat": 38.00457279145, "lng": 100.584948562}, "geometry": {"type": "Polygon", "coordinates": [[[100.449041453, 38.0720543803], [100.432932602, 38.0072341972], [100.542570247, 38.0033144954], [100.547090873, 37.9855442184], [100.556659129, 37.9707584906], [100.570751631, 37.958427209], [100.608425358, 37.9442594256], [100.670644845, 37.9370912026], [100.709941417, 37.9481741048], [100.736964522, 37.9732597563], [100.552487974, 38.0432184544], [100.449041453, 38.0720543803]]]}}, {"type": "Feature", "properties": {"area_id": 933800, "parent_id": 9338, "name": "Zhangye Southeast Air Base Airport", "kind": "polygon", "radius_m": 13856, "lat": 38.82036636915, "lng": 100.5969730165}, "geometry": {"type": "Polygon", "coordinates": [[[100.584607333, 38.8578626355], [100.491334206, 38.9028988468], [100.456981102, 38.8376435494], [100.563639653, 38.8159871362], [100.569989186, 38.7865396457], [100.580832138, 38.7722549586], [100.596043331, 38.7606430566], [100.642863886, 38.7425119243], [100.681682586, 38.7378338915], [100.70244672, 38.7414659704], [100.736964931, 38.7604014419], [100.584607333, 38.8578626355]]]}}, {"type": "Feature", "properties": {"area_id": 933801, "parent_id": 9338, "name": "Zhangye Southeast Air Base Airport", "kind": "polygon", "radius_m": 13846, "lat": 38.7982492637, "lng": 100.724670811}, "geometry": {"type": "Polygon", "coordinates": [[[100.833725174, 38.7171119662], [100.864734289, 38.7756263514], [100.761393072, 38.7973041777], [100.755097042, 38.8267351717], [100.744269858, 38.8410309336], [100.729056807, 38.8526550069], [100.678772311, 38.8741651874], [100.640663698, 38.8793865612], [100.619751475, 38.8761513217], [100.584607333, 38.8578626355], [100.736964931, 38.7604014419], [100.833725174, 38.7171119662]]]}}, {"type": "Feature", "properties": {"area_id": 4004501600, "parent_id": 40045016, "name": "阿拉善右旗巴丹吉林机场", "kind": "polygon", "radius_m": 14366, "lat": 39.254135744, "lng": 101.485495586}, "geometry": {"type": "Polygon", "coordinates": [[[101.498642884, 39.2900442853], [101.429216711, 39.3577475092], [101.370830916, 39.309557296], [101.462707916, 39.2603625845], [101.454411819, 39.2433767134], [101.452542798, 39.2268417259], [101.456261556, 39.2104954416], [101.479072121, 39.1827334611], [101.518247096, 39.1575685681], [101.559706481, 39.1505239788], [101.600160256, 39.1604838828], [101.498642884, 39.2900442853]]]}}, {"type": "Feature", "properties": {"area_id": 4004501601, "parent_id": 40045016, "name": "阿拉善右旗巴丹吉林机场", "kind": "polygon", "radius_m": 14363, "lat": 39.1963778114, "lng": 101.613146551}, "geometry": {"type": "Polygon", "coordinates": [[[101.669393592, 39.0927136826], [101.727650218, 39.1408933706], [101.63611328, 39.1901986627], [101.644404075, 39.2070607869], [101.646347152, 39.2235906136], [101.642701069, 39.2399468126], [101.619986153, 39.2677649341], [101.580707993, 39.2930069561], [101.539161644, 39.3000419402], [101.498642884, 39.2900442853], [101.600160256, 39.1604838828], [101.669393592, 39.0927136826]]]}}, {"type": "Feature", "properties": {"area_id": 4004501800, "parent_id": 40045018, "name": "阿拉善额济纳旗桃来机场", "kind": "polygon", "radius_m": 13750, "lat": 42.031354864549996, "lng": 100.9327552135}, "geometry": {"type": "Polygon", "coordinates": [[[100.92866824, 42.0668140046], [100.834866925, 42.1180115335], [100.793219139, 42.0596441891], [100.903039863, 42.0308780874], [100.90070588, 42.0128053302], [100.904672021, 41.9964708408], [100.914188396, 41.9814551696], [100.946934737, 41.9593085126], [100.990901987, 41.9446981956], [101.035097694, 41.9463316706], [101.072291288, 41.964169122], [100.92866824, 42.0668140046]]]}}, {"type": "Feature", "properties": {"area_id": 4004501801, "parent_id": 40045018, "name": "阿拉善额济纳旗桃来机场", "kind": "polygon", "radius_m": 13747, "lat": 41.9996307847, "lng": 101.0680903455}, "geometry": {"type": "Polygon", "coordinates": [[[101.165893485, 41.9128731568], [101.207512451, 41.9712305633], [101.097980119, 42.000174576], [101.100363822, 42.0181377681], [101.096472339, 42.0344823441], [101.087014774, 42.0495212669], [101.054305754, 42.071736145], [101.010169053, 42.0863884126], [100.965878769, 42.0847130094], [100.92866824, 42.0668140046], [101.072291288, 41.964169122], [101.165893485, 41.9128731568]]]}}, {"type": "Feature", "properties": {"area_id": 960001566, "parent_id": 960001566, "name": "无人机管控区域", "kind": "circle", "radius_m": 500, "lat": 25.04955613197852, "lng": 102.70807091101773}, "geometry": {"type": "Polygon", "coordinates": [[[102.70807091101773, 25.054047687853476], [102.70871804487234, 25.054009261970318], [102.70935410608728, 25.053894641798358], [102.7099682114788, 25.05370578852052], [102.71054985353341, 25.053445933468748], [102.71108908019428, 25.05311952283502], [102.71157666514375, 25.05273214159578], [102.71200426566814, 25.05229041795143], [102.71236456540393, 25.051801909915998], [102.71265139952274, 25.05127497599741], [102.7128598602133, 25.0507186321811], [102.71298638065535, 25.050142397664022], [102.71302879604909, 25.04955613197852], [102.71298638065535, 25.048969866293017], [102.7128598602133, 25.04839363177594], [102.71265139952274, 25.04783728795963], [102.71236456540393, 25.04731035404104], [102.71200426566814, 25.04682184600561], [102.71157666514375, 25.04638012236126], [102.71108908019428, 25.04599274112202], [102.71054985353341, 25.04566633048829], [102.7099682114788, 25.04540647543652], [102.70935410608728, 25.04521762215868], [102.70871804487234, 25.04510300198672], [102.70807091101773, 25.045064576103563], [102.70742377716311, 25.04510300198672], [102.70678771594818, 25.04521762215868], [102.70617361055666, 25.04540647543652], [102.70559196850205, 25.04566633048829], [102.70505274184117, 25.04599274112202], [102.7045651568917, 25.04638012236126], [102.70413755636731, 25.04682184600561], [102.70377725663153, 25.04731035404104], [102.70349042251271, 25.04783728795963], [102.70328196182216, 25.04839363177594], [102.7031554413801, 25.048969866293017], [102.70311302598637, 25.04955613197852], [102.7031554413801, 25.050142397664022], [102.70328196182216, 25.0507186321811], [102.70349042251271, 25.05127497599741], [102.70377725663153, 25.051801909915998], [102.70413755636731, 25.05229041795143], [102.7045651568917, 25.05273214159578], [102.70505274184117, 25.05311952283502], [102.70559196850205, 25.053445933468748], [102.70617361055666, 25.05370578852052], [102.70678771594818, 25.053894641798358], [102.70742377716311, 25.054009261970318], [102.70807091101773, 25.054047687853476]]]}}, {"type": "Feature", "properties": {"area_id": 960001589, "parent_id": 960001589, "name": "无人机管控区域", "kind": "circle", "radius_m": 500, "lat": 25.006291867043878, "lng": 102.67643251089093}, "geometry": {"type": "Polygon", "coordinates": [[[102.67643251089093, 25.010783422918834], [102.67707941663298, 25.010744997035676], [102.67771525363841, 25.010630376863716], [102.67832914255979, 25.01044152358588], [102.67891057958748, 25.010181668534106], [102.67944961617272, 25.009855257900377], [102.67993702925008, 25.009467876661137], [102.68036447904669, 25.009026153016787], [102.680724651778, 25.008537644981356], [102.68101138478872, 25.008010711062767], [102.68121977199756, 25.007454367246456], [102.68134624784157, 25.00687813272938], [102.68138864828403, 25.006291867043878], [102.68134624784157, 25.005705601358375], [102.68121977199756, 25.0051293668413], [102.68101138478872, 25.00457302302499], [102.680724651778, 25.0040460891064], [102.68036447904669, 25.003557581070968], [102.67993702925008, 25.003115857426618], [102.67944961617272, 25.00272847618738], [102.67891057958748, 25.00240206555365], [102.67832914255979, 25.002142210501876], [102.67771525363841, 25.00195335722404], [102.67707941663298, 25.00183873705208], [102.67643251089093, 25.00180031116892], [102.67578560514889, 25.00183873705208], [102.67514976814346, 25.00195335722404], [102.67453587922208, 25.002142210501876], [102.67395444219439, 25.00240206555365], [102.67341540560915, 25.00272847618738], [102.67292799253178, 25.003115857426618], [102.67250054273518, 25.003557581070968], [102.67214037000387, 25.0040460891064], [102.67185363699315, 25.00457302302499], [102.6716452497843, 25.0051293668413], [102.67151877394029, 25.005705601358375], [102.67147637349784, 25.006291867043878], [102.67151877394029, 25.00687813272938], [102.6716452497843, 25.007454367246456], [102.67185363699315, 25.008010711062767], [102.67214037000387, 25.008537644981356], [102.67250054273518, 25.009026153016787], [102.67292799253178, 25.009467876661137], [102.67341540560915, 25.009855257900377], [102.67395444219439, 25.010181668534106], [102.67453587922208, 25.01044152358588], [102.67514976814346, 25.010630376863716], [102.67578560514889, 25.010744997035676], [102.67643251089093, 25.010783422918834]]]}}, {"type": "Feature", "properties": {"area_id": 1091400, "parent_id": 10914, "name": "Kunming Changshui International Airport", "kind": "polygon", "radius_m": 15015, "lat": 25.05351861885, "lng": 102.9141795665}, "geometry": {"type": "Polygon", "coordinates": [[[103.016406196, 25.1515830149], [102.80674191776245, 25.000298772162083], [102.800278319, 24.9950428411], [102.858707678, 24.9554542228], [102.908735102, 25.0271280616], [102.942064161, 25.0250649257], [102.959548735, 25.0300152386], [102.975025599, 25.0388955967], [103.012441033, 25.0761037728], [103.026875159, 25.1038514], [103.028080814, 25.1204136989], [103.016406196, 25.1515830149]]]}}, {"type": "Feature", "properties": {"area_id": 1091401, "parent_id": 10914, "name": "Kunming Changshui International Airport", "kind": "polygon", "radius_m": 20078, "lat": 25.13241756693104, "lng": 102.938335549}, "geometry": {"type": "Polygon", "coordinates": [[[103.05885872302204, 25.230930233081917], [103.011255997, 25.2645363617], [102.966289217, 25.1928785051], [102.930594239, 25.1968204157], [102.912907769, 25.1924185303], [102.884205168, 25.1722059539], [102.865885992, 25.1472228847], [102.850506547, 25.1175438633], [102.849646273, 25.1009639135], [102.861960619, 25.0699986746], [102.790279545, 25.0117377895], [102.80674191776245, 25.000298772162083], [103.016406196, 25.1515830149], [103.086391553, 25.213319772], [103.05885872302204, 25.230930233081917]]]}}, {"type": "Feature", "properties": {"area_id": 873600, "parent_id": 8736, "name": "Zhaotong Airport", "kind": "polygon", "radius_m": 14785, "lat": 27.37827547205, "lng": 103.788480292}, "geometry": {"type": "Polygon", "coordinates": [[[103.831972191, 27.3704282645], [103.906622716, 27.4254173977], [103.848135062, 27.4714472364], [103.795563664, 27.399102553], [103.758569718, 27.4054641603], [103.740268785, 27.4020690315], [103.709651434, 27.3835152284], [103.677937681, 27.3485890454], [103.671750298, 27.3329272005], [103.670337868, 27.3163764621], [103.681882792, 27.2851037077], [103.831972191, 27.3704282645]]]}}, {"type": "Feature", "properties": {"area_id": 873601, "parent_id": 8736, "name": "Zhaotong Airport", "kind": "polygon", "radius_m": 14840, "lat": 27.277257448649998, "lng": 103.72469789600001}, "geometry": {"type": "Polygon", "coordinates": [[[103.607389225, 27.2301108663], [103.665784787, 27.1840866328], [103.718221704, 27.256482216], [103.736485179, 27.2510579587], [103.773405338, 27.2534969623], [103.790080453, 27.2609645848], [103.824820284, 27.2928540134], [103.842006567, 27.3225878795], [103.840034062, 27.3554536834], [103.831972191, 27.3704282645], [103.681882792, 27.2851037077], [103.607389225, 27.2301108663]]]}}, {"type": "Feature", "properties": {"area_id": 207500, "parent_id": 2075, "name": "Chengdu Shuangliu International Airport", "kind": "polygon", "radius_m": 16207, "lat": 30.498777247710834, "lng": 103.934154546}, "geometry": {"type": "Polygon", "coordinates": [[[104.01781314788774, 30.625273730521663], [103.86467125064392, 30.43376292924693], [103.83859142, 30.3946698157], [103.910800778, 30.3722807649], [103.934140602, 30.4539507422], [103.966506061, 30.4601482735], [103.982656199, 30.4691882803], [103.995544808, 30.4815217131], [104.020961143, 30.5246488596], [104.025358279, 30.5542846249], [104.02235937119654, 30.56479294082275], [104.02429484, 30.5679820605], [104.029715998, 30.5848899508], [104.029717672, 30.6014881899], [104.024727416, 30.6175211361], [104.01781314788774, 30.625273730521663]]]}}, {"type": "Feature", "properties": {"area_id": 207501, "parent_id": 2075, "name": "Chengdu Shuangliu International Airport", "kind": "polygon", "radius_m": 19193, "lat": 30.587402591623466, "lng": 103.948334929}, "geometry": {"type": "Polygon", "coordinates": [[[104.02835296760682, 30.681509054739845], [104.054747997, 30.7186591259], [103.97917819, 30.741042254], [103.959242141, 30.65941046], [103.92455629, 30.6540012035], [103.894863866, 30.6332495029], [103.869038739, 30.5886855113], [103.863616707, 30.5717224504], [103.863639606, 30.5551242229], [103.86695542413237, 30.544516367228127], [103.865691516, 30.5419882567], [103.861317337, 30.5122540097], [103.865948717, 30.4961425674], [103.87378107154048, 30.48698864498647], [103.841921861, 30.4413436021], [103.86467125064392, 30.43376292924693], [104.01781314788774, 30.625273730521663], [104.051418084, 30.6736457323], [104.02835296760682, 30.681509054739845]]]}}, {"type": "Feature", "properties": {"area_id": 95000, "parent_id": 950, "name": "机场禁飞区", "kind": "polygon", "radius_m": 14940, "lat": 32.4891205451, "lng": 102.398835872}, "geometry": {"type": "Polygon", "coordinates": [[[102.355064583, 32.4467898984], [102.368578695, 32.3615047172], [102.448077119, 32.3812897596], [102.404669715, 32.4591263149], [102.420114391, 32.4699041155], [102.431475892, 32.4834553339], [102.438295433, 32.4990250115], [102.440106182, 32.5155528569], [102.415513176, 32.5857715553], [102.387484385, 32.6086981062], [102.349594625, 32.616736373], [102.355064583, 32.4467898984]]]}}, {"type": "Feature", "properties": {"area_id": 95001, "parent_id": 950, "name": "机场禁飞区", "kind": "polygon", "radius_m": 14942, "lat": 32.57440053055, "lng": 102.30568466599999}, "geometry": {"type": "Polygon", "coordinates": [[[102.336045756, 32.7020111627], [102.256304749, 32.6822228533], [102.299910014, 32.6043987338], [102.28436947, 32.5935337586], [102.273037836, 32.5799565149], [102.266265587, 32.5643702739], [102.264512127, 32.5478379642], [102.289220004, 32.4777123772], [102.317238308, 32.4548122309], [102.355064583, 32.4467898984], [102.349594625, 32.616736373], [102.336045756, 32.7020111627]]]}}, {"type": "Feature", "properties": {"area_id": 276100, "parent_id": 2761, "name": "Jiuzhai Huanglong Airport", "kind": "polygon", "radius_m": 14222, "lat": 32.90114832555, "lng": 103.6847125675}, "geometry": {"type": "Polygon", "coordinates": [[[103.731247226, 32.924791961], [103.771481484, 33.0037933627], [103.688887481, 33.0213107441], [103.679529763, 32.9357753683], [103.642040711, 32.9262227314], [103.626758635, 32.9156898561], [103.615248491, 32.9021944976], [103.598063518, 32.8525626347], [103.597943651, 32.8197009683], [103.605437203, 32.8043439821], [103.633019754, 32.780985907], [103.731247226, 32.924791961]]]}}, {"type": "Feature", "properties": {"area_id": 276101, "parent_id": 2761, "name": "Jiuzhai Huanglong Airport", "kind": "polygon", "radius_m": 14222, "lat": 32.80463790979999, "lng": 103.679605336}, "geometry": {"type": "Polygon", "coordinates": [[[103.592925876, 32.7019983139], [103.675270548, 32.6844838586], [103.684607844, 32.770027038], [103.721952748, 32.7795183725], [103.737240933, 32.7900209207], [103.748778486, 32.8034909576], [103.766093287, 32.853192853], [103.766284796, 32.8860257825], [103.758820877, 32.901395314], [103.731247226, 32.924791961], [103.633019754, 32.780985907], [103.592925876, 32.7019983139]]]}}, {"type": "Feature", "properties": {"area_id": 3323200, "parent_id": 33232, "name": "夏河", "kind": "polygon", "radius_m": 13604, "lat": 34.819571104999994, "lng": 102.5655321715}, "geometry": {"type": "Polygon", "coordinates": [[[102.539409432, 34.8561342736], [102.44273809, 34.8878271857], [102.423824008, 34.8241917574], [102.527167307, 34.8175155095], [102.537544854, 34.7902049846], [102.549937872, 34.7770939597], [102.566036277, 34.7670622033], [102.639544352, 34.7513150243], [102.678412576, 34.7592809952], [102.707240335, 34.7821387008], [102.539409432, 34.8561342736]]]}}, {"type": "Feature", "properties": {"area_id": 3323201, "parent_id": 33232, "name": "夏河", "kind": "polygon", "radius_m": 13477, "lat": 34.8181835841, "lng": 102.679444063}, "geometry": {"type": "Polygon", "coordinates": [[[102.800563151, 34.7504957221], [102.819478694, 34.815837243], [102.719535448, 34.8207818522], [102.707429558, 34.8498749985], [102.694332057, 34.8625236831], [102.677687427, 34.8719576498], [102.623604178, 34.8858714461], [102.586742664, 34.8854608106], [102.567989087, 34.8792293243], [102.551844315, 34.8692261715], [102.539409432, 34.8561342736], [102.707240335, 34.7821387008], [102.800563151, 34.7504957221]]]}}, {"type": "Feature", "properties": {"area_id": 381400, "parent_id": 3814, "name": "Lanzhou Zhongchuan Airport", "kind": "polygon", "radius_m": 14455, "lat": 36.55582257425, "lng": 103.59625032}, "geometry": {"type": "Polygon", "coordinates": [[[103.642909639, 36.5924476361], [103.652905787, 36.6774397013], [103.568676228, 36.6740100414], [103.590364634, 36.5923683364], [103.571673723, 36.5844405081], [103.5456225, 36.5590338232], [103.539594853, 36.5431575839], [103.540549489, 36.4932870271], [103.550948555, 36.4639822563], [103.563449733, 36.450776014], [103.59879886, 36.4342054472], [103.642909639, 36.5924476361]]]}}, {"type": "Feature", "properties": {"area_id": 381401, "parent_id": 3814, "name": "Lanzhou Zhongchuan Airport", "kind": "polygon", "radius_m": 14391, "lat": 36.47082698915, "lng": 103.6466187435}, "geometry": {"type": "Polygon", "coordinates": [[[103.592119796, 36.3492063422], [103.672978587, 36.3526486324], [103.651300868, 36.4343001074], [103.683783146, 36.4533729468], [103.69461186, 36.4675027629], [103.700527384, 36.4834048054], [103.701117691, 36.533380645], [103.690786801, 36.5626162867], [103.678296916, 36.5758404563], [103.642909639, 36.5924476361], [103.59879886, 36.4342054472], [103.592119796, 36.3492063422]]]}}, {"type": "Feature", "properties": {"area_id": 960001582, "parent_id": 960001582, "name": "无人机管控区域", "kind": "circle", "radius_m": 500, "lat": 36.06089212549587, "lng": 103.82441099051965}, "geometry": {"type": "Polygon", "coordinates": [[[103.82441099051965, 36.065383681370825], [103.82513621514872, 36.065345255487664], [103.82584903098329, 36.06523063531571], [103.82653724154684, 36.06504178203787], [103.82718907136581, 36.0647819269861], [103.82779336745128, 36.06445551635237], [103.82833979012966, 36.064068135113125], [103.82881898995745, 36.06362641146878], [103.82922276769274, 36.06313790343334], [103.82954421458652, 36.06261096951476], [103.8297778305933, 36.06205462569845], [103.82991961847847, 36.06147839118137], [103.82996715221198, 36.06089212549587], [103.82991961847847, 36.06030585981037], [103.8297778305933, 36.059729625293286], [103.82954421458652, 36.05917328147698], [103.82922276769274, 36.058646347558394], [103.82881898995745, 36.058157839522956], [103.82833979012966, 36.05771611587861], [103.82779336745128, 36.05732873463937], [103.82718907136581, 36.05700232400564], [103.82653724154684, 36.056742468953864], [103.82584903098329, 36.05655361567603], [103.82513621514872, 36.056438995504074], [103.82441099051965, 36.05640056962091], [103.82368576589059, 36.056438995504074], [103.82297295005601, 36.05655361567603], [103.82228473949246, 36.056742468953864], [103.8216329096735, 36.05700232400564], [103.82102861358803, 36.05732873463937], [103.82048219090964, 36.05771611587861], [103.82000299108185, 36.058157839522956], [103.81959921334656, 36.058646347558394], [103.81927776645279, 36.05917328147698], [103.819044150446, 36.059729625293286], [103.81890236256083, 36.06030585981037], [103.81885482882733, 36.06089212549587], [103.81890236256083, 36.06147839118137], [103.819044150446, 36.06205462569845], [103.81927776645279, 36.06261096951476], [103.81959921334656, 36.06313790343334], [103.82000299108185, 36.06362641146878], [103.82048219090964, 36.064068135113125], [103.82102861358803, 36.06445551635237], [103.8216329096735, 36.0647819269861], [103.82228473949246, 36.06504178203787], [103.82297295005601, 36.06523063531571], [103.82368576589059, 36.065345255487664], [103.82441099051965, 36.065383681370825]]]}}, {"type": "Feature", "properties": {"area_id": 960001601, "parent_id": 960001601, "name": "无人机管控区域", "kind": "circle", "radius_m": 500, "lat": 36.05880449210923, "lng": 103.84383089253896}, "geometry": {"type": "Polygon", "coordinates": [[[103.84383089253896, 36.06329604798419], [103.84455609792766, 36.06325762210103], [103.8452688948511, 36.06314300192907], [103.8459570871563, 36.06295414865124], [103.84660889968208, 36.06269429359946], [103.84721317973545, 36.06236788296573], [103.84775958791712, 36.06198050172649], [103.84823877503166, 36.061538778082145], [103.84864254205463, 36.06105027004671], [103.84896398042035, 36.06052333612812], [103.84919759022927, 36.059966992311814], [103.84933937435277, 36.05939075779473], [103.8493869068252, 36.05880449210923], [103.84933937435277, 36.05821822642373], [103.84919759022927, 36.05764199190665], [103.84896398042035, 36.05708564809034], [103.84864254205463, 36.05655871417176], [103.84823877503166, 36.05607020613632], [103.84775958791712, 36.055628482491976], [103.84721317973545, 36.05524110125273], [103.84660889968208, 36.054914690619], [103.8459570871563, 36.05465483556723], [103.8452688948511, 36.05446598228939], [103.84455609792766, 36.05435136211744], [103.84383089253896, 36.054312936234275], [103.84310568715026, 36.05435136211744], [103.84239289022682, 36.05446598228939], [103.84170469792163, 36.05465483556723], [103.84105288539584, 36.054914690619], [103.84044860534247, 36.05524110125273], [103.8399021971608, 36.055628482491976], [103.83942301004626, 36.05607020613632], [103.83901924302329, 36.05655871417176], [103.83869780465757, 36.05708564809034], [103.83846419484865, 36.05764199190665], [103.83832241072516, 36.05821822642373], [103.83827487825272, 36.05880449210923], [103.83832241072516, 36.05939075779473], [103.83846419484865, 36.059966992311814], [103.83869780465757, 36.06052333612812], [103.83901924302329, 36.06105027004671], [103.83942301004626, 36.061538778082145], [103.8399021971608, 36.06198050172649], [103.84044860534247, 36.06236788296573], [103.84105288539584, 36.06269429359946], [103.84170469792163, 36.06295414865124], [103.84239289022682, 36.06314300192907], [103.84310568715026, 36.06325762210103], [103.84383089253896, 36.06329604798419]]]}}, {"type": "Feature", "properties": {"area_id": 264700, "parent_id": 2647, "name": "Jinchuan Airport", "kind": "polygon", "radius_m": 14796, "lat": 38.57018098225, "lng": 102.274529792}, "geometry": {"type": "Polygon", "coordinates": [[[102.288361917, 38.6062424343], [102.213375523, 38.6695919526], [102.160127799, 38.6146266079], [102.258447576, 38.572998477], [102.253365865, 38.5438721829], [102.258174144, 38.527705691], [102.268164072, 38.5130628804], [102.282652791, 38.5009404275], [102.346917151, 38.4707700119], [102.388931785, 38.4718702476], [102.288361917, 38.6062424343]]]}}, {"type": "Feature", "properties": {"area_id": 264701, "parent_id": 2647, "name": "Jinchuan Airport", "kind": "polygon", "radius_m": 14659, "lat": 38.5172796217, "lng": 102.412448805}, "geometry": {"type": "Polygon", "coordinates": [[[102.483289197, 38.4187414247], [102.536535693, 38.4720403579], [102.438217335, 38.5120027474], [102.443319057, 38.5410544085], [102.438541195, 38.5572265776], [102.42857049, 38.5718799553], [102.414084346, 38.5840147322], [102.349801063, 38.6141966064], [102.3286598, 38.6158178187], [102.288361917, 38.6062424343], [102.388931785, 38.4718702476], [102.40824026, 38.478726161], [102.483289197, 38.4187414247]]]}}, {"type": "Feature", "properties": {"area_id": 3277500, "parent_id": 32775, "name": "普者黑", "kind": "polygon", "radius_m": 13869, "lat": 23.607238453249998, "lng": 104.332050955}, "geometry": {"type": "Polygon", "coordinates": [[[104.374183823, 23.6220484885], [104.41802526, 23.6982483818], [104.346662966, 23.7208210175], [104.329805929, 23.6360969484], [104.311037886, 23.6348960716], [104.278971319, 23.620059019], [104.259306786, 23.5925172774], [104.24607665, 23.5509332727], [104.247098924, 23.5343615127], [104.252763779, 23.5185968609], [104.27618218, 23.493655889], [104.374183823, 23.6220484885]]]}}, {"type": "Feature", "properties": {"area_id": 3277501, "parent_id": 32775, "name": "普者黑", "kind": "polygon", "radius_m": 13869, "lat": 23.50847097905, "lng": 104.31833290200001}, "geometry": {"type": "Polygon", "coordinates": [[[104.232440575, 23.4174630962], [104.303663006, 23.3948934696], [104.320483905, 23.4796277825], [104.339174286, 23.4808149741], [104.371228744, 23.4956122659], [104.390930227, 23.5231230846], [104.404225229, 23.5647356468], [104.40322964, 23.5813087839], [104.397586902, 23.5970809116], [104.374183823, 23.6220484885], [104.27618218, 23.493655889], [104.232440575, 23.4174630962]]]}}, {"type": "Feature", "properties": {"area_id": 40002377, "parent_id": 40002377, "name": "华能云南滇东能源厂区", "kind": "circle", "radius_m": 1422, "lat": 25.200650537834306, "lng": 104.68378677368163}, "geometry": {"type": "Polygon", "coordinates": [[[104.68378677368163, 25.213424522742677], [104.68562949988377, 25.213315239530978], [104.68744069652969, 25.21298925976193], [104.68918937354262, 25.21245216103976], [104.69084561057404, 25.211713133272514], [104.69238106894916, 25.21078482143019], [104.69376947654946, 25.20968310918579], [104.69498707733597, 25.20842684714126], [104.69601303782163, 25.207037530288492], [104.69682980353811, 25.205538930224023], [104.69742339939752, 25.203956688410447], [104.69778366881015, 25.20231787744387], [104.69790444746646, 25.200650537834306], [104.69778366881015, 25.19898319822474], [104.69742339939752, 25.197344387258166], [104.69682980353811, 25.19576214544459], [104.69601303782163, 25.19426354538012], [104.69498707733597, 25.19287422852735], [104.69376947654946, 25.191617966482823], [104.69238106894916, 25.19051625423842], [104.69084561057404, 25.1895879423961], [104.68918937354262, 25.188848914628853], [104.68744069652969, 25.188311815906683], [104.68562949988377, 25.187985836137635], [104.68378677368163, 25.187876552925935], [104.68194404747949, 25.187985836137635], [104.68013285083357, 25.188311815906683], [104.67838417382065, 25.188848914628853], [104.67672793678922, 25.1895879423961], [104.6751924784141, 25.19051625423842], [104.6738040708138, 25.191617966482823], [104.6725864700273, 25.19287422852735], [104.67156050954164, 25.19426354538012], [104.67074374382516, 25.19576214544459], [104.67015014796574, 25.197344387258166], [104.66978987855312, 25.19898319822474], [104.66966909989681, 25.200650537834306], [104.66978987855312, 25.20231787744387], [104.67015014796574, 25.203956688410447], [104.67074374382516, 25.205538930224023], [104.67156050954164, 25.207037530288492], [104.6725864700273, 25.20842684714126], [104.6738040708138, 25.20968310918579], [104.6751924784141, 25.21078482143019], [104.67672793678922, 25.211713133272514], [104.67838417382065, 25.21245216103976], [104.68013285083357, 25.21298925976193], [104.68194404747949, 25.213315239530978], [104.68378677368163, 25.213424522742677]]]}}, {"type": "Feature", "properties": {"area_id": 3336200, "parent_id": 33362, "name": "机场禁飞区", "kind": "polygon", "radius_m": 14701, "lat": 26.56094998535, "lng": 104.940442537}, "geometry": {"type": "Polygon", "coordinates": [[[104.899899185, 26.5759775374], [104.817870928, 26.5302973364], [104.865580706, 26.4799962774], [104.929288297, 26.5450099178], [104.947274757, 26.5366939802], [104.983965921, 26.5343101223], [105.001576975, 26.5395312702], [105.038690356, 26.5650376753], [105.060505624, 26.5933358176], [105.063014146, 26.6261717888], [105.057093576, 26.6419036933], [104.899899185, 26.5759775374]]]}}, {"type": "Feature", "properties": {"area_id": 3336201, "parent_id": 33362, "name": "机场禁飞区", "kind": "polygon", "radius_m": 14650, "lat": 26.656926778, "lng": 105.016006833}, "geometry": {"type": "Polygon", "coordinates": [[[105.139266078, 26.6875687682], [105.09149702, 26.7378760186], [105.027649045, 26.6729285138], [104.991424828, 26.6846024067], [104.972880382, 26.6836241754], [104.939744125, 26.6692529467], [104.904610288, 26.6394198883], [104.896383898, 26.6245394971], [104.892747588, 26.6082627397], [104.899899185, 26.5759775374], [105.057093576, 26.6419036933], [105.139266078, 26.6875687682]]]}}, {"type": "Feature", "properties": {"area_id": 125300, "parent_id": 1253, "name": "Anshun Huangguoshu Airport", "kind": "polygon", "radius_m": 14511, "lat": 26.2219644372, "lng": 105.82589489200001}, "geometry": {"type": "Polygon", "coordinates": [[[105.687272209, 26.2498461899], [105.708248345, 26.18286768], [105.795580488, 26.2185522242], [105.807520192, 26.2052420826], [105.839767256, 26.1895570423], [105.876432304, 26.190431953], [105.929327388, 26.2058680184], [105.95516157, 26.2292364555], [105.962174608, 26.2445965014], [105.964517575, 26.2610611944], [105.782524966, 26.2602288966], [105.687272209, 26.2498461899]]]}}, {"type": "Feature", "properties": {"area_id": 125301, "parent_id": 1253, "name": "Anshun Huangguoshu Airport", "kind": "polygon", "radius_m": 14506, "lat": 26.29931005985, "lng": 105.921183113}, "geometry": {"type": "Polygon", "coordinates": [[[105.964517575, 26.2610611944], [106.05984126, 26.2714100634], [106.038888068, 26.3383912231], [105.951463932, 26.3028083382], [105.939531944, 26.3161165942], [105.907256829, 26.3318133893], [105.87054724, 26.3309343284], [105.817628864, 26.3154746692], [105.79181715, 26.2920692563], [105.784832952, 26.2766975982], [105.782524966, 26.2602288966], [105.964517575, 26.2610611944]]]}}, {"type": "Feature", "properties": {"area_id": 85700, "parent_id": 857, "name": "Xingyi Airport", "kind": "polygon", "radius_m": 14210, "lat": 25.12499524335, "lng": 104.9131249995}, "geometry": {"type": "Polygon", "coordinates": [[[104.950740221, 25.1593975505], [104.927413224, 25.2427293128], [104.858645366, 25.2169552139], [104.905310585, 25.1436130355], [104.885821719, 25.1182668907], [104.881610244, 25.1021126638], [104.88215984, 25.0855218888], [104.887431169, 25.069625147], [104.91779152, 25.0254414894], [104.932433755, 25.0154686543], [104.967604633, 25.0072611739], [104.950740221, 25.1593975505]]]}}, {"type": "Feature", "properties": {"area_id": 85701, "parent_id": 857, "name": "Xingyi Airport", "kind": "polygon", "radius_m": 14211, "lat": 25.04166791795, "lng": 105.0052127755}, "geometry": {"type": "Polygon", "coordinates": [[[104.990920431, 24.9239382854], [105.05968533, 24.9497126656], [105.013009065, 25.0230083908], [105.031717094, 25.0483658796], [105.035647731, 25.064577689], [105.034812713, 25.0811586872], [105.020915806, 25.1203481746], [105.001819903, 25.1442210966], [104.986473025, 25.1533046465], [104.950740221, 25.1593975505], [104.967604633, 25.0072611739], [104.990920431, 24.9239382854]]]}}, {"type": "Feature", "properties": {"area_id": 4000006700, "parent_id": 40000067, "name": "Yibin Wuliangye Airport", "kind": "polygon", "radius_m": 13708, "lat": 28.85423711245, "lng": 104.5817323445}, "geometry": {"type": "Polygon", "coordinates": [[[104.60036782, 28.816103555], [104.688873786, 28.7778778121], [104.711933984, 28.8407671281], [104.614594485, 28.8548927224], [104.612964156, 28.8728991553], [104.606418164, 28.8884763003], [104.595488238, 28.9020384518], [104.563702147, 28.9196173541], [104.51563342, 28.9305964128], [104.47900024, 28.9231659385], [104.451530705, 28.9006930905], [104.60036782, 28.816103555]]]}}, {"type": "Feature", "properties": {"area_id": 4000006701, "parent_id": 40000067, "name": "Yibin Wuliangye Airport", "kind": "polygon", "radius_m": 13710, "lat": 28.8625656814, "lng": 104.4701361365}, "geometry": {"type": "Polygon", "coordinates": [[[104.362950359, 28.9388592196], [104.339904453, 28.8759659034], [104.437338912, 28.8619596966], [104.439004344, 28.8438983935], [104.445580331, 28.828331852], [104.45652878, 28.8147859675], [104.488309656, 28.7972443104], [104.53629197, 28.7862721432], [104.572885821, 28.7936689577], [104.60036782, 28.816103555], [104.451530705, 28.9006930905], [104.362950359, 28.9388592196]]]}}, {"type": "Feature", "properties": {"area_id": 3028602500, "parent_id": 30286025, "name": "Luzhou Yunlong Airport", "kind": "polygon", "radius_m": 14329, "lat": 28.99231229575, "lng": 105.41994591400001}, "geometry": {"type": "Polygon", "coordinates": [[[105.37833467, 29.0271348641], [105.28072084, 29.0136396887], [105.303321764, 28.9506121948], [105.392255817, 28.9883275746], [105.405504371, 28.9744130289], [105.439012926, 28.9594541698], [105.476579264, 28.9611478422], [105.526336228, 28.9772845802], [105.551438839, 29.0018019466], [105.557728964, 29.0174621202], [105.559170988, 29.0340123967], [105.37833467, 29.0271348641]]]}}, {"type": "Feature", "properties": {"area_id": 3028602501, "parent_id": 30286025, "name": "Luzhou Yunlong Airport", "kind": "polygon", "radius_m": 14323, "lat": 29.06881663005, "lng": 105.5176040755}, "geometry": {"type": "Polygon", "coordinates": [[[105.656873481, 29.0474670572], [105.634287397, 29.110498396], [105.545239927, 29.0728979362], [105.531998518, 29.086812663], [105.498455986, 29.1017841681], [105.460838768, 29.1000848773], [105.411058596, 29.0839186109], [105.385988973, 29.0593598702], [105.379734858, 29.0436878955], [105.37833467, 29.0271348641], [105.559170988, 29.0340123967], [105.656873481, 29.0474670572]]]}}, {"type": "Feature", "properties": {"area_id": 3336000, "parent_id": 33360, "name": "机场禁飞区", "kind": "polygon", "radius_m": 13999, "lat": 27.23713651285, "lng": 105.4229556335}, "geometry": {"type": "Polygon", "coordinates": [[[105.385921538, 27.2764073156], [105.288680539, 27.2766472735], [105.299344333, 27.2113626583], [105.392488082, 27.236216026], [105.402878988, 27.2206095245], [105.432749681, 27.2011791866], [105.469537755, 27.1976257522], [105.515234057, 27.2059381993], [105.543981098, 27.2266672923], [105.552880342, 27.2412580562], [105.557230728, 27.2573994094], [105.385921538, 27.2764073156]]]}}, {"type": "Feature", "properties": {"area_id": 3336001, "parent_id": 33360, "name": "机场禁飞区", "kind": "polygon", "radius_m": 13997, "lat": 27.2966911333, "lng": 105.52021678950001}, "geometry": {"type": "Polygon", "coordinates": [[[105.654512041, 27.2571105398], [105.64387819, 27.3223970184], [105.550672349, 27.2976627285], [105.540302364, 27.3132598973], [105.510418335, 27.3327106222], [105.473586467, 27.3362717268], [105.427843502, 27.3279337551], [105.399108645, 27.3071626821], [105.390236062, 27.2925565627], [105.385921538, 27.2764073156], [105.557230728, 27.2573994094], [105.654512041, 27.2571105398]]]}}, {"type": "Feature", "properties": {"area_id": 4000127700, "parent_id": 40001277, "name": "天府国际机场", "kind": "polygon", "radius_m": 13798, "lat": 30.1915981656, "lng": 104.4393579825}, "geometry": {"type": "Polygon", "coordinates": [[[104.368089687, 30.2372810494], [104.317779497, 30.1625830414], [104.33811577991816, 30.155558350969528], [104.33531484, 30.1515810838], [104.405681708, 30.1258718511], [104.430681077, 30.2095783753], [104.470134159, 30.2137261263], [104.49841165985431, 30.232534615013037], [104.531148236, 30.2368050007], [104.560936468, 30.2573244801], [104.368089687, 30.2372810494]]]}}, {"type": "Feature", "properties": {"area_id": 4000127701, "parent_id": 40001277, "name": "天府国际机场", "kind": "polygon", "radius_m": 11757, "lat": 30.29147776905383, "lng": 104.59378412951048}, "geometry": {"type": "Polygon", "coordinates": [[[104.560936468, 30.2573244801], [104.647045444, 30.2132545498], [104.675967141, 30.2744036316], [104.578781791, 30.2950395726], [104.578737457, 30.3130899468], [104.5735073, 30.3290623862], [104.563663674, 30.3433215186], [104.549876225, 30.3548946694], [104.51160111802096, 30.369700988307663], [104.560936468, 30.2573244801]]]}}, {"type": "Feature", "properties": {"area_id": 4000127702, "parent_id": 40001277, "name": "天府国际机场", "kind": "polygon", "radius_m": 17460, "lat": 30.3587468596, "lng": 104.4222800025}, "geometry": {"type": "Polygon", "coordinates": [[[104.312547402, 30.4024613867], [104.283623537, 30.3413080242], [104.35041110140898, 30.32721963960265], [104.343170522, 30.3128934363], [104.338059392, 30.295332321], [104.338590137, 30.2787404103], [104.344074477, 30.2628323466], [104.368089687, 30.2372810494], [104.560936468, 30.2573244801], [104.51160111802096, 30.369700988307663], [104.555676713, 30.4321039506], [104.52698930490567, 30.442558229018044], [104.535868066, 30.4557017498], [104.46471654, 30.4802126698], [104.441554617, 30.3961145054], [104.402067315, 30.3912580524], [104.37342811821453, 30.371372490751693], [104.312547402, 30.4024613867]]]}}, {"type": "Feature", "properties": {"area_id": 960001565, "parent_id": 960001565, "name": "无人机管控区域", "kind": "circle", "radius_m": 500, "lat": 30.654085671520363, "lng": 104.07398158013825}, "geometry": {"type": "Polygon", "coordinates": [[[104.07398158013825, 30.65857722739532], [104.07466307750036, 30.65853880151216], [104.07533291425365, 30.6584241813402], [104.07597962930556, 30.658235328062364], [104.07659215718226, 30.65797547301059], [104.07716001736195, 30.657649062376862], [104.07767349359952, 30.657261681137623], [104.07812380017417, 30.656819957493273], [104.07850323221555, 30.65633144945784], [104.07880529753626, 30.655804515539252], [104.0790248277149, 30.655248171722942], [104.07915806652926, 30.654671937205865], [104.07920273422627, 30.654085671520363], [104.07915806652926, 30.65349940583486], [104.0790248277149, 30.652923171317784], [104.07880529753626, 30.652366827501474], [104.07850323221555, 30.651839893582885], [104.07812380017417, 30.651351385547454], [104.07767349359952, 30.650909661903103], [104.07716001736195, 30.650522280663864], [104.07659215718226, 30.650195870030135], [104.07597962930556, 30.649936014978362], [104.07533291425365, 30.649747161700525], [104.07466307750036, 30.649632541528565], [104.07398158013825, 30.649594115645407], [104.07330008277614, 30.649632541528565], [104.07263024602285, 30.649747161700525], [104.07198353097094, 30.649936014978362], [104.07137100309424, 30.650195870030135], [104.07080314291456, 30.650522280663864], [104.07028966667698, 30.650909661903103], [104.06983936010234, 30.651351385547454], [104.06945992806095, 30.651839893582885], [104.06915786274024, 30.652366827501474], [104.0689383325616, 30.652923171317784], [104.06880509374724, 30.65349940583486], [104.06876042605023, 30.654085671520363], [104.06880509374724, 30.654671937205865], [104.0689383325616, 30.655248171722942], [104.06915786274024, 30.655804515539252], [104.06945992806095, 30.65633144945784], [104.06983936010234, 30.656819957493273], [104.07028966667698, 30.657261681137623], [104.07080314291456, 30.657649062376862], [104.07137100309424, 30.65797547301059], [104.07198353097094, 30.658235328062364], [104.07263024602285, 30.6584241813402], [104.07330008277614, 30.65853880151216], [104.07398158013825, 30.65857722739532]]]}}, {"type": "Feature", "properties": {"area_id": 960001588, "parent_id": 960001588, "name": "无人机管控区域", "kind": "circle", "radius_m": 500, "lat": 30.667913669080036, "lng": 104.05612120700663}, "geometry": {"type": "Polygon", "coordinates": [[[104.05612120700663, 30.672405224954993], [104.05680280188267, 30.672366799071835], [104.0574727344814, 30.672252178899875], [104.05811954207033, 30.672063325622037], [104.05873215759227, 30.671803470570264], [104.0593000990258, 30.671477059936535], [104.05981364873553, 30.671089678697296], [104.06026401974354, 30.670647955052946], [104.06064350607701, 30.670159447017515], [104.06094561461957, 30.669632513098925], [104.0611651762103, 30.669076169282615], [104.0612984340895, 30.66849993476554], [104.06134310817791, 30.667913669080036], [104.0612984340895, 30.667327403394534], [104.0611651762103, 30.666751168877457], [104.06094561461957, 30.666194825061147], [104.06064350607701, 30.665667891142558], [104.06026401974354, 30.665179383107127], [104.05981364873553, 30.664737659462777], [104.0593000990258, 30.664350278223537], [104.05873215759227, 30.66402386758981], [104.05811954207033, 30.663764012538035], [104.0574727344814, 30.663575159260198], [104.05680280188267, 30.663460539088238], [104.05612120700663, 30.66342211320508], [104.05543961213058, 30.663460539088238], [104.05476967953186, 30.663575159260198], [104.05412287194292, 30.663764012538035], [104.05351025642098, 30.66402386758981], [104.05294231498745, 30.664350278223537], [104.05242876527772, 30.664737659462777], [104.05197839426971, 30.665179383107127], [104.05159890793624, 30.665667891142558], [104.05129679939368, 30.666194825061147], [104.05107723780296, 30.666751168877457], [104.05094397992376, 30.667327403394534], [104.05089930583534, 30.667913669080036], [104.05094397992376, 30.66849993476554], [104.05107723780296, 30.669076169282615], [104.05129679939368, 30.669632513098925], [104.05159890793624, 30.670159447017515], [104.05197839426971, 30.670647955052946], [104.05242876527772, 30.671089678697296], [104.05294231498745, 30.671477059936535], [104.05351025642098, 30.671803470570264], [104.05412287194292, 30.672063325622037], [104.05476967953186, 30.672252178899875], [104.05543961213058, 30.672366799071835], [104.05612120700663, 30.672405224954993]]]}}, {"type": "Feature", "properties": {"area_id": 4000256000, "parent_id": 40002560, "name": "阆中古城机场", "kind": "polygon", "radius_m": 14169, "lat": 31.4516257099, "lng": 106.0169386005}, "geometry": {"type": "Polygon", "coordinates": [[[105.91211376, 31.3755034467], [105.980401535, 31.3444564418], [106.014369912, 31.4259033949], [106.035435438, 31.4241146798], [106.0722279, 31.4339947567], [106.0871404, 31.4446540574], [106.112725283, 31.481287678], [106.121763441, 31.5147688405], [106.110015229, 31.5461209752], [106.097438036, 31.558794978], [105.972282363, 31.4450212695], [105.91211376, 31.3755034467]]]}}, {"type": "Feature", "properties": {"area_id": 4000256001, "parent_id": 40002560, "name": "阆中古城机场", "kind": "polygon", "radius_m": 14168, "lat": 31.552195151, "lng": 106.052828972}, "geometry": {"type": "Polygon", "coordinates": [[[106.097438036, 31.558794978], [106.157786444, 31.6283157198], [106.089319913, 31.6593690325], [106.055240976, 31.5779521937], [106.014886508, 31.5768394041], [105.99723871, 31.5698081848], [105.971181317, 31.545513751], [105.949453817, 31.5055489982], [105.9478715, 31.4890056842], [105.951363895, 31.4726768484], [105.972282363, 31.4450212695], [106.097438036, 31.558794978]]]}}, {"type": "Feature", "properties": {"area_id": 256100, "parent_id": 2561, "name": "Guangyuan Airport", "kind": "polygon", "radius_m": 13666, "lat": 32.36038332865, "lng": 105.644150387}, "geometry": {"type": "Polygon", "coordinates": [[[105.607228193, 32.3958065226], [105.503872659, 32.392490705], [105.521036293, 32.3288591743], [105.617726859, 32.3571832232], [105.640568546, 32.3360216405], [105.65805045, 32.3284517324], [105.677253521, 32.3249601347], [105.723533543, 32.3274500677], [105.757603144, 32.3410386833], [105.770938644, 32.3532278585], [105.784428115, 32.384105353], [105.607228193, 32.3958065226]]]}}, {"type": "Feature", "properties": {"area_id": 256101, "parent_id": 2561, "name": "Guangyuan Airport", "kind": "polygon", "radius_m": 13593, "lat": 32.4199704424, "lng": 105.746659626}, "geometry": {"type": "Polygon", "coordinates": [[[105.886091059, 32.3874752252], [105.87064291, 32.4511361677], [105.775613356, 32.4261476785], [105.751680895, 32.4462622541], [105.733770504, 32.4531230955], [105.714364532, 32.4558355318], [105.666452384, 32.4508809553], [105.635110042, 32.4383994224], [105.621466723, 32.426445365], [105.607228193, 32.3958065226], [105.784428115, 32.384105353], [105.886091059, 32.3874752252]]]}}, {"type": "Feature", "properties": {"area_id": 640600, "parent_id": 6406, "name": "Mianyang Airport", "kind": "polygon", "radius_m": 14649, "lat": 31.3944083878, "lng": 104.796153058}, "geometry": {"type": "Polygon", "coordinates": [[[104.772944785, 31.3583269781], [104.821713761, 31.2828944529], [104.885523676, 31.3248840361], [104.812628285, 31.384423285], [104.822577159, 31.3994475642], [104.827341673, 31.4155399752], [104.827064159, 31.4321365249], [104.811791132, 31.4623599786], [104.78071063, 31.493313808], [104.74505495, 31.5059223227], [104.70678244, 31.5016298315], [104.772944785, 31.3583269781]]]}}, {"type": "Feature", "properties": {"area_id": 640601, "parent_id": 6406, "name": "Mianyang Airport", "kind": "polygon", "radius_m": 14651, "lat": 31.4655366422, "lng": 104.683449535}, "geometry": {"type": "Polygon", "coordinates": [[[104.657895432, 31.5770230144], [104.593954285, 31.5350265793], [104.667090384, 31.4755445009], [104.657112285, 31.4604242543], [104.652396143, 31.444320986], [104.652726689, 31.4277251431], [104.668085481, 31.3975354387], [104.699124509, 31.3666530484], [104.734730049, 31.35405027], [104.772944785, 31.3583269781], [104.70678244, 31.5016298315], [104.657895432, 31.5770230144]]]}}, {"type": "Feature", "properties": {"area_id": 4000125400, "parent_id": 40001254, "name": "陇南成县机场", "kind": "polygon", "radius_m": 14194, "lat": 33.815890674900004, "lng": 105.8410218625}, "geometry": {"type": "Polygon", "coordinates": [[[105.985531895, 33.7729628895], [105.97743482, 33.8386708739], [105.876604394, 33.8174165986], [105.866316935, 33.8333584683], [105.835354585, 33.853898989], [105.796167089, 33.8588184603], [105.743917028, 33.8519369017], [105.712156438, 33.8322557027], [105.701937017, 33.8179929273], [105.69651183, 33.8020185096], [105.881601442, 33.7768734043], [105.985531895, 33.7729628895]]]}}, {"type": "Feature", "properties": {"area_id": 4000125401, "parent_id": 40001254, "name": "陇南成县机场", "kind": "polygon", "radius_m": 14197, "lat": 33.7630279684, "lng": 105.7371119545}, "geometry": {"type": "Polygon", "coordinates": [[[105.69651183, 33.8020185096], [105.592622467, 33.8058655864], [105.600764132, 33.7401592895], [105.701525939, 33.7615678386], [105.711847164, 33.7456080926], [105.742797661, 33.7250960044], [105.781926514, 33.7201903504], [105.834106069, 33.7270415893], [105.865875933, 33.7466688493], [105.876128856, 33.7609107749], [105.881601442, 33.7768734043], [105.69651183, 33.8020185096]]]}}, {"type": "Feature", "properties": {"area_id": 739500, "parent_id": 7395, "name": "Tianshui Maijishan Airport", "kind": "polygon", "radius_m": 13748, "lat": 34.56255092915, "lng": 105.917646505}, "geometry": {"type": "Polygon", "coordinates": [[[105.944403786, 34.523783647], [106.042353656, 34.4939484493], [106.059296548, 34.5627550435], [105.954989213, 34.5667538149], [105.950810463, 34.5832616389], [105.941689088, 34.5980642325], [105.928220777, 34.6104177341], [105.89214866, 34.6246294309], [105.840800613, 34.631153409], [105.802756415, 34.6209955254], [105.775996462, 34.5965386052], [105.944403786, 34.523783647]]]}}, {"type": "Feature", "properties": {"area_id": 739501, "parent_id": 7395, "name": "Tianshui Maijishan Airport", "kind": "polygon", "radius_m": 13748, "lat": 34.5577803671, "lng": 105.8027461335}, "geometry": {"type": "Polygon", "coordinates": [[[105.677981101, 34.6262971759], [105.661088481, 34.5574876689], [105.765467546, 34.5536445123], [105.769693461, 34.5370838111], [105.778844509, 34.5222964495], [105.792325535, 34.5099629289], [105.828370531, 34.4957901385], [105.879608744, 34.4892635583], [105.917611291, 34.4993741659], [105.944403786, 34.523783647], [105.775996462, 34.5965386052], [105.677981101, 34.6262971759]]]}}, {"type": "Feature", "properties": {"area_id": 256200, "parent_id": 2562, "name": "Guyuan Liupanshan Airport", "kind": "polygon", "radius_m": 14091, "lat": 36.036655538350004, "lng": 106.2433099145}, "geometry": {"type": "Polygon", "coordinates": [[[106.200511894, 36.0024982982], [106.190505643, 35.9174960099], [106.271314825, 35.9226613898], [106.246312794, 36.0076569924], [106.275860069, 36.024171348], [106.28753321, 36.0378237062], [106.294442377, 36.0534536041], [106.296114186, 36.0699967324], [106.29300775, 36.1117959498], [106.271914548, 36.1399554157], [106.236200174, 36.1558150668], [106.200511894, 36.0024982982]]]}}, {"type": "Feature", "properties": {"area_id": 256201, "parent_id": 2562, "name": "Guyuan Liupanshan Airport", "kind": "polygon", "radius_m": 14090, "lat": 36.121670100100005, "lng": 106.1900248455}, "geometry": {"type": "Polygon", "coordinates": [[[106.242827382, 36.240841902], [106.160316341, 36.2339648957], [106.187019487, 36.1506780208], [106.157372305, 36.1340963891], [106.145720207, 36.1204243365], [106.138849284, 36.1047817416], [106.137222309, 36.0632867734], [106.141388144, 36.0444044305], [106.164016655, 36.0170484133], [106.200511894, 36.0024982982], [106.236200174, 36.1558150668], [106.242827382, 36.240841902]]]}}, {"type": "Feature", "properties": {"area_id": 4004501400, "parent_id": 40045014, "name": "阿拉善左旗巴彦浩特机场", "kind": "polygon", "radius_m": 14447, "lat": 38.78213591594999, "lng": 105.5225775115}, "geometry": {"type": "Polygon", "coordinates": [[[105.544065789, 38.8173960914], [105.48610988, 38.8910972195], [105.42105307, 38.8487182348], [105.504021847, 38.7912898132], [105.493207468, 38.7752037643], [105.488802686, 38.7589647234], [105.489938625, 38.7423901423], [105.508136723, 38.7126970473], [105.542881586, 38.684045382], [105.582675127, 38.6731746124], [105.624101953, 38.6792786039], [105.544065789, 38.8173960914]]]}}, {"type": "Feature", "properties": {"area_id": 4004501401, "parent_id": 40045014, "name": "阿拉善左旗巴彦浩特机场", "kind": "polygon", "radius_m": 14444, "lat": 38.7145245536, "lng": 105.6454150285}, "geometry": {"type": "Polygon", "coordinates": [[[105.681882165, 38.6055228855], [105.746764268, 38.6478916657], [105.66414131, 38.7054057618], [105.674923864, 38.7213663073], [105.679399682, 38.7375931402], [105.678339519, 38.7541707715], [105.660258585, 38.7839112822], [105.625440294, 38.8126529724], [105.585570046, 38.8235262217], [105.544065789, 38.8173960914], [105.624101953, 38.6792786039], [105.681882165, 38.6055228855]]]}}, {"type": "Feature", "properties": {"area_id": 877500, "parent_id": 8775, "name": "Zhongwei Shapotou Airport", "kind": "polygon", "radius_m": 13785, "lat": 37.5898860191, "lng": 105.2083214845}, "geometry": {"type": "Polygon", "coordinates": [[[105.354292126, 37.5456630146], [105.354255959, 37.6110251909], [105.247561314, 37.5960405392], [105.224699788, 37.6233806096], [105.207329549, 37.6326673976], [105.166603393, 37.6392312337], [105.102697711, 37.6293160424], [105.08531109, 37.6200494224], [105.071549692, 37.6075326366], [105.062350843, 37.5926200756], [105.240580661, 37.5405408045], [105.249300923, 37.5556305705], [105.354292126, 37.5456630146]]]}}, {"type": "Feature", "properties": {"area_id": 877501, "parent_id": 8775, "name": "Zhongwei Shapotou Airport", "kind": "polygon", "radius_m": 13778, "lat": 37.5550469902, "lng": 105.096467913}, "geometry": {"type": "Polygon", "coordinates": [[[105.062350843, 37.5926200756], [104.952355165, 37.6026589513], [104.959177954, 37.5322561838], [105.062438559, 37.5506264843], [105.085365659, 37.5232474634], [105.102725171, 37.5139780582], [105.143388224, 37.5074350291], [105.210176874, 37.5181383831], [105.227235952, 37.5277533872], [105.240580661, 37.5405408045], [105.062350843, 37.5926200756]]]}}, {"type": "Feature", "properties": {"area_id": 88700, "parent_id": 887, "name": "Baise Youjiang Airport", "kind": "polygon", "radius_m": 14314, "lat": 23.7433931149, "lng": 106.902685744}, "geometry": {"type": "Polygon", "coordinates": [[[106.908317564, 23.779582575], [106.836610024, 23.8379246504], [106.795387474, 23.7795364022], [106.882035901, 23.7445818983], [106.879847863, 23.7156452037], [106.885064667, 23.6997491004], [106.894595238, 23.6856304532], [106.931124445, 23.6592502514], [106.958222653, 23.6494327854], [106.976331893, 23.6488615794], [107.009984014, 23.660397165], [106.908317564, 23.779582575]]]}}, {"type": "Feature", "properties": {"area_id": 88701, "parent_id": 887, "name": "Baise Youjiang Airport", "kind": "polygon", "radius_m": 14214, "lat": 23.69624307, "lng": 107.0139603985}, "geometry": {"type": "Polygon", "coordinates": [[[107.081751284, 23.6020766729], [107.119603233, 23.6604819552], [107.036289423, 23.6954371606], [107.039265572, 23.7281136718], [107.033759925, 23.743928245], [107.023968596, 23.7578990415], [107.010558115, 23.7690732456], [106.960392492, 23.7894526119], [106.942283113, 23.7904094671], [106.908317564, 23.779582575], [107.009984014, 23.660397165], [107.081751284, 23.6020766729]]]}}, {"type": "Feature", "properties": {"area_id": 3321600, "parent_id": 33216, "name": "金城江", "kind": "polygon", "radius_m": 14449, "lat": 24.8387886046, "lng": 107.65583464650001}, "geometry": {"type": "Polygon", "coordinates": [[[107.676969707, 24.872887221], [107.621936282, 24.9445684219], [107.566960144, 24.8964829699], [107.64195465, 24.8448585903], [107.634192354, 24.8297978309], [107.631000564, 24.8134543507], [107.632577978, 24.7969179889], [107.649285947, 24.7677096999], [107.691133234, 24.7377231182], [107.726996806, 24.7330087873], [107.744709149, 24.7370954801], [107.676969707, 24.872887221]]]}}, {"type": "Feature", "properties": {"area_id": 3321601, "parent_id": 33216, "name": "金城江", "kind": "polygon", "radius_m": 14303, "lat": 24.7716937999, "lng": 107.764169762}, "geometry": {"type": "Polygon", "coordinates": [[[107.799749444, 24.6654283764], [107.851369817, 24.7135251335], [107.781371597, 24.7685180795], [107.789174767, 24.7971679112], [107.786937105, 24.8136413967], [107.780077237, 24.8290276392], [107.757398604, 24.857273057], [107.730593778, 24.8740432349], [107.712814546, 24.8779592234], [107.676969707, 24.872887221], [107.744709149, 24.7370954801], [107.799749444, 24.6654283764]]]}}, {"type": "Feature", "properties": {"area_id": 3278000, "parent_id": 32780, "name": "机场禁飞区", "kind": "polygon", "radius_m": 14337, "lat": 25.5025160894, "lng": 107.9839825155}, "geometry": {"type": "Polygon", "coordinates": [[[108.026221126, 25.504090371], [108.08832139, 25.569602959], [108.023872844, 25.6057500032], [107.986217511, 25.5265436985], [107.96714106, 25.529261578], [107.931739272, 25.5213458465], [107.905475603, 25.4985119337], [107.882624554, 25.4611935133], [107.879643641, 25.4448149621], [107.881458893, 25.4282978712], [107.898657683, 25.3992821756], [108.026221126, 25.504090371]]]}}, {"type": "Feature", "properties": {"area_id": 3278001, "parent_id": 32780, "name": "机场禁飞区", "kind": "polygon", "radius_m": 14339, "lat": 25.40085999635, "lng": 107.9409283695}, "geometry": {"type": "Polygon", "coordinates": [[[107.836694372, 25.333771751], [107.901025246, 25.2976296217], [107.93858524, 25.3768657041], [107.957588733, 25.3741487733], [107.992956847, 25.3820294502], [108.0192345, 25.4048263677], [108.042149812, 25.4421558592], [108.045162367, 25.4585296796], [108.043378811, 25.4750496257], [108.026221126, 25.504090371], [107.898657683, 25.3992821756], [107.836694372, 25.333771751]]]}}, {"type": "Feature", "properties": {"area_id": 518300, "parent_id": 5183, "name": "Longdongbao Airport", "kind": "polygon", "radius_m": 13623, "lat": 26.58433357255, "lng": 106.79843598400001}, "geometry": {"type": "Polygon", "coordinates": [[[106.839615341, 26.6105441511], [106.86962059, 26.6888456283], [106.795688543, 26.7025731217], [106.792362269, 26.6175785442], [106.762667967, 26.6065095413], [106.739364329, 26.5810340347], [106.727251378, 26.5197164886], [106.730475931, 26.503370982], [106.738316482, 26.4883289472], [106.765425961, 26.4660940234], [106.839615341, 26.6105441511]]]}}, {"type": "Feature", "properties": {"area_id": 518301, "parent_id": 5183, "name": "Longdongbao Airport", "kind": "polygon", "radius_m": 13668, "lat": 26.4923163658, "lng": 106.8057391275}, "geometry": {"type": "Polygon", "coordinates": [[[106.733720241, 26.3878128119], [106.807636221, 26.3740885805], [106.807604857, 26.4590620496], [106.838780346, 26.4702126331], [106.852355239, 26.4815197178], [106.862200725, 26.4955856774], [106.867644969, 26.5114527587], [106.877758014, 26.5568863201], [106.874555871, 26.5732355882], [106.86673008, 26.5882861889], [106.839615341, 26.6105441511], [106.765425961, 26.4660940234], [106.733720241, 26.3878128119]]]}}, {"type": "Feature", "properties": {"area_id": 960001580, "parent_id": 960001580, "name": "无人机管控区域", "kind": "circle", "radius_m": 500, "lat": 26.603669180922086, "lng": 106.70164927144245}, "geometry": {"type": "Polygon", "coordinates": [[[106.70164927144245, 26.608160736797043], [106.70230495752412, 26.608122310913885], [106.70294942463514, 26.608007690741925], [106.70357164576455, 26.607818837464087], [106.70416097453635, 26.607558982412314], [106.70470732737182, 26.607232571778585], [106.7052013560225, 26.606845190539346], [106.70563460752118, 26.606403466894996], [106.70599966881461, 26.605914958859564], [106.70629029360285, 26.605388024940975], [106.70650150921519, 26.604831681124665], [106.70662970169393, 26.60425544660759], [106.70667267763025, 26.603669180922086], [106.70662970169393, 26.603082915236584], [106.70650150921519, 26.602506680719507], [106.70629029360285, 26.601950336903197], [106.70599966881461, 26.601423402984608], [106.70563460752118, 26.600934894949177], [106.7052013560225, 26.600493171304826], [106.70470732737182, 26.600105790065587], [106.70416097453635, 26.599779379431858], [106.70357164576455, 26.599519524380085], [106.70294942463514, 26.599330671102248], [106.70230495752412, 26.599216050930288], [106.70164927144245, 26.59917762504713], [106.70099358536078, 26.599216050930288], [106.70034911824976, 26.599330671102248], [106.69972689712034, 26.599519524380085], [106.69913756834855, 26.599779379431858], [106.69859121551308, 26.600105790065587], [106.6980971868624, 26.600493171304826], [106.69766393536372, 26.600934894949177], [106.69729887407028, 26.601423402984608], [106.69700824928205, 26.601950336903197], [106.69679703366971, 26.602506680719507], [106.69666884119097, 26.603082915236584], [106.69662586525465, 26.603669180922086], [106.69666884119097, 26.60425544660759], [106.69679703366971, 26.604831681124665], [106.69700824928205, 26.605388024940975], [106.69729887407028, 26.605914958859564], [106.69766393536372, 26.606403466894996], [106.6980971868624, 26.606845190539346], [106.69859121551308, 26.607232571778585], [106.69913756834855, 26.607558982412314], [106.69972689712034, 26.607818837464087], [106.70034911824976, 26.608007690741925], [106.70099358536078, 26.608122310913885], [106.70164927144245, 26.608160736797043]]]}}, {"type": "Feature", "properties": {"area_id": 960001600, "parent_id": 960001600, "name": "无人机管控区域", "kind": "circle", "radius_m": 500, "lat": 26.56895708727948, "lng": 106.71855493703761}, "geometry": {"type": "Polygon", "coordinates": [[[106.71855493703761, 26.573448643154435], [106.71921042434457, 26.573410217271277], [106.71985469608198, 26.573295597099317], [106.72047672858177, 26.57310674382148], [106.72106587869543, 26.572846888769707], [106.72161206590114, 26.572520478135978], [106.72210594478442, 26.57213309689674], [106.72253906494062, 26.57169137325239], [106.72290401556378, 26.571202865216957], [106.72319455224758, 26.570675931298368], [106.72340570382879, 26.570119587482058], [106.7235338574453, 26.56954335296498], [106.72357682035323, 26.56895708727948], [106.7235338574453, 26.568370821593977], [106.72340570382879, 26.5677945870769], [106.72319455224758, 26.56723824326059], [106.72290401556378, 26.566711309342], [106.72253906494062, 26.56622280130657], [106.72210594478442, 26.56578107766222], [106.72161206590114, 26.56539369642298], [106.72106587869543, 26.56506728578925], [106.72047672858177, 26.564807430737478], [106.71985469608198, 26.56461857745964], [106.71921042434457, 26.56450395728768], [106.71855493703761, 26.564465531404522], [106.71789944973065, 26.56450395728768], [106.71725517799324, 26.56461857745964], [106.71663314549345, 26.564807430737478], [106.71604399537979, 26.56506728578925], [106.71549780817408, 26.56539369642298], [106.7150039292908, 26.56578107766222], [106.7145708091346, 26.56622280130657], [106.71420585851143, 26.566711309342], [106.71391532182764, 26.56723824326059], [106.71370417024643, 26.5677945870769], [106.71357601662991, 26.568370821593977], [106.71353305372199, 26.56895708727948], [106.71357601662991, 26.56954335296498], [106.71370417024643, 26.570119587482058], [106.71391532182764, 26.570675931298368], [106.71420585851143, 26.571202865216957], [106.7145708091346, 26.57169137325239], [106.7150039292908, 26.57213309689674], [106.71549780817408, 26.572520478135978], [106.71604399537979, 26.572846888769707], [106.71663314549345, 26.57310674382148], [106.71725517799324, 26.573295597099317], [106.71789944973065, 26.573410217271277], [106.71855493703761, 26.573448643154435]]]}}, {"type": "Feature", "properties": {"area_id": 4000006100, "parent_id": 40000061, "name": "Zunyi Renhuai Airport", "kind": "polygon", "radius_m": 14052, "lat": 27.9190813843, "lng": 106.4670214015}, "geometry": {"type": "Polygon", "coordinates": [[[106.422725896, 27.8863059083], [106.419970194, 27.7998953564], [106.494127608, 27.8077271712], [106.468455374, 27.8911338315], [106.486299409, 27.8999280886], [106.50907636, 27.9259690568], [106.514004352, 27.9419861032], [106.514072609, 27.9585842328], [106.505810013, 27.9996459278], [106.483069853, 28.0257262887], [106.448596127, 28.0382674122], [106.422725896, 27.8863059083]]]}}, {"type": "Feature", "properties": {"area_id": 4000006101, "parent_id": 40000061, "name": "Zunyi Renhuai Airport", "kind": "polygon", "radius_m": 14051, "lat": 28.005491253149998, "lng": 106.4042951395}, "geometry": {"type": "Polygon", "coordinates": [[[106.451368209, 28.124676598], [106.377013779, 28.1168431987], [106.402794053, 28.0334406556], [106.384862067, 28.0245878812], [106.362129815, 27.9985023104], [106.357243617, 27.9824746642], [106.35722207, 27.965876436], [106.365533662, 27.9248829624], [106.388286848, 27.8988259344], [106.422725896, 27.8863059083], [106.448596127, 28.0382674122], [106.451368209, 28.124676598]]]}}, {"type": "Feature", "properties": {"area_id": 884900, "parent_id": 8849, "name": "Zunyi Xinzhou Airport", "kind": "polygon", "radius_m": 14102, "lat": 27.7670275989, "lng": 107.26081258100001}, "geometry": {"type": "Polygon", "coordinates": [[[107.217894688, 27.7374429979], [107.197865832, 27.6532497055], [107.276707819, 27.6494715019], [107.267064103, 27.735091334], [107.285044822, 27.7409072842], [107.312367195, 27.7632362542], [107.320231724, 27.7783053709], [107.323421691, 27.7946619322], [107.32375933, 27.8368456131], [107.307247516, 27.8663430304], [107.276256022, 27.8845836959], [107.217894688, 27.7374429979]]]}}, {"type": "Feature", "properties": {"area_id": 884901, "parent_id": 8849, "name": "Zunyi Xinzhou Airport", "kind": "polygon", "radius_m": 14102, "lat": 27.85500269665, "lng": 107.233358706}, "geometry": {"type": "Polygon", "coordinates": [[[107.296346134, 27.9687835638], [107.217303924, 27.9725623954], [107.226997738, 27.8869431562], [107.208919314, 27.8810840915], [107.181618867, 27.8587058469], [107.173788181, 27.8436205845], [107.17064147, 27.8272572533], [107.170371278, 27.7851315388], [107.186918447, 27.7556550454], [107.217894688, 27.7374429979], [107.276256022, 27.8845836959], [107.296346134, 27.9687835638]]]}}, {"type": "Feature", "properties": {"area_id": 960003801, "parent_id": 960003801, "name": "铜仁德江机场1", "kind": "polygon", "radius_m": 13913, "lat": 28.179167728235335, "lng": 108.18833350785499}, "geometry": {"type": "Polygon", "coordinates": [[[108.14000057688062, 28.296667683749636], [108.21333221103234, 28.291667741866966], [108.19499970889524, 28.20499944353478], [108.23666643882935, 28.141666434877813], [108.23499981481362, 28.116666562345536], [108.18333277340722, 28.061667772721037], [108.14999954338413, 28.208333793862472], [108.14000057688062, 28.296667683749636]]]}}, {"type": "Feature", "properties": {"area_id": 960003802, "parent_id": 960003802, "name": "铜仁德江机场2", "kind": "polygon", "radius_m": 13915, "lat": 28.090834325011027, "lng": 108.13999916712356}, "geometry": {"type": "Polygon", "coordinates": [[[108.18333254739161, 28.061668545753015], [108.18833254983485, 27.973334061539], [108.11500147013234, 27.978332015999925], [108.13833224914708, 28.061667121202156], [108.09166578441227, 28.128333755023228], [108.09333129439457, 28.153334081865047], [108.14999908782468, 28.208334588483055], [108.18333254739161, 28.061668545753015]]]}}, {"type": "Feature", "properties": {"area_id": 40042400, "parent_id": 40042400, "name": "规划展览馆", "kind": "circle", "radius_m": 1200, "lat": 29.5768222, "lng": 106.5861208}, "geometry": {"type": "Polygon", "coordinates": [[[106.5861208, 29.58760193409989], [106.58773865243752, 29.587509711980314], [106.5893288229713, 29.587234623567614], [106.59086410334258, 29.586781375700802], [106.5923182244786, 29.586157723576548], [106.59366630596352, 29.5853743380556], [106.59488528174941, 29.58444462308142], [106.59595429482259, 29.58338448633498], [106.596855054073, 29.582212067049944], [106.59757214726012, 29.580947425645327], [106.5980933047207, 29.579612200486192], [106.59840960930612, 29.578229237645203], [106.59851564895719, 29.5768222], [106.59840960930612, 29.575415162354794], [106.5980933047207, 29.574032199513805], [106.59757214726012, 29.57269697435467], [106.596855054073, 29.571432332950053], [106.59595429482259, 29.570259913665016], [106.59488528174941, 29.569199776918577], [106.59366630596352, 29.568270061944396], [106.5923182244786, 29.56748667642345], [106.59086410334258, 29.566863024299195], [106.5893288229713, 29.566409776432383], [106.58773865243752, 29.566134688019684], [106.5861208, 29.566042465900107], [106.58450294756248, 29.566134688019684], [106.58291277702871, 29.566409776432383], [106.58137749665742, 29.566863024299195], [106.5799233755214, 29.56748667642345], [106.57857529403648, 29.568270061944396], [106.5773563182506, 29.569199776918577], [106.57628730517742, 29.570259913665016], [106.575386545927, 29.571432332950053], [106.57466945273988, 29.57269697435467], [106.5741482952793, 29.574032199513805], [106.57383199069389, 29.575415162354794], [106.57372595104282, 29.5768222], [106.57383199069389, 29.578229237645203], [106.5741482952793, 29.579612200486192], [106.57466945273988, 29.580947425645327], [106.575386545927, 29.582212067049944], [106.57628730517742, 29.58338448633498], [106.5773563182506, 29.58444462308142], [106.57857529403648, 29.5853743380556], [106.5799233755214, 29.586157723576548], [106.58137749665742, 29.586781375700802], [106.58291277702871, 29.587234623567614], [106.58450294756248, 29.587509711980314], [106.5861208, 29.58760193409989]]]}}, {"type": "Feature", "properties": {"area_id": 186600, "parent_id": 1866, "name": "Chongqing Jiangbei International Airport", "kind": "polygon", "radius_m": 9218, "lat": 29.7264767995383, "lng": 106.60305818069202}, "geometry": {"type": "Polygon", "coordinates": [[[106.64291605438405, 29.8016990626766], [106.629060501, 29.7999586436], [106.611638832, 29.7931077965], [106.60718717700038, 29.789935960988608], [106.606628048, 29.7897869657], [106.591849804, 29.7792515767], [106.580719988, 29.7657544674], [106.573996298, 29.750216431], [106.563200307, 29.6930014918], [106.568443366, 29.677040482], [106.59198095, 29.6512545364], [106.64291605438405, 29.8016990626766]]]}}, {"type": "Feature", "properties": {"area_id": 186601, "parent_id": 1866, "name": "Chongqing Jiangbei International Airport", "kind": "polygon", "radius_m": 12054, "lat": 29.63353565715, "lng": 106.63480323600001}, "geometry": {"type": "Polygon", "coordinates": [[[106.59198095, 29.6512545364], [106.550279695, 29.5763058632], [106.624199956, 29.5539915868], [106.62456005711662, 29.555829079971065], [106.630884539, 29.5540034276], [106.6425453, 29.6389989909], [106.677526703, 29.6468003419], [106.692945181, 29.6565961227], [106.712646419, 29.6847066444], [106.71677191303264, 29.70680420133629], [106.719326777, 29.7130797275], [106.59198095, 29.6512545364]]]}}, {"type": "Feature", "properties": {"area_id": 186602, "parent_id": 1866, "name": "Chongqing Jiangbei International Airport", "kind": "polygon", "radius_m": 14731, "lat": 29.76780377275, "lng": 106.664172673}, "geometry": {"type": "Polygon", "coordinates": [[[106.66388792693948, 29.88292138679577], [106.659148181, 29.8843530091], [106.64291605438405, 29.8016990626766], [106.59198095, 29.6512545364], [106.719326777, 29.7130797275], [106.72018878362955, 29.725106128805237], [106.723830274, 29.7446111966], [106.709754862, 29.7751714002], [106.696398382, 29.7870506244], [106.736364396, 29.8670971148], [106.664117825, 29.8843334177], [106.66388792693948, 29.88292138679577]]]}}, {"type": "Feature", "properties": {"area_id": 40045005, "parent_id": 40045005, "name": "解放碑", "kind": "circle", "radius_m": 500, "lat": 29.5600941929721, "lng": 106.57340161323548}, "geometry": {"type": "Polygon", "coordinates": [[[106.57340161323548, 29.56458574884706], [106.57407560676612, 29.5645473229639], [106.57473806808058, 29.56443270279194], [106.57537766228211, 29.564243849514103], [106.57598344573658, 29.56398399446233], [106.57654505332114, 29.5636575838286], [106.57705287577431, 29.56327020258936], [106.57749822411313, 29.56282847894501], [106.57787347830403, 29.56233997090958], [106.57817221764377, 29.56181303699099], [106.57838933061942, 29.56125669317468], [106.57852110236777, 29.560680458657604], [106.57856527823769, 29.5600941929721], [106.57852110236777, 29.5595079272866], [106.57838933061942, 29.558931692769523], [106.57817221764377, 29.558375348953213], [106.57787347830403, 29.557848415034623], [106.57749822411313, 29.557359906999192], [106.57705287577431, 29.556918183354842], [106.57654505332114, 29.556530802115603], [106.57598344573658, 29.556204391481874], [106.57537766228211, 29.5559445364301], [106.57473806808058, 29.555755683152263], [106.57407560676612, 29.555641062980303], [106.57340161323548, 29.555602637097145], [106.57272761970484, 29.555641062980303], [106.57206515839037, 29.555755683152263], [106.57142556418884, 29.5559445364301], [106.57081978073437, 29.556204391481874], [106.57025817314981, 29.556530802115603], [106.56975035069664, 29.556918183354842], [106.56930500235782, 29.557359906999192], [106.56892974816692, 29.557848415034623], [106.56863100882718, 29.558375348953213], [106.56841389585153, 29.558931692769523], [106.56828212410318, 29.5595079272866], [106.56823794823326, 29.5600941929721], [106.56828212410318, 29.560680458657604], [106.56841389585153, 29.56125669317468], [106.56863100882718, 29.56181303699099], [106.56892974816692, 29.56233997090958], [106.56930500235782, 29.56282847894501], [106.56975035069664, 29.56327020258936], [106.57025817314981, 29.5636575838286], [106.57081978073437, 29.56398399446233], [106.57142556418884, 29.564243849514103], [106.57206515839037, 29.56443270279194], [106.57272761970484, 29.5645473229639], [106.57340161323548, 29.56458574884706]]]}}, {"type": "Feature", "properties": {"area_id": 413000, "parent_id": 4130, "name": "Nanchong Airport", "kind": "polygon", "radius_m": 14812, "lat": 30.7488603424, "lng": 106.116997981}, "geometry": {"type": "Polygon", "coordinates": [[[105.980579449, 30.7403139154], [106.022257333, 30.6814991776], [106.098951643, 30.7369767495], [106.115280389, 30.7268996577], [106.152602988, 30.719562372], [106.171640152, 30.7223316435], [106.217001691, 30.7437831897], [106.244226029, 30.7678592863], [106.253416513, 30.7998106708], [106.250520717, 30.8162215072], [106.073064286, 30.7734890617], [105.980579449, 30.7403139154]]]}}, {"type": "Feature", "properties": {"area_id": 413001, "parent_id": 4130, "name": "Nanchong Airport", "kind": "polygon", "radius_m": 14893, "lat": 30.84084051265, "lng": 106.2076941565}, "geometry": {"type": "Polygon", "coordinates": [[[106.250520717, 30.8162215072], [106.343161741, 30.8493713542], [106.301455758, 30.9081919636], [106.224592446, 30.8528128743], [106.190106605, 30.8686819703], [106.17085367, 30.8702338126], [106.134215701, 30.8605289578], [106.090661395, 30.8352484778], [106.079230813, 30.8218634992], [106.072226572, 30.8063936715], [106.073064286, 30.7734890617], [106.250520717, 30.8162215072]]]}}, {"type": "Feature", "properties": {"area_id": 40045004, "parent_id": 40045004, "name": "嘉州路", "kind": "circle", "radius_m": 500, "lat": 29.59704200000153, "lng": 106.520181217193}, "geometry": {"type": "Polygon", "coordinates": [[[106.520181217193, 29.601533555876486], [106.52085545745918, 29.601495129993328], [106.52151816128747, 29.601380509821368], [106.52215798963164, 29.60119165654353], [106.52276399485132, 29.600931801491758], [106.52332580802917, 29.60060539085803], [106.52383381638597, 29.60021800961879], [106.52427932775791, 29.59977628597444], [106.52465471932184, 29.599287777939008], [106.52495356802409, 29.59876084402042], [106.52517076048045, 29.59820450020411], [106.52530258046781, 29.59762826568703], [106.52534677250962, 29.59704200000153], [106.52530258046781, 29.596455734316027], [106.52517076048045, 29.59587949979895], [106.52495356802409, 29.59532315598264], [106.52465471932184, 29.59479622206405], [106.52427932775791, 29.59430771402862], [106.52383381638597, 29.59386599038427], [106.52332580802917, 29.59347860914503], [106.52276399485132, 29.5931521985113], [106.52215798963164, 29.59289234345953], [106.52151816128747, 29.59270349018169], [106.52085545745918, 29.59258887000973], [106.520181217193, 29.592550444126573], [106.51950697692682, 29.59258887000973], [106.51884427309852, 29.59270349018169], [106.51820444475436, 29.59289234345953], [106.51759843953468, 29.5931521985113], [106.51703662635683, 29.59347860914503], [106.51652861800002, 29.59386599038427], [106.51608310662809, 29.59430771402862], [106.51570771506415, 29.59479622206405], [106.51540886636191, 29.59532315598264], [106.51519167390555, 29.59587949979895], [106.51505985391819, 29.596455734316027], [106.51501566187638, 29.59704200000153], [106.51505985391819, 29.59762826568703], [106.51519167390555, 29.59820450020411], [106.51540886636191, 29.59876084402042], [106.51570771506415, 29.599287777939008], [106.51608310662809, 29.59977628597444], [106.51652861800002, 29.60021800961879], [106.51703662635683, 29.60060539085803], [106.51759843953468, 29.600931801491758], [106.51820444475436, 29.60119165654353], [106.51884427309852, 29.601380509821368], [106.51950697692682, 29.601495129993328], [106.520181217193, 29.601533555876486]]]}}, {"type": "Feature", "properties": {"area_id": 40042406, "parent_id": 40042406, "name": "渝州宾馆", "kind": "circle", "radius_m": 1500, "lat": 29.5335674, "lng": 106.4985466}, "geometry": {"type": "Polygon", "coordinates": [[[106.4985466, 29.547042067624865], [106.50056805001053, 29.54692678997539], [106.50255491245095, 29.546582929459518], [106.504473191554, 29.546016369626006], [106.5062900650324, 29.545236804470683], [106.5079744456772, 29.5442575725695], [106.50949751326858, 29.543095428851775], [106.51083320769777, 29.541770257918728], [106.51195867486275, 29.54030473381243], [106.5128546577083, 29.538723932056662], [106.51350582571952, 29.53705490060774], [106.51390103723121, 29.535326197056502], [106.51403353006481, 29.5335674], [106.51390103723121, 29.531808602943496], [106.51350582571952, 29.53007989939226], [106.5128546577083, 29.528410867943336], [106.51195867486275, 29.526830066187568], [106.51083320769777, 29.52536454208127], [106.50949751326858, 29.524039371148223], [106.5079744456772, 29.5228772274305], [106.5062900650324, 29.521897995529315], [106.504473191554, 29.521118430373992], [106.50255491245095, 29.52055187054048], [106.50056805001053, 29.520208010024607], [106.4985466, 29.520092732375133], [106.49652514998947, 29.520208010024607], [106.49453828754905, 29.52055187054048], [106.492620008446, 29.521118430373992], [106.49080313496759, 29.521897995529315], [106.48911875432279, 29.5228772274305], [106.48759568673141, 29.524039371148223], [106.48625999230222, 29.52536454208127], [106.48513452513724, 29.526830066187568], [106.48423854229169, 29.528410867943336], [106.48358737428048, 29.53007989939226], [106.48319216276879, 29.531808602943496], [106.48305966993519, 29.5335674], [106.48319216276879, 29.535326197056502], [106.48358737428048, 29.53705490060774], [106.48423854229169, 29.538723932056662], [106.48513452513724, 29.54030473381243], [106.48625999230222, 29.541770257918728], [106.48759568673141, 29.543095428851775], [106.48911875432279, 29.5442575725695], [106.49080313496759, 29.545236804470683], [106.492620008446, 29.546016369626006], [106.49453828754905, 29.546582929459518], [106.49652514998947, 29.54692678997539], [106.4985466, 29.547042067624865]]]}}, {"type": "Feature", "properties": {"area_id": 40025607, "parent_id": 40025607, "name": "重庆市人民政府", "kind": "circle", "radius_m": 1000, "lat": 29.5667598, "lng": 106.5455948}, "geometry": {"type": "Polygon", "coordinates": [[[106.5455948, 29.57574291174991], [106.54694287601829, 29.575666059983593], [106.54826788608216, 29.57543681963968], [106.54954715890203, 29.575059113084002], [106.5507588057653, 29.574539402980456], [106.55188209505818, 29.573886581713], [106.55289780698945, 29.57311181923452], [106.55378856244636, 29.57222837194582], [106.55453912035607, 29.571251355874956], [106.55513663846465, 29.570197488037774], [106.5555708930716, 29.56908480040516], [106.55583445396022, 29.567932331371004], [106.55592281153059, 29.5667598], [106.55583445396022, 29.565587268628995], [106.5555708930716, 29.56443479959484], [106.55513663846465, 29.563322111962226], [106.55453912035607, 29.562268244125043], [106.55378856244636, 29.56129122805418], [106.55289780698945, 29.56040778076548], [106.55188209505818, 29.559633018287], [106.5507588057653, 29.558980197019544], [106.54954715890203, 29.558460486915997], [106.54826788608216, 29.55808278036032], [106.54694287601829, 29.557853540016406], [106.5455948, 29.55777668825009], [106.54424672398171, 29.557853540016406], [106.54292171391785, 29.55808278036032], [106.54164244109798, 29.558460486915997], [106.54043079423471, 29.558980197019544], [106.53930750494183, 29.559633018287], [106.53829179301056, 29.56040778076548], [106.53740103755365, 29.56129122805418], [106.53665047964394, 29.562268244125043], [106.53605296153536, 29.563322111962226], [106.5356187069284, 29.56443479959484], [106.53535514603979, 29.565587268628995], [106.53526678846941, 29.5667598], [106.53535514603979, 29.567932331371004], [106.5356187069284, 29.56908480040516], [106.53605296153536, 29.570197488037774], [106.53665047964394, 29.571251355874956], [106.53740103755365, 29.57222837194582], [106.53829179301056, 29.57311181923452], [106.53930750494183, 29.573886581713], [106.54043079423471, 29.574539402980456], [106.54164244109798, 29.575059113084002], [106.54292171391785, 29.57543681963968], [106.54424672398171, 29.575666059983593], [106.5455948, 29.57574291174991]]]}}, {"type": "Feature", "properties": {"area_id": 4004501200, "parent_id": 40045012, "name": "达州金垭机场", "kind": "polygon", "radius_m": 13678, "lat": 31.097829367800003, "lng": 107.4437623285}, "geometry": {"type": "Polygon", "coordinates": [[[107.53553027, 31.1874134889], [107.46288204, 31.2097759448], [107.442979068, 31.1250329509], [107.421818161, 31.1242085788], [107.387211606, 31.1098745615], [107.365625788, 31.0826426923], [107.351994387, 31.0429941305], [107.353204506, 31.0264283106], [107.359375553, 31.0106951495], [107.384601861, 30.9858827908], [107.487747067, 31.1112387777], [107.53553027, 31.1874134889]]]}}, {"type": "Feature", "properties": {"area_id": 4004501201, "parent_id": 40045012, "name": "达州金垭机场", "kind": "polygon", "radius_m": 13679, "lat": 30.99929772945, "lng": 107.42861378399999}, "geometry": {"type": "Polygon", "coordinates": [[[107.384601861, 30.9858827908], [107.336969426, 30.9097142624], [107.409415336, 30.8873566812], [107.429259313, 30.9721153635], [107.450307272, 30.972922638], [107.484894441, 30.9872026844], [107.506532484, 31.0143914706], [107.520258142, 31.0540773564], [107.519087856, 31.0706452949], [107.512949887, 31.086389063], [107.487747067, 31.1112387777], [107.384601861, 30.9858827908]]]}}, {"type": "Feature", "properties": {"area_id": 4000218000, "parent_id": 40002180, "name": "Bazhong Enyang Airport", "kind": "polygon", "radius_m": 14235, "lat": 31.69803452515, "lng": 106.59304394349999}, "geometry": {"type": "Polygon", "coordinates": [[[106.552307583, 31.7314917139], [106.452743114, 31.7143075737], [106.479165105, 31.6521955312], [106.568581235, 31.6932525076], [106.582894712, 31.6798553613], [106.618070522, 31.6661795828], [106.637559396, 31.6655810882], [106.683661379, 31.6776244884], [106.716734734, 31.697306162], [106.732703708, 31.7272842369], [106.733344773, 31.7438735191], [106.552307583, 31.7314917139]]]}}, {"type": "Feature", "properties": {"area_id": 4000218001, "parent_id": 40002180, "name": "Bazhong Enyang Airport", "kind": "polygon", "radius_m": 14228, "lat": 31.77731051925, "lng": 106.6926653215}, "geometry": {"type": "Polygon", "coordinates": [[[106.83302306, 31.7610123045], [106.806611432, 31.8231293246], [106.71705351, 31.782199369], [106.686193228, 31.8044164569], [106.648003068, 31.8098847721], [106.62896842, 31.806164761], [106.583016368, 31.7894652004], [106.568793836, 31.778092446], [106.55852196, 31.7639771702], [106.552307583, 31.7314917139], [106.733344773, 31.7438735191], [106.83302306, 31.7610123045]]]}}, {"type": "Feature", "properties": {"area_id": 40002367, "parent_id": 40002367, "name": "陕西液化天然气公司", "kind": "polygon", "radius_m": 1211, "lat": 34.2570338310997, "lng": 108.11849271774292}, "geometry": {"type": "Polygon", "coordinates": [[[108.10998205184937, 34.2637714997291], [108.11438636779786, 34.262284877555786], [108.12607398986816, 34.26254292400144], [108.12882667541504, 34.25029616247029], [108.10815876007081, 34.25237078028573], [108.10998205184937, 34.2637714997291]]]}}, {"type": "Feature", "properties": {"area_id": 162900, "parent_id": 1629, "name": "Hanzhong Airport", "kind": "polygon", "radius_m": 13678, "lat": 33.09401660975, "lng": 107.1549998375}, "geometry": {"type": "Polygon", "coordinates": [[[107.117114858, 33.1290210552], [107.017111488, 33.114066718], [107.039501582, 33.0521456106], [107.129551864, 33.0921315637], [107.160660213, 33.0696689493], [107.179542654, 33.0646589594], [107.218671246, 33.0674794517], [107.26970782, 33.0912650012], [107.289951867, 33.1194725338], [107.292888187, 33.1358876089], [107.117114858, 33.1290210552]]]}}, {"type": "Feature", "properties": {"area_id": 162901, "parent_id": 1629, "name": "Hanzhong Airport", "kind": "polygon", "radius_m": 13913, "lat": 33.1734507458, "lng": 107.2566836245}, "geometry": {"type": "Polygon", "coordinates": [[[107.396252391, 33.1543029648], [107.367066643, 33.2178804364], [107.277083784, 33.1762096771], [107.24935906, 33.1950224771], [107.230487415, 33.2001340619], [107.210676926, 33.2009812569], [107.166311162, 33.1925153554], [107.135978208, 33.1750507255], [107.124907399, 33.1612803298], [107.118474229, 33.1455802173], [107.117114858, 33.1290210552], [107.292888187, 33.1358876089], [107.396252391, 33.1543029648]]]}}, {"type": "Feature", "properties": {"area_id": 293300, "parent_id": 2933, "name": "Qingyang Airport", "kind": "polygon", "radius_m": 14687, "lat": 35.8368509944, "lng": 107.54072049550001}, "geometry": {"type": "Polygon", "coordinates": [[[107.558666477, 35.8745511018], [107.505377827, 35.9445546612], [107.441789392, 35.8998548684], [107.521785088, 35.8465656109], [107.508584047, 35.8155592076], [107.50980081, 35.7989903269], [107.516261823, 35.783241209], [107.527524186, 35.769384341], [107.579752898, 35.7340945874], [107.59927071, 35.7291473276], [107.639651599, 35.7320967567], [107.558666477, 35.8745511018]]]}}, {"type": "Feature", "properties": {"area_id": 293301, "parent_id": 2933, "name": "Qingyang Airport", "kind": "polygon", "radius_m": 14810, "lat": 35.76897656445, "lng": 107.6584385675}, "geometry": {"type": "Polygon", "coordinates": [[[107.692954245, 35.6587792057], [107.758210658, 35.7034482327], [107.676546166, 35.7617719164], [107.686116091, 35.7876168111], [107.685034974, 35.8041918703], [107.678699666, 35.8199749959], [107.6508402, 35.8555874045], [107.618719801, 35.875033979], [107.598882539, 35.8791739232], [107.558666477, 35.8745511018], [107.639651599, 35.7320967567], [107.692954245, 35.6587792057]]]}}, {"type": "Feature", "properties": {"area_id": 288800, "parent_id": 2888, "name": "Yinchuan Airport", "kind": "polygon", "radius_m": 14669, "lat": 38.36964263095, "lng": 106.41743313949999}, "geometry": {"type": "Polygon", "coordinates": [[[106.468302354, 38.3767356587], [106.536602512, 38.4417656566], [106.460987872, 38.4761414072], [106.417632962, 38.3977997683], [106.384361503, 38.397170628], [106.364555394, 38.3912941362], [106.333974945, 38.3687428817], [106.308988812, 38.3370905628], [106.298263767, 38.3091572064], [106.29973991, 38.2925994412], [106.318444393, 38.2631438547], [106.468302354, 38.3767356587]]]}}, {"type": "Feature", "properties": {"area_id": 288801, "parent_id": 2888, "name": "Yinchuan Airport", "kind": "polygon", "radius_m": 14608, "lat": 38.27113008235, "lng": 106.36908919}, "geometry": {"type": "Polygon", "coordinates": [[[106.251735063, 38.1999125894], [106.325673841, 38.165524506], [106.363989778, 38.2421846836], [106.387049791, 38.2408044485], [106.426713333, 38.2514299651], [106.442589052, 38.2623886722], [106.475993189, 38.3045512839], [106.486443317, 38.3301979137], [106.485707577, 38.3467861178], [106.468302354, 38.3767356587], [106.318444393, 38.2631438547], [106.251735063, 38.1999125894]]]}}, {"type": "Feature", "properties": {"area_id": 960001583, "parent_id": 960001583, "name": "无人机管控区域", "kind": "circle", "radius_m": 500, "lat": 38.471962751255234, "lng": 106.25473252153719}, "geometry": {"type": "Polygon", "coordinates": [[[106.25473252153719, 38.47645430713019], [106.2554813479339, 38.47641588124703], [106.25621736170332, 38.47630126107507], [106.25692796944584, 38.47611240779724], [106.25760101246595, 38.475852552745465], [106.25822497481097, 38.47552614211173], [106.25878918031219, 38.47513876087249], [106.25928397525705, 38.47469703722815], [106.25970089356686, 38.47420852919271], [106.26003280165375, 38.47368159527412], [106.26027402047832, 38.473125251457816], [106.26042042271963, 38.47254901694073], [106.26046950339472, 38.471962751255234], [106.26042042271963, 38.471376485569735], [106.26027402047832, 38.47080025105265], [106.26003280165375, 38.470243907236345], [106.25970089356686, 38.46971697331776], [106.25928397525705, 38.46922846528232], [106.25878918031219, 38.46878674163798], [106.25822497481097, 38.468399360398735], [106.25760101246595, 38.468072949765], [106.25692796944584, 38.46781309471323], [106.25621736170332, 38.467624241435395], [106.2554813479339, 38.46750962126344], [106.25473252153719, 38.46747119538028], [106.25398369514049, 38.46750962126344], [106.25324768137106, 38.467624241435395], [106.25253707362855, 38.46781309471323], [106.25186403060843, 38.468072949765], [106.25124006826341, 38.468399360398735], [106.2506758627622, 38.46878674163798], [106.25018106781734, 38.46922846528232], [106.24976414950753, 38.46971697331776], [106.24943224142064, 38.470243907236345], [106.24919102259607, 38.47080025105265], [106.24904462035475, 38.471376485569735], [106.24899553967967, 38.471962751255234], [106.24904462035475, 38.47254901694073], [106.24919102259607, 38.473125251457816], [106.24943224142064, 38.47368159527412], [106.24976414950753, 38.47420852919271], [106.25018106781734, 38.47469703722815], [106.2506758627622, 38.47513876087249], [106.25124006826341, 38.47552614211173], [106.25186403060843, 38.475852552745465], [106.25253707362855, 38.47611240779724], [106.25324768137106, 38.47630126107507], [106.25398369514049, 38.47641588124703], [106.25473252153719, 38.47645430713019]]]}}, {"type": "Feature", "properties": {"area_id": 960001602, "parent_id": 960001602, "name": "无人机管控区域", "kind": "circle", "radius_m": 500, "lat": 38.49754971715085, "lng": 106.22409492580792}, "geometry": {"type": "Polygon", "coordinates": [[[106.22409492580792, 38.5020412730258], [106.22484401810712, 38.50200284714264], [106.22558029322938, 38.501888226970685], [106.22629115330326, 38.50169937369285], [106.22696443531578, 38.50143951864108], [106.22758861922503, 38.501113108007345], [106.2281530250713, 38.5007257267681], [106.22864799571403, 38.50028400312376], [106.22906506206833, 38.49979549508832], [106.22939708801323, 38.499268561169735], [106.22963839249276, 38.49871221735343], [106.22978484672038, 38.498135982836345], [106.22983394482362, 38.49754971715085], [106.22978484672038, 38.49696345146535], [106.22963839249276, 38.496387216948264], [106.22939708801323, 38.49583087313196], [106.22906506206833, 38.49530393921337], [106.22864799571403, 38.49481543117793], [106.2281530250713, 38.49437370753359], [106.22758861922503, 38.49398632629435], [106.22696443531578, 38.493659915660615], [106.22629115330326, 38.49340006060884], [106.22558029322938, 38.49321120733101], [106.22484401810712, 38.49309658715905], [106.22409492580792, 38.49305816127589], [106.22334583350872, 38.49309658715905], [106.22260955838645, 38.49321120733101], [106.22189869831257, 38.49340006060884], [106.22122541630006, 38.493659915660615], [106.2206012323908, 38.49398632629435], [106.22003682654454, 38.49437370753359], [106.21954185590181, 38.49481543117793], [106.21912478954751, 38.49530393921337], [106.21879276360261, 38.49583087313196], [106.21855145912308, 38.496387216948264], [106.21840500489546, 38.49696345146535], [106.21835590679221, 38.49754971715085], [106.21840500489546, 38.498135982836345], [106.21855145912308, 38.49871221735343], [106.21879276360261, 38.499268561169735], [106.21912478954751, 38.49979549508832], [106.21954185590181, 38.50028400312376], [106.22003682654454, 38.5007257267681], [106.2206012323908, 38.501113108007345], [106.22122541630006, 38.50143951864108], [106.22189869831257, 38.50169937369285], [106.22260955838645, 38.501888226970685], [106.22334583350872, 38.50200284714264], [106.22409492580792, 38.5020412730258]]]}}, {"type": "Feature", "properties": {"area_id": 380900, "parent_id": 3809, "name": "Lishan Airport", "kind": "polygon", "radius_m": 13492, "lat": 39.7473375239, "lng": 106.8065259495}, "geometry": {"type": "Polygon", "coordinates": [[[106.760271708, 39.7227026216], [106.726893062, 39.6427373491], [106.811176378, 39.6341256772], [106.812848993, 39.7191292778], [106.8462515, 39.7309747835], [106.861489476, 39.7427303787], [106.872256402, 39.7571170069], [106.886158837, 39.7965400176], [106.881345977, 39.8249275482], [106.871220278, 39.839591761], [106.838164968, 39.8605493706], [106.760271708, 39.7227026216]]]}}, {"type": "Feature", "properties": {"area_id": 380901, "parent_id": 3809, "name": "Lishan Airport", "kind": "polygon", "radius_m": 13745, "lat": 39.837632689, "lng": 106.793466042}, "geometry": {"type": "Polygon", "coordinates": [[[106.871425062, 39.9456257596], [106.788846257, 39.9525627564], [106.785464262, 39.8675231063], [106.75055974, 39.8564287191], [106.734797123, 39.8450681704], [106.717162261, 39.8150710382], [106.715507022, 39.7901215864], [106.718692722, 39.7593897669], [106.728184412, 39.7444817338], [106.760271708, 39.7227026216], [106.838164968, 39.8605493706], [106.871425062, 39.9456257596]]]}}, {"type": "Feature", "properties": {"area_id": 40000190, "parent_id": 40000190, "name": "无人机适飞空域限高区", "kind": "polygon", "radius_m": 843, "lat": 18.314208999999998, "lng": 109.418335}, "geometry": {"type": "Polygon", "coordinates": [[[109.412842, 18.314209], [109.412842, 18.319702], [109.423828, 18.319702], [109.423828, 18.308716], [109.412842, 18.308716], [109.412842, 18.314209]]]}}, {"type": "Feature", "properties": {"area_id": 40000252, "parent_id": 40000252, "name": "无人机管控空域", "kind": "polygon", "radius_m": 4339, "lat": 18.4927365, "lng": 110.000614}, "geometry": {"type": "Polygon", "coordinates": [[[109.995117, 18.457031], [109.995117, 18.462524], [109.984138, 18.462524], [109.984138, 18.528442], [109.995117, 18.528442], [109.995117, 18.522949], [110.006104, 18.522949], [110.006104, 18.50647], [110.01709, 18.50647], [110.01709, 18.457031], [109.995117, 18.457031]]]}}, {"type": "Feature", "properties": {"area_id": 40000206, "parent_id": 40000206, "name": "无人机适飞空域限高区", "kind": "polygon", "radius_m": 1085, "lat": 18.674011, "lng": 109.20959500000001}, "geometry": {"type": "Polygon", "coordinates": [[[109.204102, 18.671265], [109.204102, 18.682251], [109.215088, 18.682251], [109.215088, 18.665771], [109.204102, 18.665771], [109.204102, 18.671265]]]}}, {"type": "Feature", "properties": {"area_id": 40000218, "parent_id": 40000218, "name": "无人机管控空域", "kind": "polygon", "radius_m": 5017, "lat": 18.2070925, "lng": 109.66278500000001}, "geometry": {"type": "Polygon", "coordinates": [[[109.665527, 18.165894], [109.665527, 18.182373], [109.654541, 18.182373], [109.654541, 18.209839], [109.643555, 18.209839], [109.643555, 18.242798], [109.665527, 18.242798], [109.665527, 18.248291], [109.682015, 18.248291], [109.682015, 18.165894], [109.665527, 18.165894]]]}}, {"type": "Feature", "properties": {"area_id": 40000250, "parent_id": 40000250, "name": "无人机适飞空域限高区", "kind": "polygon", "radius_m": 2966, "lat": 18.3306885, "lng": 109.46227999999999}, "geometry": {"type": "Polygon", "coordinates": [[[109.456787, 18.336182], [109.489746, 18.336182], [109.489746, 18.330688], [109.456787, 18.330688], [109.456787, 18.325195], [109.434814, 18.325195], [109.434814, 18.330688], [109.445801, 18.330688], [109.445801, 18.336182], [109.456787, 18.336182]]]}}, {"type": "Feature", "properties": {"area_id": 40000253, "parent_id": 40000253, "name": "无人机适飞空域限高区", "kind": "polygon", "radius_m": 843, "lat": 18.4680175, "lng": 109.945679}, "geometry": {"type": "Polygon", "coordinates": [[[109.940186, 18.468018], [109.940186, 18.473511], [109.951172, 18.473511], [109.951172, 18.462524], [109.940186, 18.462524], [109.940186, 18.468018]]]}}, {"type": "Feature", "properties": {"area_id": 40000239, "parent_id": 40000239, "name": "无人机适飞空域限高区", "kind": "polygon", "radius_m": 1085, "lat": 18.7234495, "lng": 109.121704}, "geometry": {"type": "Polygon", "coordinates": [[[109.116211, 18.71521], [109.116211, 18.731689], [109.127197, 18.731689], [109.127197, 18.71521], [109.116211, 18.71521]]]}}, {"type": "Feature", "properties": {"area_id": 40000222, "parent_id": 40000222, "name": "无人机适飞空域限高区", "kind": "polygon", "radius_m": 656, "lat": 18.3224485, "lng": 109.429321}, "geometry": {"type": "Polygon", "coordinates": [[[109.423828, 18.319702], [109.423828, 18.325195], [109.434814, 18.325195], [109.434814, 18.319702], [109.423828, 18.319702]]]}}, {"type": "Feature", "properties": {"area_id": 40000230, "parent_id": 40000230, "name": "无人机适飞空域限高区", "kind": "polygon", "radius_m": 3384, "lat": 18.468018999999998, "lng": 109.970405}, "geometry": {"type": "Polygon", "coordinates": [[[109.956673, 18.495486], [109.962158, 18.495486], [109.962158, 18.484497], [109.973145, 18.484497], [109.973145, 18.468018], [109.984131, 18.468018], [109.984131, 18.462524], [109.984137, 18.462524], [109.984137, 18.440552], [109.984131, 18.440552], [109.984131, 18.446045], [109.973145, 18.446045], [109.973145, 18.451538], [109.962158, 18.451538], [109.962158, 18.462524], [109.956673, 18.462524], [109.956673, 18.495486]]]}}, {"type": "Feature", "properties": {"area_id": 40000185, "parent_id": 40000185, "name": "无人机适飞空域限高区", "kind": "polygon", "radius_m": 4102, "lat": 18.6644, "lng": 109.1876195}, "geometry": {"type": "Polygon", "coordinates": [[[109.160151, 18.660278], [109.171143, 18.660278], [109.171143, 18.671265], [109.182129, 18.671265], [109.182129, 18.687744], [109.193115, 18.687744], [109.193115, 18.690494], [109.215088, 18.690494], [109.215088, 18.682251], [109.204102, 18.682251], [109.204102, 18.665771], [109.193115, 18.665771], [109.193115, 18.654785], [109.182129, 18.654785], [109.182129, 18.643799], [109.171143, 18.643799], [109.171143, 18.638306], [109.160151, 18.638306], [109.160151, 18.660278]]]}}, {"type": "Feature", "properties": {"area_id": 40000170, "parent_id": 40000170, "name": "无人机适飞空域限高区", "kind": "polygon", "radius_m": 655, "lat": 18.635559, "lng": 109.187622}, "geometry": {"type": "Polygon", "coordinates": [[[109.182129, 18.632812], [109.182129, 18.638306], [109.193115, 18.638306], [109.193115, 18.632812], [109.182129, 18.632812]]]}}, {"type": "Feature", "properties": {"area_id": 40000260, "parent_id": 40000260, "name": "无人机适飞空域限高区", "kind": "polygon", "radius_m": 1085, "lat": 18.4542845, "lng": 109.945679}, "geometry": {"type": "Polygon", "coordinates": [[[109.940186, 18.446045], [109.940186, 18.462524], [109.951172, 18.462524], [109.951172, 18.446045], [109.940186, 18.446045]]]}}, {"type": "Feature", "properties": {"area_id": 40000247, "parent_id": 40000247, "name": "无人机适飞空域限高区", "kind": "polygon", "radius_m": 1085, "lat": 18.487243499999998, "lng": 109.9346925}, "geometry": {"type": "Polygon", "coordinates": [[[109.929199, 18.484497], [109.929199, 18.495483], [109.940186, 18.495483], [109.940186, 18.479004], [109.929199, 18.479004], [109.929199, 18.484497]]]}}, {"type": "Feature", "properties": {"area_id": 40000184, "parent_id": 40000184, "name": "无人机适飞空域限高区", "kind": "polygon", "radius_m": 4102, "lat": 18.6644, "lng": 109.132688}, "geometry": {"type": "Polygon", "coordinates": [[[109.105225, 18.660278], [109.105225, 18.690494], [109.127197, 18.690494], [109.127197, 18.654785], [109.14917, 18.654785], [109.14917, 18.660278], [109.160151, 18.660278], [109.160151, 18.638306], [109.127197, 18.638306], [109.127197, 18.643799], [109.116211, 18.643799], [109.116211, 18.660278], [109.105225, 18.660278]]]}}, {"type": "Feature", "properties": {"area_id": 40000197, "parent_id": 40000197, "name": "无人机适飞空域限高区", "kind": "polygon", "radius_m": 1635, "lat": 18.679504, "lng": 109.088745}, "geometry": {"type": "Polygon", "coordinates": [[[109.083252, 18.676758], [109.083252, 18.693237], [109.094238, 18.693237], [109.094238, 18.665771], [109.083252, 18.665771], [109.083252, 18.676758]]]}}, {"type": "Feature", "properties": {"area_id": 40000173, "parent_id": 40000173, "name": "无人机适飞空域限高区", "kind": "polygon", "radius_m": 656, "lat": 18.3279415, "lng": 109.495239}, "geometry": {"type": "Polygon", "coordinates": [[[109.489746, 18.325195], [109.489746, 18.330688], [109.500732, 18.330688], [109.500732, 18.325195], [109.489746, 18.325195]]]}}, {"type": "Feature", "properties": {"area_id": 40000220, "parent_id": 40000220, "name": "无人机适飞空域限高区", "kind": "polygon", "radius_m": 2317, "lat": 18.311462, "lng": 109.5172115}, "geometry": {"type": "Polygon", "coordinates": [[[109.522705, 18.308716], [109.522705, 18.319702], [109.500732, 18.319702], [109.500732, 18.325195], [109.533691, 18.325195], [109.533691, 18.297729], [109.522705, 18.297729], [109.522705, 18.308716]]]}}, {"type": "Feature", "properties": {"area_id": 40000275, "parent_id": 40000275, "name": "无人机管控空域", "kind": "polygon", "radius_m": 4844, "lat": 18.2015995, "lng": 109.55566400000001}, "geometry": {"type": "Polygon", "coordinates": [[[109.533691, 18.165894], [109.533691, 18.193359], [109.522705, 18.193359], [109.522705, 18.231812], [109.533691, 18.231812], [109.533691, 18.237305], [109.555664, 18.237305], [109.555664, 18.231812], [109.56665, 18.231812], [109.56665, 18.220825], [109.577637, 18.220825], [109.577637, 18.209839], [109.588623, 18.209839], [109.588623, 18.204346], [109.577637, 18.204346], [109.577637, 18.17688], [109.56665, 18.17688], [109.56665, 18.165894], [109.533691, 18.165894]]]}}, {"type": "Feature", "properties": {"area_id": 40000186, "parent_id": 40000186, "name": "无人机适飞空域限高区", "kind": "polygon", "radius_m": 1085, "lat": 18.646545500000002, "lng": 109.1986085}, "geometry": {"type": "Polygon", "coordinates": [[[109.193115, 18.643799], [109.193115, 18.654785], [109.204102, 18.654785], [109.204102, 18.638306], [109.193115, 18.638306], [109.193115, 18.643799]]]}}, {"type": "Feature", "properties": {"area_id": 40000187, "parent_id": 40000187, "name": "无人机适飞空域限高区", "kind": "polygon", "radius_m": 1085, "lat": 18.7234495, "lng": 109.110718}, "geometry": {"type": "Polygon", "coordinates": [[[109.105225, 18.71521], [109.105225, 18.731689], [109.116211, 18.731689], [109.116211, 18.71521], [109.105225, 18.71521]]]}}, {"type": "Feature", "properties": {"area_id": 870100, "parent_id": 8701, "name": "Sanya Phoenix International Airport", "kind": "polygon", "radius_m": 14204, "lat": 18.2758541334, "lng": 109.36834728400001}, "geometry": {"type": "Polygon", "coordinates": [[[109.330749313, 18.3125572594], [109.240776507, 18.3159333132], [109.251050586, 18.2488851574], [109.334358776, 18.2705646443], [109.356675831, 18.2459072487], [109.372245895, 18.2383686771], [109.406791233, 18.2357749536], [109.465775813, 18.2513852673], [109.489644655, 18.275248668], [109.495918061, 18.2907412173], [109.330749313, 18.3125572594]]]}}, {"type": "Feature", "properties": {"area_id": 870101, "parent_id": 8701, "name": "Sanya Phoenix International Airport", "kind": "polygon", "radius_m": 14097, "lat": 18.329404162, "lng": 109.4583385465}, "geometry": {"type": "Polygon", "coordinates": [[[109.58592778, 18.2924337594], [109.573907947, 18.3594681383], [109.487260296, 18.3361259152], [109.468097222, 18.3564121343], [109.452690635, 18.364266419], [109.435666212, 18.3680671067], [109.388204379, 18.3642242883], [109.358543959, 18.3534477567], [109.345582406, 18.3423056296], [109.33610235, 18.3283584548], [109.330749313, 18.3125572594], [109.495918061, 18.2907412173], [109.58592778, 18.2924337594]]]}}, {"type": "Feature", "properties": {"area_id": 40000174, "parent_id": 40000174, "name": "无人机适飞空域限高区", "kind": "polygon", "radius_m": 1085, "lat": 18.470764, "lng": 109.9346925}, "geometry": {"type": "Polygon", "coordinates": [[[109.929199, 18.473511], [109.929199, 18.479004], [109.940186, 18.479004], [109.940186, 18.462524], [109.929199, 18.462524], [109.929199, 18.473511]]]}}, {"type": "Feature", "properties": {"area_id": 40000255, "parent_id": 40000255, "name": "无人机管控空域", "kind": "polygon", "radius_m": 4339, "lat": 18.49823, "lng": 109.96765500000001}, "geometry": {"type": "Polygon", "coordinates": [[[109.984138, 18.462524], [109.984131, 18.462524], [109.984131, 18.468018], [109.973145, 18.468018], [109.973145, 18.484497], [109.962158, 18.484497], [109.962158, 18.500977], [109.951172, 18.500977], [109.951172, 18.517456], [109.962158, 18.517456], [109.962158, 18.522949], [109.951172, 18.522949], [109.951172, 18.533936], [109.973145, 18.533936], [109.973145, 18.528442], [109.984138, 18.528442], [109.984138, 18.462524]]]}}, {"type": "Feature", "properties": {"area_id": 40000271, "parent_id": 40000271, "name": "无人机适飞空域限高区", "kind": "polygon", "radius_m": 4101, "lat": 18.716585000000002, "lng": 109.187622}, "geometry": {"type": "Polygon", "coordinates": [[[109.160156, 18.742676], [109.193115, 18.742676], [109.193115, 18.737183], [109.204102, 18.737183], [109.204102, 18.720703], [109.215088, 18.720703], [109.215088, 18.690494], [109.193115, 18.690494], [109.193115, 18.726196], [109.171143, 18.726196], [109.171143, 18.720703], [109.160156, 18.720703], [109.160156, 18.742676]]]}}, {"type": "Feature", "properties": {"area_id": 40000211, "parent_id": 40000211, "name": "无人机适飞空域限高区", "kind": "polygon", "radius_m": 2759, "lat": 18.437805, "lng": 110.0335695}, "geometry": {"type": "Polygon", "coordinates": [[[110.050049, 18.435059], [110.050049, 18.429565], [110.039062, 18.429565], [110.039062, 18.418579], [110.01709, 18.418579], [110.01709, 18.429565], [110.028076, 18.429565], [110.028076, 18.435059], [110.039062, 18.435059], [110.039062, 18.457031], [110.050049, 18.457031], [110.050049, 18.435059]]]}}, {"type": "Feature", "properties": {"area_id": 40000272, "parent_id": 40000272, "name": "无人机适飞空域限高区", "kind": "polygon", "radius_m": 5894, "lat": 18.739929, "lng": 109.1766355}, "geometry": {"type": "Polygon", "coordinates": [[[109.215088, 18.71521], [109.215088, 18.748169], [109.204102, 18.748169], [109.204102, 18.753662], [109.182129, 18.753662], [109.182129, 18.748169], [109.138184, 18.748169], [109.138184, 18.742676], [109.127197, 18.742676], [109.127197, 18.753662], [109.14917, 18.753662], [109.14917, 18.759155], [109.193115, 18.759155], [109.193115, 18.764648], [109.215088, 18.764648], [109.215088, 18.753662], [109.226074, 18.753662], [109.226074, 18.71521], [109.215088, 18.71521]]]}}, {"type": "Feature", "properties": {"area_id": 40000264, "parent_id": 40000264, "name": "无人机适飞空域限高区", "kind": "polygon", "radius_m": 655, "lat": 18.5421755, "lng": 109.9346925}, "geometry": {"type": "Polygon", "coordinates": [[[109.929199, 18.539429], [109.929199, 18.544922], [109.940186, 18.544922], [109.940186, 18.539429], [109.929199, 18.539429]]]}}, {"type": "Feature", "properties": {"area_id": 40000181, "parent_id": 40000181, "name": "无人机适飞空域限高区", "kind": "polygon", "radius_m": 3689, "lat": 18.4350585, "lng": 109.98413099999999}, "geometry": {"type": "Polygon", "coordinates": [[[109.962158, 18.440552], [109.973145, 18.440552], [109.973145, 18.435059], [110.01709, 18.435059], [110.01709, 18.429565], [110.006104, 18.429565], [110.006104, 18.424072], [109.984131, 18.424072], [109.984131, 18.429565], [109.962158, 18.429565], [109.962158, 18.435059], [109.951172, 18.435059], [109.951172, 18.446045], [109.962158, 18.446045], [109.962158, 18.440552]]]}}, {"type": "Feature", "properties": {"area_id": 40000270, "parent_id": 40000270, "name": "无人机适飞空域限高区", "kind": "polygon", "radius_m": 4213, "lat": 18.5229505, "lng": 109.956665}, "geometry": {"type": "Polygon", "coordinates": [[[109.929199, 18.495486], [109.929199, 18.522949], [109.940186, 18.522949], [109.940186, 18.539429], [109.951172, 18.539429], [109.951172, 18.550415], [109.984131, 18.550415], [109.984131, 18.528442], [109.973145, 18.528442], [109.973145, 18.533936], [109.951172, 18.533936], [109.951172, 18.522949], [109.962158, 18.522949], [109.962158, 18.517456], [109.951172, 18.517456], [109.951172, 18.500977], [109.962158, 18.500977], [109.962158, 18.495486], [109.929199, 18.495486]]]}}, {"type": "Feature", "properties": {"area_id": 40000261, "parent_id": 40000261, "name": "无人机适飞空域限高区", "kind": "polygon", "radius_m": 843, "lat": 18.2592775, "lng": 109.5062255}, "geometry": {"type": "Polygon", "coordinates": [[[109.500732, 18.253784], [109.500732, 18.264771], [109.511719, 18.264771], [109.511719, 18.253784], [109.500732, 18.253784]]]}}, {"type": "Feature", "properties": {"area_id": 40000248, "parent_id": 40000248, "name": "无人机适飞空域限高区", "kind": "polygon", "radius_m": 5241, "lat": 18.6383055, "lng": 109.1381835}, "geometry": {"type": "Polygon", "coordinates": [[[109.094238, 18.643799], [109.094238, 18.660278], [109.105225, 18.660278], [109.105225, 18.632812], [109.116211, 18.632812], [109.116211, 18.627319], [109.127197, 18.627319], [109.127197, 18.632812], [109.182129, 18.632812], [109.182129, 18.627319], [109.171143, 18.627319], [109.171143, 18.621826], [109.127197, 18.621826], [109.127197, 18.616333], [109.105225, 18.616333], [109.105225, 18.627319], [109.094238, 18.627319], [109.094238, 18.643799]]]}}, {"type": "Feature", "properties": {"area_id": 40000219, "parent_id": 40000219, "name": "无人机适飞空域限高区", "kind": "polygon", "radius_m": 1635, "lat": 18.28949, "lng": 109.4073485}, "geometry": {"type": "Polygon", "coordinates": [[[109.401855, 18.297729], [109.401855, 18.303223], [109.412842, 18.303223], [109.412842, 18.275757], [109.401855, 18.275757], [109.401855, 18.297729]]]}}, {"type": "Feature", "properties": {"area_id": 40000276, "parent_id": 40000276, "name": "无人机适飞空域限高区", "kind": "polygon", "radius_m": 1924, "lat": 18.6987305, "lng": 109.220581}, "geometry": {"type": "Polygon", "coordinates": [[[109.215088, 18.709717], [109.215088, 18.71521], [109.226074, 18.71521], [109.226074, 18.682251], [109.215088, 18.682251], [109.215088, 18.709717]]]}}, {"type": "Feature", "properties": {"area_id": 40000198, "parent_id": 40000198, "name": "无人机适飞空域限高区", "kind": "polygon", "radius_m": 1920, "lat": 18.27301, "lng": 109.423828}, "geometry": {"type": "Polygon", "coordinates": [[[109.412842, 18.275757], [109.412842, 18.28125], [109.423828, 18.28125], [109.423828, 18.286743], [109.434814, 18.286743], [109.434814, 18.259277], [109.423828, 18.259277], [109.423828, 18.270264], [109.412842, 18.270264], [109.412842, 18.275757]]]}}, {"type": "Feature", "properties": {"area_id": 40000234, "parent_id": 40000234, "name": "无人机适飞空域限高区", "kind": "polygon", "radius_m": 4983, "lat": 18.7371825, "lng": 109.1711425}, "geometry": {"type": "Polygon", "coordinates": [[[109.204102, 18.726196], [109.204102, 18.737183], [109.193115, 18.737183], [109.193115, 18.742676], [109.14917, 18.742676], [109.14917, 18.737183], [109.138184, 18.737183], [109.138184, 18.731689], [109.127197, 18.731689], [109.127197, 18.742676], [109.138184, 18.742676], [109.138184, 18.748169], [109.182129, 18.748169], [109.182129, 18.753662], [109.204102, 18.753662], [109.204102, 18.748169], [109.215088, 18.748169], [109.215088, 18.720703], [109.204102, 18.720703], [109.204102, 18.726196]]]}}, {"type": "Feature", "properties": {"area_id": 40000267, "parent_id": 40000267, "name": "无人机适飞空域限高区", "kind": "polygon", "radius_m": 656, "lat": 18.2510375, "lng": 109.495239}, "geometry": {"type": "Polygon", "coordinates": [[[109.489746, 18.248291], [109.489746, 18.253784], [109.500732, 18.253784], [109.500732, 18.248291], [109.489746, 18.248291]]]}}, {"type": "Feature", "properties": {"area_id": 40000254, "parent_id": 40000254, "name": "无人机管控空域", "kind": "polygon", "radius_m": 1312, "lat": 18.292236000000003, "lng": 109.7094725}, "geometry": {"type": "Polygon", "coordinates": [[[109.698486, 18.286743], [109.698486, 18.297729], [109.720459, 18.297729], [109.720459, 18.286743], [109.698486, 18.286743]]]}}, {"type": "Feature", "properties": {"area_id": 40000172, "parent_id": 40000172, "name": "无人机管控空域", "kind": "polygon", "radius_m": 5280, "lat": 18.690490500000003, "lng": 109.160156}, "geometry": {"type": "Polygon", "coordinates": [[[109.127197, 18.654785], [109.127197, 18.69873], [109.138184, 18.69873], [109.138184, 18.709717], [109.14917, 18.709717], [109.14917, 18.720703], [109.171143, 18.720703], [109.171143, 18.726196], [109.193115, 18.726196], [109.193115, 18.687744], [109.182129, 18.687744], [109.182129, 18.671265], [109.171143, 18.671265], [109.171143, 18.660278], [109.14917, 18.660278], [109.14917, 18.654785], [109.127197, 18.654785]]]}}, {"type": "Feature", "properties": {"area_id": 40000240, "parent_id": 40000240, "name": "无人机适飞空域限高区", "kind": "polygon", "radius_m": 2779, "lat": 18.4487915, "lng": 109.9731465}, "geometry": {"type": "Polygon", "coordinates": [[[109.995121, 18.435059], [109.973145, 18.435059], [109.973145, 18.440552], [109.962158, 18.440552], [109.962158, 18.446045], [109.951172, 18.446045], [109.951172, 18.462524], [109.962158, 18.462524], [109.962158, 18.451538], [109.973145, 18.451538], [109.973145, 18.446045], [109.984131, 18.446045], [109.984131, 18.440552], [109.995121, 18.440552], [109.995121, 18.435059]]]}}, {"type": "Feature", "properties": {"area_id": 40000199, "parent_id": 40000199, "name": "无人机适飞空域限高区", "kind": "polygon", "radius_m": 4000, "lat": 18.267516999999998, "lng": 109.4842505}, "geometry": {"type": "Polygon", "coordinates": [[[109.467773, 18.248291], [109.467773, 18.242798], [109.456782, 18.242798], [109.456782, 18.264771], [109.47876, 18.264771], [109.47876, 18.270264], [109.489746, 18.270264], [109.489746, 18.286743], [109.500732, 18.286743], [109.500732, 18.292236], [109.511719, 18.292236], [109.511719, 18.264771], [109.500732, 18.264771], [109.500732, 18.253784], [109.489746, 18.253784], [109.489746, 18.248291], [109.467773, 18.248291]]]}}, {"type": "Feature", "properties": {"area_id": 40000175, "parent_id": 40000175, "name": "无人机管控空域", "kind": "polygon", "radius_m": 4439, "lat": 18.28949, "lng": 109.467773}, "geometry": {"type": "Polygon", "coordinates": [[[109.434814, 18.264771], [109.434814, 18.303223], [109.445801, 18.303223], [109.445801, 18.308716], [109.467773, 18.308716], [109.467773, 18.314209], [109.47876, 18.314209], [109.47876, 18.308716], [109.489746, 18.308716], [109.489746, 18.297729], [109.500732, 18.297729], [109.500732, 18.286743], [109.489746, 18.286743], [109.489746, 18.270264], [109.47876, 18.270264], [109.47876, 18.264771], [109.434814, 18.264771]]]}}, {"type": "Feature", "properties": {"area_id": 40000192, "parent_id": 40000192, "name": "无人机适飞空域限高区", "kind": "polygon", "radius_m": 4985, "lat": 18.643798500000003, "lng": 109.14917}, "geometry": {"type": "Polygon", "coordinates": [[[109.105225, 18.654785], [109.105225, 18.660278], [109.116211, 18.660278], [109.116211, 18.643799], [109.127197, 18.643799], [109.127197, 18.638306], [109.171143, 18.638306], [109.171143, 18.643799], [109.182129, 18.643799], [109.182129, 18.654785], [109.193115, 18.654785], [109.193115, 18.638306], [109.182129, 18.638306], [109.182129, 18.632812], [109.127197, 18.632812], [109.127197, 18.627319], [109.116211, 18.627319], [109.116211, 18.632812], [109.105225, 18.632812], [109.105225, 18.654785]]]}}, {"type": "Feature", "properties": {"area_id": 40000213, "parent_id": 40000213, "name": "无人机管控空域", "kind": "polygon", "radius_m": 5279, "lat": 18.2070925, "lng": 109.70673}, "geometry": {"type": "Polygon", "coordinates": [[[109.682015, 18.248291], [109.6875, 18.248291], [109.6875, 18.242798], [109.698486, 18.242798], [109.698486, 18.237305], [109.709473, 18.237305], [109.709473, 18.226318], [109.720459, 18.226318], [109.720459, 18.220825], [109.731445, 18.220825], [109.731445, 18.187866], [109.720459, 18.187866], [109.720459, 18.165894], [109.682015, 18.165894], [109.682015, 18.248291]]]}}, {"type": "Feature", "properties": {"area_id": 40000212, "parent_id": 40000212, "name": "无人机适飞空域限高区", "kind": "polygon", "radius_m": 1201, "lat": 18.2455445, "lng": 109.4787595}, "geometry": {"type": "Polygon", "coordinates": [[[109.47876, 18.248291], [109.489746, 18.248291], [109.489746, 18.242798], [109.467773, 18.242798], [109.467773, 18.248291], [109.47876, 18.248291]]]}}, {"type": "Feature", "properties": {"area_id": 40000194, "parent_id": 40000194, "name": "无人机管控空域", "kind": "polygon", "radius_m": 2626, "lat": 18.215332, "lng": 109.489746}, "geometry": {"type": "Polygon", "coordinates": [[[109.489746, 18.220825], [109.489746, 18.226318], [109.500732, 18.226318], [109.500732, 18.220825], [109.511719, 18.220825], [109.511719, 18.204346], [109.467773, 18.204346], [109.467773, 18.220825], [109.489746, 18.220825]]]}}, {"type": "Feature", "properties": {"area_id": 40000203, "parent_id": 40000203, "name": "无人机适飞空域限高区", "kind": "polygon", "radius_m": 656, "lat": 18.2455445, "lng": 109.429321}, "geometry": {"type": "Polygon", "coordinates": [[[109.423828, 18.242798], [109.423828, 18.248291], [109.434814, 18.248291], [109.434814, 18.242798], [109.423828, 18.242798]]]}}, {"type": "Feature", "properties": {"area_id": 40000191, "parent_id": 40000191, "name": "无人机适飞空域限高区", "kind": "polygon", "radius_m": 1769, "lat": 18.2400515, "lng": 109.45129349999999}, "geometry": {"type": "Polygon", "coordinates": [[[109.434814, 18.237305], [109.434814, 18.242798], [109.467773, 18.242798], [109.467773, 18.237305], [109.434814, 18.237305]]]}}, {"type": "Feature", "properties": {"area_id": 40000238, "parent_id": 40000238, "name": "无人机适飞空域限高区", "kind": "polygon", "radius_m": 2339, "lat": 18.479005, "lng": 109.942936}, "geometry": {"type": "Polygon", "coordinates": [[[109.940186, 18.484497], [109.940186, 18.495483], [109.929199, 18.495483], [109.929199, 18.495486], [109.956673, 18.495486], [109.956673, 18.462524], [109.951172, 18.462524], [109.951172, 18.473511], [109.940186, 18.473511], [109.940186, 18.484497]]]}}, {"type": "Feature", "properties": {"area_id": 40000202, "parent_id": 40000202, "name": "无人机适飞空域限高区", "kind": "polygon", "radius_m": 3413, "lat": 18.5092165, "lng": 109.923706}, "geometry": {"type": "Polygon", "coordinates": [[[109.918213, 18.533936], [109.918213, 18.539429], [109.929199, 18.539429], [109.929199, 18.479004], [109.918213, 18.479004], [109.918213, 18.533936]]]}}, {"type": "Feature", "properties": {"area_id": 40000237, "parent_id": 40000237, "name": "无人机适飞空域限高区", "kind": "polygon", "radius_m": 1085, "lat": 18.531188999999998, "lng": 109.9346925}, "geometry": {"type": "Polygon", "coordinates": [[[109.929199, 18.522949], [109.929199, 18.539429], [109.940186, 18.539429], [109.940186, 18.522949], [109.929199, 18.522949]]]}}, {"type": "Feature", "properties": {"area_id": 40000263, "parent_id": 40000263, "name": "无人机适飞空域限高区", "kind": "polygon", "radius_m": 4214, "lat": 18.468018999999998, "lng": 110.0115995}, "geometry": {"type": "Polygon", "coordinates": [[[109.984137, 18.462524], [109.995117, 18.462524], [109.995117, 18.457031], [110.01709, 18.457031], [110.01709, 18.495486], [110.039062, 18.495486], [110.039062, 18.457031], [110.028076, 18.457031], [110.028076, 18.446045], [110.006104, 18.446045], [110.006104, 18.440552], [109.984137, 18.440552], [109.984137, 18.462524]]]}}, {"type": "Feature", "properties": {"area_id": 40000200, "parent_id": 40000200, "name": "无人机适飞空域限高区", "kind": "polygon", "radius_m": 842, "lat": 18.660277999999998, "lng": 109.1986085}, "geometry": {"type": "Polygon", "coordinates": [[[109.193115, 18.660278], [109.193115, 18.665771], [109.204102, 18.665771], [109.204102, 18.654785], [109.193115, 18.654785], [109.193115, 18.660278]]]}}, {"type": "Feature", "properties": {"area_id": 40000180, "parent_id": 40000180, "name": "无人机适飞空域限高区", "kind": "polygon", "radius_m": 1085, "lat": 18.70697, "lng": 109.0997315}, "geometry": {"type": "Polygon", "coordinates": [[[109.094238, 18.709717], [109.094238, 18.71521], [109.105225, 18.71521], [109.105225, 18.69873], [109.094238, 18.69873], [109.094238, 18.709717]]]}}, {"type": "Feature", "properties": {"area_id": 40000262, "parent_id": 40000262, "name": "无人机适飞空域限高区", "kind": "polygon", "radius_m": 842, "lat": 18.7371825, "lng": 109.121704}, "geometry": {"type": "Polygon", "coordinates": [[[109.116211, 18.731689], [109.116211, 18.742676], [109.127197, 18.742676], [109.127197, 18.731689], [109.116211, 18.731689]]]}}, {"type": "Feature", "properties": {"area_id": 40000233, "parent_id": 40000233, "name": "无人机适飞空域限高区", "kind": "polygon", "radius_m": 4101, "lat": 18.716585000000002, "lng": 109.1326905}, "geometry": {"type": "Polygon", "coordinates": [[[109.105225, 18.690494], [109.105225, 18.704224], [109.116211, 18.704224], [109.116211, 18.71521], [109.127197, 18.71521], [109.127197, 18.731689], [109.138184, 18.731689], [109.138184, 18.737183], [109.14917, 18.737183], [109.14917, 18.742676], [109.160156, 18.742676], [109.160156, 18.720703], [109.14917, 18.720703], [109.14917, 18.709717], [109.138184, 18.709717], [109.138184, 18.69873], [109.127197, 18.69873], [109.127197, 18.690494], [109.105225, 18.690494]]]}}, {"type": "Feature", "properties": {"area_id": 40000210, "parent_id": 40000210, "name": "无人机适飞空域限高区", "kind": "polygon", "radius_m": 842, "lat": 18.709716999999998, "lng": 109.110718}, "geometry": {"type": "Polygon", "coordinates": [[[109.105225, 18.709717], [109.105225, 18.71521], [109.116211, 18.71521], [109.116211, 18.704224], [109.105225, 18.704224], [109.105225, 18.709717]]]}}, {"type": "Feature", "properties": {"area_id": 40000182, "parent_id": 40000182, "name": "无人机适飞空域限高区", "kind": "polygon", "radius_m": 842, "lat": 18.660277999999998, "lng": 109.20959500000001}, "geometry": {"type": "Polygon", "coordinates": [[[109.204102, 18.660278], [109.204102, 18.665771], [109.215088, 18.665771], [109.215088, 18.654785], [109.204102, 18.654785], [109.204102, 18.660278]]]}}, {"type": "Feature", "properties": {"area_id": 40000176, "parent_id": 40000176, "name": "无人机适飞空域限高区", "kind": "polygon", "radius_m": 3434, "lat": 18.3142085, "lng": 109.495236}, "geometry": {"type": "Polygon", "coordinates": [[[109.467767, 18.330688], [109.489746, 18.330688], [109.489746, 18.325195], [109.500732, 18.325195], [109.500732, 18.319702], [109.522705, 18.319702], [109.522705, 18.297729], [109.511719, 18.297729], [109.511719, 18.308716], [109.500732, 18.308716], [109.500732, 18.314209], [109.489746, 18.314209], [109.489746, 18.308716], [109.47876, 18.308716], [109.47876, 18.314209], [109.467773, 18.314209], [109.467773, 18.308716], [109.467767, 18.308716], [109.467767, 18.330688]]]}}, {"type": "Feature", "properties": {"area_id": 40000209, "parent_id": 40000209, "name": "无人机适飞空域限高区", "kind": "polygon", "radius_m": 2398, "lat": 18.550415, "lng": 109.9511725}, "geometry": {"type": "Polygon", "coordinates": [[[109.940186, 18.539429], [109.940186, 18.544922], [109.929199, 18.544922], [109.929199, 18.550415], [109.940186, 18.550415], [109.940186, 18.555908], [109.951172, 18.555908], [109.951172, 18.561401], [109.962158, 18.561401], [109.962158, 18.555908], [109.973146, 18.555908], [109.973146, 18.550415], [109.951172, 18.550415], [109.951172, 18.539429], [109.940186, 18.539429]]]}}, {"type": "Feature", "properties": {"area_id": 40000269, "parent_id": 40000269, "name": "无人机适飞空域限高区", "kind": "polygon", "radius_m": 3999, "lat": 18.305968999999997, "lng": 109.4403045}, "geometry": {"type": "Polygon", "coordinates": [[[109.412842, 18.286743], [109.412842, 18.308716], [109.423828, 18.308716], [109.423828, 18.319702], [109.434814, 18.319702], [109.434814, 18.325195], [109.456787, 18.325195], [109.456787, 18.330688], [109.467767, 18.330688], [109.467767, 18.308716], [109.445801, 18.308716], [109.445801, 18.303223], [109.434814, 18.303223], [109.434814, 18.286743], [109.423828, 18.286743], [109.423828, 18.28125], [109.412842, 18.28125], [109.412842, 18.286743]]]}}, {"type": "Feature", "properties": {"area_id": 40000235, "parent_id": 40000235, "name": "无人机适飞空域限高区", "kind": "polygon", "radius_m": 2779, "lat": 18.443298, "lng": 110.01709149999999}, "geometry": {"type": "Polygon", "coordinates": [[[110.01709, 18.429565], [110.01709, 18.435059], [109.995121, 18.435059], [109.995121, 18.440552], [110.006104, 18.440552], [110.006104, 18.446045], [110.028076, 18.446045], [110.028076, 18.457031], [110.039062, 18.457031], [110.039062, 18.435059], [110.028076, 18.435059], [110.028076, 18.429565], [110.01709, 18.429565]]]}}, {"type": "Feature", "properties": {"area_id": 40000226, "parent_id": 40000226, "name": "无人机适飞空域限高区", "kind": "polygon", "radius_m": 3434, "lat": 18.2592775, "lng": 109.4293185}, "geometry": {"type": "Polygon", "coordinates": [[[109.456782, 18.242798], [109.434814, 18.242798], [109.434814, 18.248291], [109.423828, 18.248291], [109.423828, 18.253784], [109.412842, 18.253784], [109.412842, 18.259277], [109.401855, 18.259277], [109.401855, 18.275757], [109.412842, 18.275757], [109.412842, 18.270264], [109.423828, 18.270264], [109.423828, 18.259277], [109.434814, 18.259277], [109.434814, 18.264771], [109.456782, 18.264771], [109.456782, 18.242798]]]}}, {"type": "Feature", "properties": {"area_id": 40000251, "parent_id": 40000251, "name": "无人机适飞空域限高区", "kind": "polygon", "radius_m": 1085, "lat": 18.674011, "lng": 109.220581}, "geometry": {"type": "Polygon", "coordinates": [[[109.215088, 18.671265], [109.215088, 18.682251], [109.226074, 18.682251], [109.226074, 18.665771], [109.215088, 18.665771], [109.215088, 18.671265]]]}}, {"type": "Feature", "properties": {"area_id": 40000274, "parent_id": 40000274, "name": "无人机适飞空域限高区", "kind": "polygon", "radius_m": 1635, "lat": 18.2839965, "lng": 109.517212}, "geometry": {"type": "Polygon", "coordinates": [[[109.511719, 18.286743], [109.511719, 18.297729], [109.522705, 18.297729], [109.522705, 18.270264], [109.511719, 18.270264], [109.511719, 18.286743]]]}}, {"type": "Feature", "properties": {"area_id": 40000168, "parent_id": 40000168, "name": "无人机适飞空域限高区", "kind": "polygon", "radius_m": 1686, "lat": 18.3032225, "lng": 109.5007325}, "geometry": {"type": "Polygon", "coordinates": [[[109.489746, 18.303223], [109.489746, 18.314209], [109.500732, 18.314209], [109.500732, 18.308716], [109.511719, 18.308716], [109.511719, 18.292236], [109.500732, 18.292236], [109.500732, 18.297729], [109.489746, 18.297729], [109.489746, 18.303223]]]}}, {"type": "Feature", "properties": {"area_id": 40000196, "parent_id": 40000196, "name": "无人机适飞空域限高区", "kind": "polygon", "radius_m": 2217, "lat": 18.679504, "lng": 109.0997315}, "geometry": {"type": "Polygon", "coordinates": [[[109.094238, 18.676758], [109.094238, 18.69873], [109.105225, 18.69873], [109.105225, 18.660278], [109.094238, 18.660278], [109.094238, 18.676758]]]}}, {"type": "Feature", "properties": {"area_id": 40000204, "parent_id": 40000204, "name": "无人机适飞空域限高区", "kind": "polygon", "radius_m": 2318, "lat": 18.262023999999997, "lng": 109.4073485}, "geometry": {"type": "Polygon", "coordinates": [[[109.390869, 18.248291], [109.390869, 18.275757], [109.401855, 18.275757], [109.401855, 18.259277], [109.412842, 18.259277], [109.412842, 18.253784], [109.423828, 18.253784], [109.423828, 18.248291], [109.390869, 18.248291]]]}}, {"type": "Feature", "properties": {"area_id": 40000245, "parent_id": 40000245, "name": "无人机适飞空域限高区", "kind": "polygon", "radius_m": 5529, "lat": 19.654541000000002, "lng": 109.75341800000001}, "geometry": {"type": "Polygon", "coordinates": [[[109.786377, 19.665527], [109.786377, 19.682007], [109.797363, 19.682007], [109.797363, 19.638062], [109.786377, 19.638062], [109.786377, 19.627075], [109.764404, 19.627075], [109.764404, 19.632568], [109.709473, 19.632568], [109.709473, 19.638062], [109.775391, 19.638062], [109.775391, 19.643555], [109.786377, 19.643555], [109.786377, 19.665527]]]}}, {"type": "Feature", "properties": {"area_id": 40000183, "parent_id": 40000183, "name": "无人机管控空域", "kind": "polygon", "radius_m": 4456, "lat": 19.695739500000002, "lng": 109.7451825}, "geometry": {"type": "Polygon", "coordinates": [[[109.742432, 19.660034], [109.742432, 19.665527], [109.725961, 19.665527], [109.725961, 19.731445], [109.731445, 19.731445], [109.731445, 19.720459], [109.742432, 19.720459], [109.742432, 19.709473], [109.753418, 19.709473], [109.753418, 19.698486], [109.764404, 19.698486], [109.764404, 19.660034], [109.742432, 19.660034]]]}}, {"type": "Feature", "properties": {"area_id": 40000188, "parent_id": 40000188, "name": "无人机适飞空域限高区", "kind": "polygon", "radius_m": 840, "lat": 19.649048, "lng": 109.692993}, "geometry": {"type": "Polygon", "coordinates": [[[109.6875, 19.643555], [109.6875, 19.654541], [109.698486, 19.654541], [109.698486, 19.643555], [109.6875, 19.643555]]]}}, {"type": "Feature", "properties": {"area_id": 40000224, "parent_id": 40000224, "name": "无人机适飞空域限高区", "kind": "polygon", "radius_m": 840, "lat": 19.6710205, "lng": 109.682007}, "geometry": {"type": "Polygon", "coordinates": [[[109.676514, 19.671021], [109.676514, 19.676514], [109.6875, 19.676514], [109.6875, 19.665527], [109.676514, 19.665527], [109.676514, 19.671021]]]}}, {"type": "Feature", "properties": {"area_id": 40000189, "parent_id": 40000189, "name": "无人机适飞空域限高区", "kind": "polygon", "radius_m": 840, "lat": 19.6710205, "lng": 109.6710205}, "geometry": {"type": "Polygon", "coordinates": [[[109.665527, 19.665527], [109.665527, 19.676514], [109.676514, 19.676514], [109.676514, 19.665527], [109.665527, 19.665527]]]}}, {"type": "Feature", "properties": {"area_id": 40000256, "parent_id": 40000256, "name": "无人机适飞空域限高区", "kind": "polygon", "radius_m": 1352, "lat": 19.6875, "lng": 109.6710205}, "geometry": {"type": "Polygon", "coordinates": [[[109.665527, 19.692993], [109.665527, 19.698486], [109.676514, 19.698486], [109.676514, 19.676514], [109.665527, 19.676514], [109.665527, 19.692993]]]}}, {"type": "Feature", "properties": {"area_id": 40000265, "parent_id": 40000265, "name": "无人机适飞空域限高区", "kind": "polygon", "radius_m": 840, "lat": 19.6875, "lng": 109.79187}, "geometry": {"type": "Polygon", "coordinates": [[[109.786377, 19.682007], [109.786377, 19.692993], [109.797363, 19.692993], [109.797363, 19.682007], [109.786377, 19.682007]]]}}, {"type": "Feature", "properties": {"area_id": 40000266, "parent_id": 40000266, "name": "无人机适飞空域限高区", "kind": "polygon", "radius_m": 840, "lat": 19.747925000000002, "lng": 109.758911}, "geometry": {"type": "Polygon", "coordinates": [[[109.753418, 19.747925], [109.753418, 19.753418], [109.764404, 19.753418], [109.764404, 19.742432], [109.753418, 19.742432], [109.753418, 19.747925]]]}}, {"type": "Feature", "properties": {"area_id": 40000179, "parent_id": 40000179, "name": "无人机适飞空域限高区", "kind": "polygon", "radius_m": 652, "lat": 19.6408085, "lng": 109.7039795}, "geometry": {"type": "Polygon", "coordinates": [[[109.698486, 19.638062], [109.698486, 19.643555], [109.709473, 19.643555], [109.709473, 19.638062], [109.698486, 19.638062]]]}}, {"type": "Feature", "properties": {"area_id": 40000223, "parent_id": 40000223, "name": "无人机适飞空域限高区", "kind": "polygon", "radius_m": 840, "lat": 19.725952, "lng": 109.7698975}, "geometry": {"type": "Polygon", "coordinates": [[[109.764404, 19.720459], [109.764404, 19.731445], [109.775391, 19.731445], [109.775391, 19.720459], [109.764404, 19.720459]]]}}, {"type": "Feature", "properties": {"area_id": 40000244, "parent_id": 40000244, "name": "无人机适飞空域限高区", "kind": "polygon", "radius_m": 2540, "lat": 19.7135945, "lng": 109.7712745}, "geometry": {"type": "Polygon", "coordinates": [[[109.756172, 19.731445], [109.764404, 19.731445], [109.764404, 19.720459], [109.775391, 19.720459], [109.775391, 19.703979], [109.786377, 19.703979], [109.786377, 19.695744], [109.764404, 19.695744], [109.764404, 19.698486], [109.756172, 19.698486], [109.756172, 19.731445]]]}}, {"type": "Feature", "properties": {"area_id": 40000259, "parent_id": 40000259, "name": "无人机适飞空域限高区", "kind": "polygon", "radius_m": 4090, "lat": 19.6696495, "lng": 109.7589135}, "geometry": {"type": "Polygon", "coordinates": [[[109.73145, 19.665527], [109.742432, 19.665527], [109.742432, 19.660034], [109.764404, 19.660034], [109.764404, 19.695744], [109.786377, 19.695744], [109.786377, 19.671021], [109.775391, 19.671021], [109.775391, 19.654541], [109.764404, 19.654541], [109.764404, 19.649048], [109.742432, 19.649048], [109.742432, 19.643555], [109.73145, 19.643555], [109.73145, 19.665527]]]}}, {"type": "Feature", "properties": {"area_id": 40000195, "parent_id": 40000195, "name": "无人机适飞空域限高区", "kind": "polygon", "radius_m": 3175, "lat": 19.7232055, "lng": 109.7410645}, "geometry": {"type": "Polygon", "coordinates": [[[109.725957, 19.747925], [109.742432, 19.747925], [109.742432, 19.742432], [109.753418, 19.742432], [109.753418, 19.731445], [109.756172, 19.731445], [109.756172, 19.698486], [109.753418, 19.698486], [109.753418, 19.709473], [109.742432, 19.709473], [109.742432, 19.720459], [109.731445, 19.720459], [109.731445, 19.731445], [109.725957, 19.731445], [109.725957, 19.747925]]]}}, {"type": "Feature", "properties": {"area_id": 40000207, "parent_id": 40000207, "name": "无人机适飞空域限高区", "kind": "polygon", "radius_m": 4851, "lat": 19.7561645, "lng": 109.6984865}, "geometry": {"type": "Polygon", "coordinates": [[[109.731445, 19.764404], [109.742432, 19.764404], [109.742432, 19.758911], [109.698486, 19.758911], [109.698486, 19.753418], [109.6875, 19.753418], [109.6875, 19.758911], [109.676514, 19.758911], [109.676514, 19.753418], [109.665527, 19.753418], [109.665527, 19.742432], [109.654541, 19.742432], [109.654541, 19.758911], [109.665527, 19.758911], [109.665527, 19.769897], [109.6875, 19.769897], [109.6875, 19.764404], [109.731445, 19.764404]]]}}, {"type": "Feature", "properties": {"area_id": 40000178, "parent_id": 40000178, "name": "无人机适飞空域限高区", "kind": "polygon", "radius_m": 840, "lat": 19.660034, "lng": 109.692993}, "geometry": {"type": "Polygon", "coordinates": [[[109.6875, 19.654541], [109.6875, 19.665527], [109.698486, 19.665527], [109.698486, 19.654541], [109.6875, 19.654541]]]}}, {"type": "Feature", "properties": {"area_id": 40000227, "parent_id": 40000227, "name": "无人机适飞空域限高区", "kind": "polygon", "radius_m": 5078, "lat": 19.739685, "lng": 109.7094725}, "geometry": {"type": "Polygon", "coordinates": [[[109.731445, 19.758911], [109.742432, 19.758911], [109.742432, 19.753418], [109.753418, 19.753418], [109.753418, 19.742432], [109.742432, 19.742432], [109.742432, 19.747925], [109.6875, 19.747925], [109.6875, 19.742432], [109.676514, 19.742432], [109.676514, 19.720459], [109.665527, 19.720459], [109.665527, 19.753418], [109.676514, 19.753418], [109.676514, 19.758911], [109.6875, 19.758911], [109.6875, 19.753418], [109.698486, 19.753418], [109.698486, 19.758911], [109.731445, 19.758911]]]}}, {"type": "Feature", "properties": {"area_id": 40000221, "parent_id": 40000221, "name": "无人机适飞空域限高区", "kind": "polygon", "radius_m": 840, "lat": 19.7369385, "lng": 109.7698975}, "geometry": {"type": "Polygon", "coordinates": [[[109.764404, 19.736938], [109.764404, 19.742432], [109.775391, 19.742432], [109.775391, 19.731445], [109.764404, 19.731445], [109.764404, 19.736938]]]}}, {"type": "Feature", "properties": {"area_id": 40000246, "parent_id": 40000246, "name": "无人机适飞空域限高区", "kind": "polygon", "radius_m": 840, "lat": 19.660034, "lng": 109.682007}, "geometry": {"type": "Polygon", "coordinates": [[[109.676514, 19.660034], [109.676514, 19.665527], [109.6875, 19.665527], [109.6875, 19.654541], [109.676514, 19.654541], [109.676514, 19.660034]]]}}, {"type": "Feature", "properties": {"area_id": 40000208, "parent_id": 40000208, "name": "无人机管控空域", "kind": "polygon", "radius_m": 4457, "lat": 19.7012325, "lng": 109.70673049999999}, "geometry": {"type": "Polygon", "coordinates": [[[109.725961, 19.665527], [109.720459, 19.665527], [109.720459, 19.676514], [109.709473, 19.676514], [109.709473, 19.6875], [109.698486, 19.6875], [109.698486, 19.698486], [109.6875, 19.698486], [109.6875, 19.731445], [109.698486, 19.731445], [109.698486, 19.736938], [109.709473, 19.736938], [109.709473, 19.731445], [109.725961, 19.731445], [109.725961, 19.665527]]]}}, {"type": "Feature", "properties": {"area_id": 40000268, "parent_id": 40000268, "name": "无人机适飞空域限高区", "kind": "polygon", "radius_m": 4090, "lat": 19.6696495, "lng": 109.703982}, "geometry": {"type": "Polygon", "coordinates": [[[109.731445, 19.649048], [109.709473, 19.649048], [109.709473, 19.654541], [109.698486, 19.654541], [109.698486, 19.665527], [109.6875, 19.665527], [109.6875, 19.676514], [109.676514, 19.676514], [109.676514, 19.695744], [109.698486, 19.695744], [109.698486, 19.6875], [109.709473, 19.6875], [109.709473, 19.676514], [109.720459, 19.676514], [109.720459, 19.665527], [109.73145, 19.665527], [109.73145, 19.643555], [109.731445, 19.643555], [109.731445, 19.649048]]]}}, {"type": "Feature", "properties": {"area_id": 40000205, "parent_id": 40000205, "name": "无人机适飞空域限高区", "kind": "polygon", "radius_m": 4959, "lat": 19.6545415, "lng": 109.74243150000001}, "geometry": {"type": "Polygon", "coordinates": [[[109.698486, 19.649048], [109.698486, 19.654541], [109.709473, 19.654541], [109.709473, 19.649048], [109.731445, 19.649048], [109.731445, 19.643555], [109.742432, 19.643555], [109.742432, 19.649048], [109.764404, 19.649048], [109.764404, 19.654541], [109.775391, 19.654541], [109.775391, 19.671021], [109.786377, 19.671021], [109.786377, 19.643555], [109.775391, 19.643555], [109.775391, 19.638062], [109.709473, 19.638062], [109.709473, 19.643555], [109.698486, 19.643555], [109.698486, 19.649048]]]}}, {"type": "Feature", "properties": {"area_id": 40000217, "parent_id": 40000217, "name": "无人机管控空域", "kind": "polygon", "radius_m": 2521, "lat": 19.4677735, "lng": 108.8909915}, "geometry": {"type": "Polygon", "coordinates": [[[108.885498, 19.451294], [108.885498, 19.46228], [108.874512, 19.46228], [108.874512, 19.484253], [108.907471, 19.484253], [108.907471, 19.451294], [108.885498, 19.451294]]]}}, {"type": "Feature", "properties": {"area_id": 40000249, "parent_id": 40000249, "name": "无人机适飞空域限高区", "kind": "polygon", "radius_m": 652, "lat": 19.7561645, "lng": 109.747925}, "geometry": {"type": "Polygon", "coordinates": [[[109.742432, 19.753418], [109.742432, 19.758911], [109.753418, 19.758911], [109.753418, 19.753418], [109.742432, 19.753418]]]}}, {"type": "Feature", "properties": {"area_id": 40000216, "parent_id": 40000216, "name": "无人机适飞空域限高区", "kind": "polygon", "radius_m": 1634, "lat": 19.706726000000003, "lng": 109.79187}, "geometry": {"type": "Polygon", "coordinates": [[[109.786377, 19.709473], [109.786377, 19.720459], [109.797363, 19.720459], [109.797363, 19.692993], [109.786377, 19.692993], [109.786377, 19.709473]]]}}, {"type": "Feature", "properties": {"area_id": 40000169, "parent_id": 40000169, "name": "无人机适飞空域限高区", "kind": "polygon", "radius_m": 1083, "lat": 19.712219, "lng": 109.780884}, "geometry": {"type": "Polygon", "coordinates": [[[109.775391, 19.714966], [109.775391, 19.720459], [109.786377, 19.720459], [109.786377, 19.703979], [109.775391, 19.703979], [109.775391, 19.714966]]]}}, {"type": "Feature", "properties": {"area_id": 40000258, "parent_id": 40000258, "name": "无人机适飞空域限高区", "kind": "polygon", "radius_m": 4297, "lat": 19.7218345, "lng": 109.695742}, "geometry": {"type": "Polygon", "coordinates": [[[109.676514, 19.695744], [109.676514, 19.698486], [109.665527, 19.698486], [109.665527, 19.720459], [109.676514, 19.720459], [109.676514, 19.742432], [109.6875, 19.742432], [109.6875, 19.747925], [109.725957, 19.747925], [109.725957, 19.731445], [109.709473, 19.731445], [109.709473, 19.736938], [109.698486, 19.736938], [109.698486, 19.731445], [109.6875, 19.731445], [109.6875, 19.698486], [109.698486, 19.698486], [109.698486, 19.695744], [109.676514, 19.695744]]]}}, {"type": "Feature", "properties": {"area_id": 40000231, "parent_id": 40000231, "name": "无人机适飞空域限高区", "kind": "polygon", "radius_m": 3412, "lat": 19.706726, "lng": 109.660034}, "geometry": {"type": "Polygon", "coordinates": [[[109.654541, 19.714966], [109.654541, 19.736938], [109.665527, 19.736938], [109.665527, 19.676514], [109.654541, 19.676514], [109.654541, 19.714966]]]}}, {"type": "Feature", "properties": {"area_id": 40000243, "parent_id": 40000243, "name": "无人机适飞空域限高区", "kind": "polygon", "radius_m": 840, "lat": 19.725952, "lng": 109.780884}, "geometry": {"type": "Polygon", "coordinates": [[[109.775391, 19.720459], [109.775391, 19.731445], [109.786377, 19.731445], [109.786377, 19.720459], [109.775391, 19.720459]]]}}, {"type": "Feature", "properties": {"area_id": 40000214, "parent_id": 40000214, "name": "无人机适飞空域限高区", "kind": "polygon", "radius_m": 840, "lat": 19.7369385, "lng": 109.758911}, "geometry": {"type": "Polygon", "coordinates": [[[109.753418, 19.731445], [109.753418, 19.742432], [109.764404, 19.742432], [109.764404, 19.731445], [109.753418, 19.731445]]]}}, {"type": "Feature", "properties": {"area_id": 322900, "parent_id": 3229, "name": "Beihai Airport", "kind": "polygon", "radius_m": 13647, "lat": 21.4914480304, "lng": 109.2948490145}, "geometry": {"type": "Polygon", "coordinates": [[[109.257123243, 21.4677880331], [109.223754254, 21.3895103622], [109.297595694, 21.3740852526], [109.302610197, 21.4624310332], [109.327714264, 21.4715297831], [109.341349374, 21.482230579], [109.351545625, 21.4958500196], [109.365943775, 21.539804721], [109.365093994, 21.5704224755], [109.358143563, 21.585710607], [109.33292959, 21.6088108082], [109.257123243, 21.4677880331]]]}}, {"type": "Feature", "properties": {"area_id": 322901, "parent_id": 3229, "name": "Beihai Airport", "kind": "polygon", "radius_m": 13934, "lat": 21.58517164455, "lng": 109.2947468875}, "geometry": {"type": "Polygon", "coordinates": [[[109.364564467, 21.6921925806], [109.290706646, 21.702555256], [109.285744652, 21.6192555543], [109.25638908, 21.6090085613], [109.242985507, 21.5980450071], [109.233092572, 21.5842289311], [109.227383861, 21.5685025415], [109.224929308, 21.5061384259], [109.231899405, 21.4908595469], [109.257123243, 21.4677880331], [109.33292959, 21.6088108082], [109.364564467, 21.6921925806]]]}}, {"type": "Feature", "properties": {"area_id": 1248500, "parent_id": 12485, "name": "Nanning Wuxu Airport", "kind": "polygon", "radius_m": 14764, "lat": 22.6590706813, "lng": 108.21186757000001}, "geometry": {"type": "Polygon", "coordinates": [[[108.32800879, 22.6947718487], [108.278151179, 22.7445811261], [108.21812593, 22.6745777543], [108.187502187, 22.6831709459], [108.169556879, 22.682006372], [108.137644245, 22.6673039755], [108.117678998, 22.6473330792], [108.099571425, 22.6221717321], [108.09572635, 22.6059574497], [108.10200941, 22.5735602365], [108.25300922, 22.6430342776], [108.32800879, 22.6947718487]]]}}, {"type": "Feature", "properties": {"area_id": 1248501, "parent_id": 12485, "name": "Nanning Wuxu Airport", "kind": "polygon", "radius_m": 14790, "lat": 22.55922464, "lng": 108.141380096}, "geometry": {"type": "Polygon", "coordinates": [[[108.10200941, 22.5735602365], [108.025325377, 22.5218904951], [108.073480704, 22.4754150024], [108.130139163, 22.5404141943], [108.162201469, 22.5334993214], [108.196509371, 22.5423944342], [108.235673256, 22.5726834909], [108.252316806, 22.594374899], [108.257198084, 22.6103496975], [108.257434815, 22.6269464981], [108.25300922, 22.6430342776], [108.10200941, 22.5735602365]]]}}, {"type": "Feature", "properties": {"area_id": 960001599, "parent_id": 960001599, "name": "无人机管控区域", "kind": "circle", "radius_m": 500, "lat": 22.817144290427766, "lng": 108.35285417678409}, "geometry": {"type": "Polygon", "coordinates": [[[108.35285417678409, 22.821635846302723], [108.35349021420664, 22.821597420419565], [108.35411536885256, 22.821482800247605], [108.35471894415252, 22.821293946969767], [108.35529061276578, 22.821034091917994], [108.35582059328391, 22.820707681284265], [108.35629981759327, 22.820320300045026], [108.35672008603306, 22.819878576400676], [108.35707420769378, 22.819390068365244], [108.35735612345562, 22.818863134446655], [108.35756100966174, 22.818306790630345], [108.35768536065234, 22.81773055611327], [108.35772704874749, 22.817144290427766], [108.35768536065234, 22.816558024742264], [108.35756100966174, 22.815981790225187], [108.35735612345562, 22.815425446408877], [108.35707420769378, 22.814898512490288], [108.35672008603306, 22.814410004454857], [108.35629981759327, 22.813968280810506], [108.35582059328391, 22.813580899571267], [108.35529061276578, 22.813254488937538], [108.35471894415252, 22.812994633885765], [108.35411536885256, 22.812805780607928], [108.35349021420664, 22.812691160435968], [108.35285417678409, 22.81265273455281], [108.35221813936154, 22.812691160435968], [108.35159298471562, 22.812805780607928], [108.35098940941566, 22.812994633885765], [108.3504177408024, 22.813254488937538], [108.34988776028428, 22.813580899571267], [108.34940853597492, 22.813968280810506], [108.34898826753512, 22.814410004454857], [108.3486341458744, 22.814898512490288], [108.34835223011257, 22.815425446408877], [108.34814734390645, 22.815981790225187], [108.34802299291584, 22.816558024742264], [108.34798130482069, 22.817144290427766], [108.34802299291584, 22.81773055611327], [108.34814734390645, 22.818306790630345], [108.34835223011257, 22.818863134446655], [108.3486341458744, 22.819390068365244], [108.34898826753512, 22.819878576400676], [108.34940853597492, 22.820320300045026], [108.34988776028428, 22.820707681284265], [108.3504177408024, 22.821034091917994], [108.35098940941566, 22.821293946969767], [108.35159298471562, 22.821482800247605], [108.35221813936154, 22.821597420419565], [108.35285417678409, 22.821635846302723]]]}}, {"type": "Feature", "properties": {"area_id": 960001579, "parent_id": 960001579, "name": "无人机管控区域", "kind": "circle", "radius_m": 500, "lat": 22.819354828118165, "lng": 108.32353813206149}, "geometry": {"type": "Polygon", "coordinates": [[[108.32353813206149, 22.82384638399312], [108.3241741798086, 22.823807958109963], [108.32479934460241, 22.823693337938003], [108.32540292969998, 22.823504484660166], [108.32597460759293, 22.823244629608393], [108.32650459671402, 22.822918218974664], [108.32698382880244, 22.822530837735425], [108.3274041040643, 22.822089114091074], [108.32775823147334, 22.821600606055643], [108.32804015181141, 22.821073672137054], [108.32824504134337, 22.820517328320744], [108.3283693943525, 22.819941093803667], [108.32841108312437, 22.819354828118165], [108.3283693943525, 22.818768562432663], [108.32824504134337, 22.818192327915586], [108.32804015181141, 22.817635984099276], [108.32775823147334, 22.817109050180687], [108.3274041040643, 22.816620542145255], [108.32698382880244, 22.816178818500905], [108.32650459671402, 22.815791437261666], [108.32597460759293, 22.815465026627937], [108.32540292969998, 22.815205171576164], [108.32479934460241, 22.815016318298326], [108.3241741798086, 22.814901698126366], [108.32353813206149, 22.81486327224321], [108.32290208431438, 22.814901698126366], [108.32227691952056, 22.815016318298326], [108.321673334423, 22.815205171576164], [108.32110165653005, 22.815465026627937], [108.32057166740896, 22.815791437261666], [108.32009243532053, 22.816178818500905], [108.31967216005867, 22.816620542145255], [108.31931803264963, 22.817109050180687], [108.31903611231157, 22.817635984099276], [108.31883122277961, 22.818192327915586], [108.31870686977047, 22.818768562432663], [108.31866518099861, 22.819354828118165], [108.31870686977047, 22.819941093803667], [108.31883122277961, 22.820517328320744], [108.31903611231157, 22.821073672137054], [108.31931803264963, 22.821600606055643], [108.31967216005867, 22.822089114091074], [108.32009243532053, 22.822530837735425], [108.32057166740896, 22.822918218974664], [108.32110165653005, 22.823244629608393], [108.321673334423, 22.823504484660166], [108.32227691952056, 22.823693337938003], [108.32290208431438, 22.823807958109963], [108.32353813206149, 22.82384638399312]]]}}, {"type": "Feature", "properties": {"area_id": 410800, "parent_id": 4108, "name": "Bailian Airport", "kind": "polygon", "radius_m": 14303, "lat": 24.249986038400003, "lng": 109.3456671}, "geometry": {"type": "Polygon", "coordinates": [[[109.377333219, 24.2844324413], [109.352362682, 24.3660877605], [109.285311871, 24.3385812998], [109.335310153, 24.2669030854], [109.317459541, 24.2415083586], [109.313852498, 24.2252392855], [109.320781078, 24.1929391564], [109.334109097, 24.1712817663], [109.354696634, 24.1470917598], [109.370330167, 24.1386075683], [109.406022329, 24.1338843163], [109.377333219, 24.2844324413]]]}}, {"type": "Feature", "properties": {"area_id": 410801, "parent_id": 4108, "name": "Bailian Airport", "kind": "polygon", "radius_m": 14304, "lat": 24.16832800445, "lng": 109.437675802}, "geometry": {"type": "Polygon", "coordinates": [[[109.432682123, 24.0522235676], [109.498018385, 24.0797505325], [109.444685862, 24.1514174403], [109.462523346, 24.176788783], [109.466141868, 24.1930554819], [109.465021893, 24.2096222558], [109.452565985, 24.2470359957], [109.442579788, 24.2619606041], [109.413262215, 24.2811685701], [109.377333219, 24.2844324413], [109.406022329, 24.1338843163], [109.432682123, 24.0522235676]]]}}, {"type": "Feature", "properties": {"area_id": 163000, "parent_id": 1630, "name": "Liping Airport", "kind": "polygon", "radius_m": 14283, "lat": 26.27741534735, "lng": 109.10498931000001}, "geometry": {"type": "Polygon", "coordinates": [[[109.070388405, 26.3038061982], [108.978708358, 26.2738270659], [109.016503039, 26.2170828697], [109.091479495, 26.2704188535], [109.119955982, 26.2565060983], [109.138289199, 26.254232626], [109.156654142, 26.2562897361], [109.195489293, 26.2692149716], [109.220844898, 26.2899899654], [109.228981679, 26.304899334], [109.231270262, 26.337747825], [109.070388405, 26.3038061982]]]}}, {"type": "Feature", "properties": {"area_id": 163001, "parent_id": 1630, "name": "Liping Airport", "kind": "polygon", "radius_m": 14136, "lat": 26.366694642600002, "lng": 109.19351680150001}, "geometry": {"type": "Polygon", "coordinates": [[[109.317948771, 26.3711511649], [109.283503877, 26.429583087], [109.205121389, 26.3745876778], [109.176963218, 26.3898304216], [109.158728461, 26.3927785809], [109.122828143, 26.3857779285], [109.080716495, 26.3515812512], [109.072606914, 26.3366585501], [109.069084832, 26.3203632547], [109.070388405, 26.3038061982], [109.231270262, 26.337747825], [109.317948771, 26.3711511649]]]}}, {"type": "Feature", "properties": {"area_id": 4002557900, "parent_id": 40025579, "name": "湘西边城机场", "kind": "polygon", "radius_m": 14502, "lat": 28.445458506149997, "lng": 109.4884971015}, "geometry": {"type": "Polygon", "coordinates": [[[109.372423483, 28.3962121158], [109.429132185, 28.3529187218], [109.481946056, 28.4258319705], [109.501426734, 28.4200705078], [109.538730742, 28.4226934592], [109.555538797, 28.4302439022], [109.58751497, 28.459539196], [109.60457072, 28.4904518031], [109.601437892, 28.52324894], [109.592772562, 28.5379982905], [109.44700269, 28.4524914905], [109.372423483, 28.3962121158]]]}}, {"type": "Feature", "properties": {"area_id": 4002557901, "parent_id": 40025579, "name": "湘西边城机场", "kind": "polygon", "radius_m": 14468, "lat": 28.545030757200003, "lng": 109.55088410900001}, "geometry": {"type": "Polygon", "coordinates": [[[109.592772562, 28.5379982905], [109.667518258, 28.5942698407], [109.610707878, 28.6375700239], [109.55775203, 28.5647096883], [109.519328447, 28.5713154876], [109.500850655, 28.5678287436], [109.470020503, 28.549121607], [109.440807102, 28.5158398893], [109.435100858, 28.500017195], [109.43424996, 28.4834358116], [109.44700269, 28.4524914905], [109.592772562, 28.5379982905]]]}}, {"type": "Feature", "properties": {"area_id": 145100, "parent_id": 1451, "name": "Zhijiang Airport", "kind": "polygon", "radius_m": 14444, "lat": 27.38867095575, "lng": 109.679654415}, "geometry": {"type": "Polygon", "coordinates": [[[109.640268068, 27.4016634727], [109.570251674, 27.3417399797], [109.630393905, 27.2987905851], [109.67537798, 27.3737865158], [109.710275709, 27.3723057151], [109.727962098, 27.3776750181], [109.743483328, 27.3869244878], [109.774147789, 27.417798454], [109.788203144, 27.4457583512], [109.789057156, 27.462339281], [109.785045145, 27.4785513264], [109.640268068, 27.4016634727]]]}}, {"type": "Feature", "properties": {"area_id": 145101, "parent_id": 1451, "name": "Zhijiang Airport", "kind": "polygon", "radius_m": 14177, "lat": 27.49643110805, "lng": 109.7361863395}, "geometry": {"type": "Polygon", "coordinates": [[[109.844753365, 27.5533193671], [109.784565604, 27.5911987434], [109.736227658, 27.5195306733], [109.702157254, 27.5215876205], [109.684297423, 27.5166253559], [109.655832748, 27.4955109997], [109.628451559, 27.449183319], [109.627619314, 27.4326015216], [109.640268068, 27.4016634727], [109.785045145, 27.4785513264], [109.776438579, 27.4932892671], [109.844753365, 27.5533193671]]]}}, {"type": "Feature", "properties": {"area_id": 733700, "parent_id": 7337, "name": "Tongren Fenghuang Airport", "kind": "polygon", "radius_m": 14393, "lat": 27.82901158405, "lng": 109.278245561}, "geometry": {"type": "Polygon", "coordinates": [[[109.236940224, 27.8484821465], [109.161917612, 27.791795753], [109.220335185, 27.7487763928], [109.271910684, 27.8170929179], [109.308158792, 27.8109629277], [109.326545823, 27.814282372], [109.357389389, 27.8326985773], [109.391352346, 27.8763626075], [109.39457351, 27.8927148312], [109.392896564, 27.9092467753], [109.236940224, 27.8484821465]]]}}, {"type": "Feature", "properties": {"area_id": 733701, "parent_id": 7337, "name": "Tongren Fenghuang Airport", "kind": "polygon", "radius_m": 14515, "lat": 27.93652043585, "lng": 109.345811766}, "geometry": {"type": "Polygon", "coordinates": [[[109.461414578, 27.9781765476], [109.40300575, 28.0245587252], [109.351422642, 27.9529071275], [109.315175778, 27.9590204409], [109.296765396, 27.9556956231], [109.265902056, 27.9372594427], [109.234139867, 27.8970827189], [109.230208954, 27.8808521809], [109.231164844, 27.8642754646], [109.236940224, 27.8484821465], [109.392896564, 27.9092467753], [109.386433636, 27.9248316446], [109.461414578, 27.9781765476]]]}}, {"type": "Feature", "properties": {"area_id": 40002378, "parent_id": 40002378, "name": "湖北恩施恒通公司沥青配置中心", "kind": "circle", "radius_m": 1204, "lat": 30.354690270485463, "lng": 109.47919916152955}, "geometry": {"type": "Polygon", "coordinates": [[[109.47919916152955, 30.365505937032356], [109.48083516287997, 30.365413407505713], [109.4824431717937, 30.365137402131637], [109.48399567479241, 30.364682643438602], [109.48546610811934, 30.364056912473934], [109.4868293122526, 30.363270915667915], [109.4880619623915, 30.36233810164382], [109.48914296755042, 30.36127443110823], [109.49005383143138, 30.360098103758908], [109.49077896890084, 30.358829246882944], [109.49130597265565, 30.35748957097328], [109.49162582551546, 30.35610199825615], [109.49173305470913, 30.354690270485463], [109.49162582551546, 30.353278542714776], [109.49130597265565, 30.351890969997648], [109.49077896890084, 30.350551294087982], [109.49005383143138, 30.34928243721202], [109.48914296755042, 30.348106109862695], [109.4880619623915, 30.347042439327105], [109.4868293122526, 30.34610962530301], [109.48546610811934, 30.345323628496992], [109.48399567479241, 30.344697897532324], [109.4824431717937, 30.34424313883929], [109.48083516287997, 30.343967133465213], [109.47919916152955, 30.34387460393857], [109.47756316017913, 30.343967133465213], [109.4759551512654, 30.34424313883929], [109.47440264826669, 30.344697897532324], [109.47293221493976, 30.345323628496992], [109.4715690108065, 30.34610962530301], [109.4703363606676, 30.347042439327105], [109.46925535550868, 30.348106109862695], [109.46834449162772, 30.34928243721202], [109.46761935415826, 30.350551294087982], [109.46709235040345, 30.351890969997648], [109.46677249754364, 30.353278542714776], [109.46666526834997, 30.354690270485463], [109.46677249754364, 30.35610199825615], [109.46709235040345, 30.35748957097328], [109.46761935415826, 30.358829246882944], [109.46834449162772, 30.360098103758908], [109.46925535550868, 30.36127443110823], [109.4703363606676, 30.36233810164382], [109.4715690108065, 30.363270915667915], [109.47293221493976, 30.364056912473934], [109.47440264826669, 30.364682643438602], [109.4759551512654, 30.365137402131637], [109.47756316017913, 30.365413407505713], [109.47919916152955, 30.365505937032356]]]}}, {"type": "Feature", "properties": {"area_id": 809600, "parent_id": 8096, "name": "Wanxian Airport", "kind": "polygon", "radius_m": 13550, "lat": 30.793083731750002, "lng": 108.4904121655}, "geometry": {"type": "Polygon", "coordinates": [[[108.590389458, 30.7154529523], [108.617918089, 30.7756551009], [108.521256102, 30.7939821314], [108.519869354, 30.8118618866], [108.502518641, 30.8412087368], [108.487834097, 30.852004902], [108.447015181, 30.8675147754], [108.411865456, 30.8707145112], [108.393210091, 30.8663450013], [108.362906242, 30.8461837779], [108.500341638, 30.7570896535], [108.590389458, 30.7154529523]]]}}, {"type": "Feature", "properties": {"area_id": 809601, "parent_id": 8096, "name": "Wanxian Airport", "kind": "polygon", "radius_m": 13470, "lat": 30.813009902700003, "lng": 108.37539432349999}, "geometry": {"type": "Polygon", "coordinates": [[[108.362906242, 30.8461837779], [108.2762807, 30.8912147029], [108.250447009, 30.8276345461], [108.345442816, 30.8093069441], [108.346852915, 30.791425099], [108.364227774, 30.7620927178], [108.378907175, 30.751305176], [108.416288679, 30.7391614105], [108.450005142, 30.7348051025], [108.468875531, 30.7383301954], [108.500341638, 30.7570896535], [108.362906242, 30.8461837779]]]}}, {"type": "Feature", "properties": {"area_id": 265600, "parent_id": 2656, "name": "Qianjiang Wulingshan Airport", "kind": "polygon", "radius_m": 13867, "lat": 29.463705327, "lng": 108.81552490050001}, "geometry": {"type": "Polygon", "coordinates": [[[108.775266279, 29.4597593276], [108.720242975, 29.3864513583], [108.79069391, 29.3572290549], [108.819039647, 29.4389014349], [108.85480744, 29.4434428703], [108.871295521, 29.4517706461], [108.894253059, 29.4779183963], [108.910806826, 29.5250849929], [108.908459109, 29.5415570608], [108.9012896, 29.5569389187], [108.889785182, 29.5701815991], [108.775266279, 29.4597593276]]]}}, {"type": "Feature", "properties": {"area_id": 265601, "parent_id": 2656, "name": "Qianjiang Wulingshan Airport", "kind": "polygon", "radius_m": 13621, "lat": 29.56458646155, "lng": 108.847824782}, "geometry": {"type": "Polygon", "coordinates": [[[108.944749099, 29.6436000734], [108.872589041, 29.6694135955], [108.844304733, 29.5877710475], [108.811615919, 29.5852892769], [108.794384685, 29.5781516469], [108.779867815, 29.5673770497], [108.757397456, 29.5337150842], [108.750900465, 29.5035571259], [108.754488655, 29.4872553617], [108.775266279, 29.4597593276], [108.889785182, 29.5701815991], [108.944749099, 29.6436000734]]]}}, {"type": "Feature", "properties": {"area_id": 14100, "parent_id": 141, "name": "Enshi Airport", "kind": "polygon", "radius_m": 13503, "lat": 30.274000297900002, "lng": 109.4882004625}, "geometry": {"type": "Polygon", "coordinates": [[[109.450413859, 30.2510435275], [109.417038702, 30.1694234057], [109.494359138, 30.1591063874], [109.497721779, 30.2474647466], [109.527873499, 30.2593512055], [109.541455049, 30.2710942506], [109.556026242, 30.3015066315], [109.559362223, 30.3215253141], [109.557264623, 30.3513914673], [109.537003618, 30.3792773976], [109.521321282, 30.3888942084], [109.450413859, 30.2510435275]]]}}, {"type": "Feature", "properties": {"area_id": 14101, "parent_id": 141, "name": "Enshi Airport", "kind": "polygon", "radius_m": 13326, "lat": 30.367643864549997, "lng": 109.481806689}, "geometry": {"type": "Polygon", "coordinates": [[[109.55131557, 30.4705472875], [109.473991369, 30.4842442016], [109.475655655, 30.3959081484], [109.440954188, 30.3836825214], [109.427221814, 30.3720571563], [109.417448066, 30.3577608022], [109.412297808, 30.3417686668], [109.413439186, 30.2877638339], [109.421870626, 30.2728478461], [109.450413859, 30.2510435275], [109.521321282, 30.3888942084], [109.55131557, 30.4705472875]]]}}, {"type": "Feature", "properties": {"area_id": 4000154100, "parent_id": 40001541, "name": "安康富强机场", "kind": "polygon", "radius_m": 13918, "lat": 32.74707728075, "lng": 108.819936684}, "geometry": {"type": "Polygon", "coordinates": [[[108.788383873, 32.7846370443], [108.68873032, 32.8058492], [108.680822825, 32.7401330838], [108.783516019, 32.7441749309], [108.789678774, 32.7268040672], [108.814720253, 32.7015193964], [108.851421097, 32.6901478929], [108.901128565, 32.6883053615], [108.936584042, 32.7021956343], [108.949923525, 32.7144233581], [108.959050543, 32.7291386733], [108.788383873, 32.7846370443]]]}}, {"type": "Feature", "properties": {"area_id": 4000154101, "parent_id": 40001541, "name": "安康富强机场", "kind": "polygon", "radius_m": 13917, "lat": 32.7667089161, "lng": 108.927503995}, "geometry": {"type": "Polygon", "coordinates": [[[109.058673818, 32.7078565379], [109.066624117, 32.773571018], [108.96395384, 32.7696808984], [108.957835478, 32.7870127242], [108.932817686, 32.8123307825], [108.896080036, 32.8237332592], [108.846277752, 32.8255612943], [108.810800544, 32.8116216465], [108.797477312, 32.7993701967], [108.788383873, 32.7846370443], [108.959050543, 32.7291386733], [109.058673818, 32.7078565379]]]}}, {"type": "Feature", "properties": {"area_id": 777500, "parent_id": 7775, "name": "Xi'an Xianyang International Airport", "kind": "polygon", "radius_m": 15312, "lat": 34.38337234375, "lng": 108.720223516}, "geometry": {"type": "Polygon", "coordinates": [[[108.853173087, 34.466333358], [108.668533992, 34.4152441758], [108.581854335, 34.3686413166], [108.59583593867721, 34.354674601416725], [108.590182267, 34.3519553709], [108.643450298, 34.3004113295], [108.7117901, 34.3670784123], [108.743940785, 34.3577013256], [108.764044935, 34.3579371945], [108.800665257, 34.3709546313], [108.835728748, 34.3959979468], [108.853487851, 34.4176704741], [108.858592697, 34.4337257177], [108.853173087, 34.466333358]]]}}, {"type": "Feature", "properties": {"area_id": 777501, "parent_id": 7775, "name": "Xi'an Xianyang International Airport", "kind": "polygon", "radius_m": 15279, "lat": 34.49574815815, "lng": 108.80341369199999}, "geometry": {"type": "Polygon", "coordinates": [[[108.88505210150645, 34.56153907507183], [108.869840017, 34.5762521405], [108.804858459, 34.5112536364], [108.770476234, 34.5205867928], [108.750355812, 34.519762394], [108.714263415, 34.5056643596], [108.687598054, 34.4856644242], [108.669058714, 34.4639058278], [108.663676512, 34.4479118893], [108.668533992, 34.4152441758], [108.853173087, 34.466333358], [108.943150872, 34.5130341165], [108.889888579, 34.5662557026], [108.88505210150645, 34.56153907507183]]]}}, {"type": "Feature", "properties": {"area_id": 960001590, "parent_id": 960001590, "name": "无人机管控区域", "kind": "circle", "radius_m": 500, "lat": 34.22963852806102, "lng": 108.9571470854301}, "geometry": {"type": "Polygon", "coordinates": [[[108.9571470854301, 34.23413008393597], [108.95785617225467, 34.23409165805281], [108.95855312640708, 34.233977037880855], [108.95922602280855, 34.23378818460302], [108.95986334801509, 34.23352832955125], [108.9604541972157, 34.233201918917516], [108.96098846081676, 34.23281453767827], [108.96145699741992, 34.23237281403393], [108.96185179023401, 34.23188430599849], [108.9621660842445, 34.231357372079906], [108.96239450179375, 34.2308010282636], [108.96253313459417, 34.230224793746515], [108.96257961060009, 34.22963852806102], [108.96253313459417, 34.22905226237552], [108.96239450179375, 34.228476027858434], [108.9621660842445, 34.22791968404213], [108.96185179023401, 34.22739275012354], [108.96145699741992, 34.226904242088104], [108.96098846081676, 34.22646251844376], [108.9604541972157, 34.22607513720452], [108.95986334801509, 34.225748726570785], [108.95922602280855, 34.22548887151901], [108.95855312640708, 34.22530001824118], [108.95785617225467, 34.22518539806922], [108.9571470854301, 34.22514697218606], [108.95643799860552, 34.22518539806922], [108.9557410444531, 34.22530001824118], [108.95506814805164, 34.22548887151901], [108.9544308228451, 34.225748726570785], [108.95383997364449, 34.22607513720452], [108.95330571004342, 34.22646251844376], [108.95283717344027, 34.226904242088104], [108.95244238062618, 34.22739275012354], [108.95212808661569, 34.22791968404213], [108.95189966906644, 34.228476027858434], [108.95176103626602, 34.22905226237552], [108.9517145602601, 34.22963852806102], [108.95176103626602, 34.230224793746515], [108.95189966906644, 34.2308010282636], [108.95212808661569, 34.231357372079906], [108.95244238062618, 34.23188430599849], [108.95283717344027, 34.23237281403393], [108.95330571004342, 34.23281453767827], [108.95383997364449, 34.233201918917516], [108.9544308228451, 34.23352832955125], [108.95506814805164, 34.23378818460302], [108.9557410444531, 34.233977037880855], [108.95643799860552, 34.23409165805281], [108.9571470854301, 34.23413008393597]]]}}, {"type": "Feature", "properties": {"area_id": 960001567, "parent_id": 960001567, "name": "无人机管控区域", "kind": "circle", "radius_m": 500, "lat": 34.26854127278794, "lng": 108.94944428237444}, "geometry": {"type": "Polygon", "coordinates": [[[108.94944428237444, 34.2730328286629], [108.95015369707566, 34.27299440277974], [108.95085097349467, 34.27287978260778], [108.9515241810386, 34.27269092932995], [108.95216180093972, 34.272431074278174], [108.95275292334476, 34.27210466364444], [108.95328743398547, 34.2717172824052], [108.95375618723658, 34.271275558760856], [108.95415116260001, 34.27078705072542], [108.9544656019378, 34.27026011680683], [108.95469412510569, 34.269703772990525], [108.95483282200891, 34.26912753847344], [108.954879319505, 34.26854127278794], [108.95483282200891, 34.267955007102444], [108.95469412510569, 34.26737877258536], [108.9544656019378, 34.26682242876905], [108.95415116260001, 34.26629549485047], [108.95375618723658, 34.26580698681503], [108.95328743398547, 34.265365263170686], [108.95275292334476, 34.26497788193144], [108.95216180093972, 34.26465147129771], [108.9515241810386, 34.26439161624594], [108.95085097349467, 34.264202762968104], [108.95015369707566, 34.26408814279615], [108.94944428237444, 34.264049716912986], [108.94873486767322, 34.26408814279615], [108.94803759125422, 34.264202762968104], [108.9473643837103, 34.26439161624594], [108.94672676380917, 34.26465147129771], [108.94613564140413, 34.26497788193144], [108.94560113076342, 34.265365263170686], [108.94513237751231, 34.26580698681503], [108.94473740214887, 34.26629549485047], [108.94442296281109, 34.26682242876905], [108.9441944396432, 34.26737877258536], [108.94405574273998, 34.267955007102444], [108.94400924524389, 34.26854127278794], [108.94405574273998, 34.26912753847344], [108.9441944396432, 34.269703772990525], [108.94442296281109, 34.27026011680683], [108.94473740214887, 34.27078705072542], [108.94513237751231, 34.271275558760856], [108.94560113076342, 34.2717172824052], [108.94613564140413, 34.27210466364444], [108.94672676380917, 34.272431074278174], [108.9473643837103, 34.27269092932995], [108.94803759125422, 34.27287978260778], [108.94873486767322, 34.27299440277974], [108.94944428237444, 34.2730328286629]]]}}, {"type": "Feature", "properties": {"area_id": 3028602700, "parent_id": 30286027, "name": "Yanan nanniwan Airport", "kind": "polygon", "radius_m": 14222, "lat": 36.52256099025, "lng": 109.4182430515}, "geometry": {"type": "Polygon", "coordinates": [[[109.463823198, 36.5589016232], [109.451275724, 36.644751311], [109.371829068, 36.6275148212], [109.414901761, 36.5482792459], [109.396984097, 36.5372136564], [109.376984662, 36.5084921651], [109.374567091, 36.4920080868], [109.377538625, 36.4755827002], [109.39558125, 36.4312368273], [109.424987782, 36.4083613212], [109.464657035, 36.4003706695], [109.463823198, 36.5589016232]]]}}, {"type": "Feature", "properties": {"area_id": 3028602701, "parent_id": 30286027, "name": "Yanan nanniwan Airport", "kind": "polygon", "radius_m": 14220, "lat": 36.43670555165, "lng": 109.510077208}, "geometry": {"type": "Polygon", "coordinates": [[[109.47717151, 36.3145094801], [109.556331218, 36.3317414602], [109.513488258, 36.4109928691], [109.531289827, 36.4219610174], [109.551381951, 36.4506305338], [109.553869091, 36.4671077932], [109.550968433, 36.4835413318], [109.532979365, 36.5279870532], [109.503563953, 36.5508929034], [109.463823198, 36.5589016232], [109.464657035, 36.4003706695], [109.47717151, 36.3145094801]]]}}, {"type": "Feature", "properties": {"area_id": 703900, "parent_id": 7039, "name": "Yulin Airport", "kind": "polygon", "radius_m": 14774, "lat": 38.40412770085, "lng": 109.52718910249999}, "geometry": {"type": "Polygon", "coordinates": [[[109.602648041, 38.4343363661], [109.569378944, 38.5242904275], [109.451730164, 38.486768997], [109.525092645, 38.4169201786], [109.504911258, 38.3895655038], [109.501913181, 38.3731344905], [109.504441767, 38.3566550838], [109.522271006, 38.3213288008], [109.540970228, 38.3009289294], [109.558211877, 38.2913165209], [109.599083986, 38.2839649742], [109.602648041, 38.4343363661]]]}}, {"type": "Feature", "properties": {"area_id": 703901, "parent_id": 7039, "name": "Yulin Airport", "kind": "polygon", "radius_m": 14626, "lat": 38.312506653499995, "lng": 109.6653414755}, "geometry": {"type": "Polygon", "coordinates": [[[109.617343152, 38.1906769409], [109.731598965, 38.2315792476], [109.658242722, 38.3014311393], [109.67559877, 38.3216292163], [109.681236357, 38.3376274534], [109.681404183, 38.3542251706], [109.676087131, 38.3702912852], [109.662709305, 38.3953755312], [109.640440585, 38.4199600692], [109.602648041, 38.4343363661], [109.599083986, 38.2839649742], [109.617343152, 38.1906769409]]]}}, {"type": "Feature", "properties": {"area_id": 304600, "parent_id": 3046, "name": "Baotou Airport", "kind": "polygon", "radius_m": 14505, "lat": 40.586057011799994, "lng": 109.931645448}, "geometry": {"type": "Polygon", "coordinates": [[[109.938337148, 40.6229077915], [109.861737075, 40.6862579177], [109.8084076, 40.6329800315], [109.903413364, 40.5879680633], [109.900268709, 40.5571341284], [109.906708067, 40.5412734616], [109.918325969, 40.5272187122], [109.959276449, 40.4992886181], [109.991744709, 40.487486422], [110.013462973, 40.4858561059], [110.054883296, 40.4953923273], [109.938337148, 40.6229077915]]]}}, {"type": "Feature", "properties": {"area_id": 304601, "parent_id": 3046, "name": "Baotou Airport", "kind": "polygon", "radius_m": 14548, "lat": 40.5324741394, "lng": 110.06246352650001}, "geometry": {"type": "Polygon", "coordinates": [[[110.133261611, 40.4320754672], [110.186589905, 40.4853506356], [110.09159199, 40.5286811846], [110.095363577, 40.5589482491], [110.089368903, 40.5749095816], [110.078135948, 40.589147593], [110.035708626, 40.6190540652], [110.001458699, 40.6314561126], [109.979667235, 40.6328728116], [109.938337148, 40.6229077915], [110.054883296, 40.4953923273], [110.133261611, 40.4320754672]]]}}, {"type": "Feature", "properties": {"area_id": 72300, "parent_id": 723, "name": "Ordos Ejin Horo Airport", "kind": "polygon", "radius_m": 14590, "lat": 39.515816284349995, "lng": 109.7942771525}, "geometry": {"type": "Polygon", "coordinates": [[[109.793195252, 39.5512341431], [109.709941913, 39.609591588], [109.660136107, 39.5528945427], [109.763465484, 39.5179044782], [109.760407222, 39.501187462], [109.763064067, 39.4847163407], [109.771151537, 39.4693367414], [109.801072003, 39.445894157], [109.867832594, 39.4220409807], [109.90997998, 39.4268632988], [109.928418198, 39.4353886769], [109.793195252, 39.5512341431]]]}}, {"type": "Feature", "properties": {"area_id": 72301, "parent_id": 723, "name": "Ordos Ejin Horo Airport", "kind": "polygon", "radius_m": 14483, "lat": 39.47083310305, "lng": 109.92569309699999}, "geometry": {"type": "Polygon", "coordinates": [[[110.00836205, 39.3770744788], [110.058190942, 39.4337796416], [109.958199544, 39.4687633466], [109.961037388, 39.4860660154], [109.95798144, 39.5024958741], [109.936215174, 39.5308027883], [109.91898457, 39.5407482237], [109.853889893, 39.5645917273], [109.832361911, 39.5643254926], [109.793195252, 39.5512341431], [109.928418198, 39.4353886769], [110.00836205, 39.3770744788]]]}}, {"type": "Feature", "properties": {"area_id": 40000177, "parent_id": 40000177, "name": "无人机适飞空域限高区", "kind": "polygon", "radius_m": 3112, "lat": 18.484497, "lng": 110.0445555}, "geometry": {"type": "Polygon", "coordinates": [[[110.039062, 18.457031], [110.039062, 18.511963], [110.050049, 18.511963], [110.050049, 18.457031], [110.039062, 18.457031]]]}}, {"type": "Feature", "properties": {"area_id": 40000241, "parent_id": 40000241, "name": "无人机适飞空域限高区", "kind": "polygon", "radius_m": 2514, "lat": 18.484496999999998, "lng": 110.055542}, "geometry": {"type": "Polygon", "coordinates": [[[110.050049, 18.484497], [110.050049, 18.50647], [110.061035, 18.50647], [110.061035, 18.462524], [110.050049, 18.462524], [110.050049, 18.484497]]]}}, {"type": "Feature", "properties": {"area_id": 40000229, "parent_id": 40000229, "name": "无人机适飞空域限高区", "kind": "polygon", "radius_m": 4213, "lat": 18.5229505, "lng": 110.0115965}, "geometry": {"type": "Polygon", "coordinates": [[[109.984131, 18.550415], [109.995117, 18.550415], [109.995117, 18.544922], [110.006104, 18.544922], [110.006104, 18.539429], [110.01709, 18.539429], [110.01709, 18.528442], [110.028076, 18.528442], [110.028076, 18.511963], [110.039062, 18.511963], [110.039062, 18.495486], [110.01709, 18.495486], [110.01709, 18.50647], [110.006104, 18.50647], [110.006104, 18.522949], [109.995117, 18.522949], [109.995117, 18.528442], [109.984131, 18.528442], [109.984131, 18.550415]]]}}, {"type": "Feature", "properties": {"area_id": 40000232, "parent_id": 40000232, "name": "无人机适飞空域限高区", "kind": "polygon", "radius_m": 843, "lat": 18.517456000000003, "lng": 110.0445555}, "geometry": {"type": "Polygon", "coordinates": [[[110.039062, 18.517456], [110.039062, 18.522949], [110.050049, 18.522949], [110.050049, 18.511963], [110.039062, 18.511963], [110.039062, 18.517456]]]}}, {"type": "Feature", "properties": {"area_id": 40000201, "parent_id": 40000201, "name": "无人机适飞空域限高区", "kind": "polygon", "radius_m": 843, "lat": 18.5339355, "lng": 110.022583}, "geometry": {"type": "Polygon", "coordinates": [[[110.01709, 18.533936], [110.01709, 18.539429], [110.028076, 18.539429], [110.028076, 18.528442], [110.01709, 18.528442], [110.01709, 18.533936]]]}}, {"type": "Feature", "properties": {"area_id": 40000236, "parent_id": 40000236, "name": "无人机适飞空域限高区", "kind": "polygon", "radius_m": 843, "lat": 18.5339355, "lng": 110.033569}, "geometry": {"type": "Polygon", "coordinates": [[[110.028076, 18.533936], [110.028076, 18.539429], [110.039062, 18.539429], [110.039062, 18.528442], [110.028076, 18.528442], [110.028076, 18.533936]]]}}, {"type": "Feature", "properties": {"area_id": 40000228, "parent_id": 40000228, "name": "无人机适飞空域限高区", "kind": "polygon", "radius_m": 1085, "lat": 18.5202025, "lng": 110.033569}, "geometry": {"type": "Polygon", "coordinates": [[[110.028076, 18.522949], [110.028076, 18.528442], [110.039062, 18.528442], [110.039062, 18.511963], [110.028076, 18.511963], [110.028076, 18.522949]]]}}, {"type": "Feature", "properties": {"area_id": 40000193, "parent_id": 40000193, "name": "无人机适飞空域限高区", "kind": "polygon", "radius_m": 843, "lat": 18.544922, "lng": 110.022583}, "geometry": {"type": "Polygon", "coordinates": [[[110.01709, 18.539429], [110.01709, 18.550415], [110.028076, 18.550415], [110.028076, 18.539429], [110.01709, 18.539429]]]}}, {"type": "Feature", "properties": {"area_id": 40045189, "parent_id": 40045189, "name": "发射场空域1", "kind": "polygon", "radius_m": 1166, "lat": 19.596946229952692, "lng": 110.93041777093771}, "geometry": {"type": "Polygon", "coordinates": [[[110.92666746523273, 19.60194660905487], [110.9213893228507, 19.601945228659226], [110.92194657335831, 19.60305346678964], [110.93944504718024, 19.603057683331308], [110.9394462190247, 19.596942628471247], [110.92667004864063, 19.59083477657408], [110.92666746523273, 19.60194660905487]]]}}, {"type": "Feature", "properties": {"area_id": 40045151, "parent_id": 40045151, "name": "发射场空域2", "kind": "polygon", "radius_m": 755, "lat": 19.62194453889112, "lng": 110.91958336516561}, "geometry": {"type": "Polygon", "coordinates": [[[110.92444870326457, 19.626945287965174], [110.92361281475559, 19.62361120258838], [110.92361158447315, 19.618890088514355], [110.92305332476992, 19.616391359627464], [110.91999851339239, 19.616387094018584], [110.91972518288907, 19.618885094765943], [110.91582965355482, 19.616944480851338], [110.91471802706664, 19.622499412732452], [110.91943991330967, 19.622503224668968], [110.92111588639625, 19.627501983763658], [110.92444870326457, 19.626945287965174]]]}}, {"type": "Feature", "properties": {"area_id": 40000171, "parent_id": 40000171, "name": "无人机管控空域", "kind": "polygon", "radius_m": 1470, "lat": 19.9868775, "lng": 110.3137205}, "geometry": {"type": "Polygon", "coordinates": [[[110.302734, 19.978638], [110.302734, 19.995117], [110.324707, 19.995117], [110.324707, 19.978638], [110.302734, 19.978638]]]}}, {"type": "Feature", "properties": {"area_id": 40000225, "parent_id": 40000225, "name": "无人机管控空域", "kind": "polygon", "radius_m": 4077, "lat": 19.6298215, "lng": 110.9509275}, "geometry": {"type": "Polygon", "coordinates": [[[110.939941, 19.599609], [110.939941, 19.643555], [110.928955, 19.643555], [110.928955, 19.660034], [110.950928, 19.660034], [110.950928, 19.649048], [110.961914, 19.649048], [110.961914, 19.627075], [110.9729, 19.627075], [110.9729, 19.610596], [110.961914, 19.610596], [110.961914, 19.605103], [110.950928, 19.605103], [110.950928, 19.599609], [110.939941, 19.599609]]]}}, {"type": "Feature", "properties": {"area_id": 3322200, "parent_id": 33222, "name": "博鳌", "kind": "polygon", "radius_m": 14769, "lat": 19.1833330439, "lng": 110.40655594500001}, "geometry": {"type": "Polygon", "coordinates": [[[110.433873236, 19.2194819071], [110.402218905, 19.2994794359], [110.3386694, 19.2634194379], [110.395339861, 19.1951228589], [110.381693492, 19.1712277004], [110.379092729, 19.1548122683], [110.387513512, 19.1228757094], [110.402507991, 19.0978855478], [110.423880171, 19.0763818196], [110.439680373, 19.0691353152], [110.47444249, 19.0671866519], [110.433873236, 19.2194819071]]]}}, {"type": "Feature", "properties": {"area_id": 3322201, "parent_id": 33222, "name": "博鳌", "kind": "polygon", "radius_m": 14896, "lat": 19.102052801150002, "lng": 110.5017664935}, "geometry": {"type": "Polygon", "coordinates": [[[110.504413749, 18.9838695625], [110.569659751, 19.0198873723], [110.51298784, 19.0848377752], [110.529453326, 19.1141194705], [110.528159727, 19.1470092493], [110.520837026, 19.1620974097], [110.505830811, 19.1854394019], [110.48420513, 19.2090310537], [110.451433079, 19.2202360398], [110.433873236, 19.2194819071], [110.47444249, 19.0671866519], [110.504413749, 18.9838695625]]]}}, {"type": "Feature", "properties": {"area_id": 133600, "parent_id": 1336, "name": "Haikou Meilan International Airport", "kind": "polygon", "radius_m": 14539, "lat": 19.919236263549998, "lng": 110.41418337350001}, "geometry": {"type": "Polygon", "coordinates": [[[110.375854696, 19.9543158957], [110.285909001, 19.9693716504], [110.285902061, 19.8989664067], [110.375908274, 19.9122956593], [110.394620242, 19.8854603836], [110.40914203, 19.8760260664], [110.443355038, 19.8691008767], [110.494220917, 19.8710868428], [110.52468648, 19.8872855727], [110.542464686, 19.9156367715], [110.375854696, 19.9543158957]]]}}, {"type": "Feature", "properties": {"area_id": 133601, "parent_id": 1336, "name": "Haikou Meilan International Airport", "kind": "polygon", "radius_m": 14502, "lat": 19.95160661635, "lng": 110.50416130100001}, "geometry": {"type": "Polygon", "coordinates": [[[110.632452895, 19.902314172], [110.632467906, 19.9676756686], [110.542451437, 19.957687005], [110.523761353, 19.9845194523], [110.509236083, 19.993962598], [110.492603661, 19.9995495885], [110.439976947, 20.0008990607], [110.407728044, 19.9926665194], [110.393623043, 19.9826767331], [110.382751755, 19.9695958303], [110.375854696, 19.9543158957], [110.542464686, 19.9156367715], [110.632452895, 19.902314172]]]}}, {"type": "Feature", "properties": {"area_id": 960001587, "parent_id": 960001587, "name": "无人机管控区域", "kind": "circle", "radius_m": 500, "lat": 20.0205066599853, "lng": 110.37663943568273}, "geometry": {"type": "Polygon", "coordinates": [[[110.37663943568273, 20.024998215860258], [110.37726340791767, 20.0249597899771], [110.37787670381466, 20.02484516980514], [110.37846882971088, 20.024656316527302], [110.37902965416808, 20.02439646147553], [110.3795495813243, 20.0240700508418], [110.38001971508174, 20.02368266960256], [110.38043201132149, 20.02324094595821], [110.38077941554054, 20.02275243792278], [110.38105598355642, 20.02222550400419], [110.38125698321367, 20.02166916018788], [110.38137897535245, 20.021092925670803], [110.38141987265344, 20.0205066599853], [110.38137897535245, 20.0199203942998], [110.38125698321367, 20.019344159782722], [110.38105598355642, 20.018787815966412], [110.38077941554054, 20.018260882047823], [110.38043201132149, 20.01777237401239], [110.38001971508174, 20.01733065036804], [110.3795495813243, 20.016943269128802], [110.37902965416808, 20.016616858495073], [110.37846882971088, 20.0163570034433], [110.37787670381466, 20.016168150165463], [110.37726340791767, 20.016053529993503], [110.37663943568273, 20.016015104110345], [110.3760154634478, 20.016053529993503], [110.3754021675508, 20.016168150165463], [110.37481004165458, 20.0163570034433], [110.37424921719739, 20.016616858495073], [110.37372929004117, 20.016943269128802], [110.37325915628372, 20.01733065036804], [110.37284686004398, 20.01777237401239], [110.37249945582492, 20.018260882047823], [110.37222288780904, 20.018787815966412], [110.37202188815179, 20.019344159782722], [110.37189989601302, 20.0199203942998], [110.37185899871203, 20.0205066599853], [110.37189989601302, 20.021092925670803], [110.37202188815179, 20.02166916018788], [110.37222288780904, 20.02222550400419], [110.37249945582492, 20.02275243792278], [110.37284686004398, 20.02324094595821], [110.37325915628372, 20.02368266960256], [110.37372929004117, 20.0240700508418], [110.37424921719739, 20.02439646147553], [110.37481004165458, 20.024656316527302], [110.3754021675508, 20.02484516980514], [110.3760154634478, 20.0249597899771], [110.37663943568273, 20.024998215860258]]]}}, {"type": "Feature", "properties": {"area_id": 960001564, "parent_id": 960001564, "name": "无人机管控区域", "kind": "circle", "radius_m": 500, "lat": 20.02280642036021, "lng": 110.34435023562433}, "geometry": {"type": "Polygon", "coordinates": [[[110.34435023562433, 20.027297976235168], [110.34497421698578, 20.02725955035201], [110.34558752185313, 20.02714493018005], [110.34617965641006, 20.026956076902213], [110.34674048907014, 20.02669622185044], [110.34726042383106, 20.02636981121671], [110.3477305644649, 20.02598242997747], [110.34814286673509, 20.02554070633312], [110.34849027603543, 20.02505219829769], [110.34876684809653, 20.0245252643791], [110.3489678506937, 20.02396892056279], [110.34908984461678, 20.023392686045714], [110.34913074251595, 20.02280642036021], [110.34908984461678, 20.02222015467471], [110.3489678506937, 20.021643920157633], [110.34876684809653, 20.021087576341323], [110.34849027603543, 20.020560642422733], [110.34814286673509, 20.020072134387302], [110.3477305644649, 20.019630410742952], [110.34726042383106, 20.019243029503713], [110.34674048907014, 20.018916618869984], [110.34617965641006, 20.01865676381821], [110.34558752185313, 20.018467910540373], [110.34497421698578, 20.018353290368413], [110.34435023562433, 20.018314864485255], [110.34372625426289, 20.018353290368413], [110.34311294939553, 20.018467910540373], [110.34252081483861, 20.01865676381821], [110.34195998217852, 20.018916618869984], [110.3414400474176, 20.019243029503713], [110.34096990678377, 20.019630410742952], [110.34055760451358, 20.020072134387302], [110.34021019521323, 20.020560642422733], [110.33993362315213, 20.021087576341323], [110.33973262055497, 20.021643920157633], [110.33961062663188, 20.02222015467471], [110.33956972873271, 20.02280642036021], [110.33961062663188, 20.023392686045714], [110.33973262055497, 20.02396892056279], [110.33993362315213, 20.0245252643791], [110.34021019521323, 20.02505219829769], [110.34055760451358, 20.02554070633312], [110.34096990678377, 20.02598242997747], [110.3414400474176, 20.02636981121671], [110.34195998217852, 20.02669622185044], [110.34252081483861, 20.026956076902213], [110.34311294939553, 20.02714493018005], [110.34372625426289, 20.02725955035201], [110.34435023562433, 20.027297976235168]]]}}, {"type": "Feature", "properties": {"area_id": 4000217200, "parent_id": 40002172, "name": "Zhanjiang Wuchuan Airport", "kind": "polygon", "radius_m": 14980, "lat": 21.5236603758, "lng": 110.54591341049999}, "geometry": {"type": "Polygon", "coordinates": [[[110.570973022, 21.5611606801], [110.536802566, 21.6415467906], [110.475273218, 21.6085241537], [110.533073235, 21.5408107997], [110.521179819, 21.5264467531], [110.51452408, 21.5110466577], [110.512380338, 21.4945686916], [110.521889888, 21.4628681581], [110.550341993, 21.4218246536], [110.581205966, 21.405773961], [110.616553603, 21.406233387], [110.570973022, 21.5611606801]]]}}, {"type": "Feature", "properties": {"area_id": 4000217201, "parent_id": 40002172, "name": "Zhanjiang Wuchuan Airport", "kind": "polygon", "radius_m": 14978, "lat": 21.4437266001, "lng": 110.641534482}, "geometry": {"type": "Polygon", "coordinates": [[[110.650668811, 21.3258300698], [110.712095942, 21.3588486629], [110.654434533, 21.4265871983], [110.666296446, 21.4408896379], [110.672977746, 21.4562789408], [110.675152716, 21.4727532987], [110.665702117, 21.5044692601], [110.637246268, 21.5455629128], [110.606358364, 21.5616231304], [110.570973022, 21.5611606801], [110.616553603, 21.406233387], [110.650668811, 21.3258300698]]]}}, {"type": "Feature", "properties": {"area_id": 4000011600, "parent_id": 40000116, "name": "玉林福绵机场", "kind": "polygon", "radius_m": 14287, "lat": 22.4835967439, "lng": 110.143654825}, "geometry": {"type": "Polygon", "coordinates": [[[110.183966149, 22.4830458761], [110.247595887, 22.5464477381], [110.188583681, 22.5837643852], [110.147592885, 22.5060604673], [110.128417171, 22.5098315678], [110.093467493, 22.5034493304], [110.066661942, 22.4817731789], [110.043152398, 22.4457441408], [110.039713763, 22.4294530435], [110.040954072, 22.4128944514], [110.056814307, 22.3834291026], [110.183966149, 22.4830458761]]]}}, {"type": "Feature", "properties": {"area_id": 4000011601, "parent_id": 40000116, "name": "玉林福绵机场", "kind": "polygon", "radius_m": 14289, "lat": 22.382879865950002, "lng": 110.0971521045}, "geometry": {"type": "Polygon", "coordinates": [[[109.993302967, 22.3200256427], [110.052222198, 22.2827138558], [110.093124788, 22.3604474878], [110.112242628, 22.3566794149], [110.147161322, 22.3630336963], [110.173973857, 22.3846782035], [110.197535736, 22.4207129226], [110.201001242, 22.4369991151], [110.199788524, 22.4535594667], [110.183966149, 22.4830458761], [110.056814307, 22.3834291026], [109.993302967, 22.3200256427]]]}}, {"type": "Feature", "properties": {"area_id": 3028602400, "parent_id": 30286024, "name": "Wuzhou Xijiang Airport", "kind": "polygon", "radius_m": 14491, "lat": 23.452860876549998, "lng": 111.12897919299999}, "geometry": {"type": "Polygon", "coordinates": [[[111.169247408, 23.4459880243], [111.24080878, 23.5022624721], [111.186412869, 23.5455599332], [111.135716593, 23.4726928232], [111.117002539, 23.4784625145], [111.081236179, 23.4758121358], [111.051713402, 23.4571079074], [111.023435276, 23.4235111397], [111.017967804, 23.407689345], [111.017149606, 23.3911081002], [111.029356844, 23.3601618199], [111.169247408, 23.4459880243]]]}}, {"type": "Feature", "properties": {"area_id": 3028602401, "parent_id": 30286024, "name": "Wuzhou Xijiang Airport", "kind": "polygon", "radius_m": 14494, "lat": 23.35328860425, "lng": 111.0696642685}, "geometry": {"type": "Polygon", "coordinates": [[[110.957922632, 23.3038812526], [111.012240756, 23.2605891842], [111.062828659, 23.3334983806], [111.081491539, 23.327736293], [111.117219945, 23.3303634822], [111.146738063, 23.3490363023], [111.175062907, 23.3826303515], [111.180557428, 23.3984439491], [111.181405905, 23.4150239141], [111.169247408, 23.4459880243], [111.029356844, 23.3601618199], [110.957922632, 23.3038812526]]]}}, {"type": "Feature", "properties": {"area_id": 3028602600, "parent_id": 30286026, "name": "Shaoyang Wugang Airport", "kind": "polygon", "radius_m": 14016, "lat": 26.85650341345, "lng": 110.6582408415}, "geometry": {"type": "Polygon", "coordinates": [[[110.700171789, 26.862104536], [110.757586732, 26.9317691327], [110.692099463, 26.9626571219], [110.659810837, 26.8811564862], [110.639589323, 26.8828908238], [110.604439831, 26.8728778144], [110.579622547, 26.8485248803], [110.56035794, 26.8108258137], [110.558894951, 26.7942790197], [110.562279286, 26.7779580511], [110.582345825, 26.750349705], [110.700171789, 26.862104536]]]}}, {"type": "Feature", "properties": {"area_id": 3028602601, "parent_id": 30286026, "name": "Shaoyang Wugang Airport", "kind": "polygon", "radius_m": 14018, "lat": 26.75595449255, "lng": 110.6243132945}, "geometry": {"type": "Polygon", "coordinates": [[[110.525071837, 26.6806871344], [110.590419207, 26.6498044491], [110.62262123, 26.7313299899], [110.642759778, 26.7295922762], [110.677879185, 26.739565187], [110.702720337, 26.7638793245], [110.722057627, 26.8015960825], [110.723554752, 26.8181404508], [110.720202535, 26.8344668952], [110.700171789, 26.862104536], [110.582345825, 26.750349705], [110.525071837, 26.6806871344]]]}}, {"type": "Feature", "properties": {"area_id": 386600, "parent_id": 3866, "name": "Lingling Airport", "kind": "polygon", "radius_m": 14130, "lat": 26.29747952705, "lng": 111.63845079949999}, "geometry": {"type": "Polygon", "coordinates": [[[111.593945089, 26.2658427445], [111.592295701, 26.1774859414], [111.664534349, 26.1843491285], [111.64287877, 26.2676978946], [111.671051946, 26.2878751825], [111.680074017, 26.3023692376], [111.684605898, 26.3184626653], [111.684336977, 26.3350591544], [111.667976218, 26.3883842518], [111.641639567, 26.4113350578], [111.624420269, 26.4174731127], [111.593945089, 26.2658427445]]]}}, {"type": "Feature", "properties": {"area_id": 386601, "parent_id": 3866, "name": "Lingling Airport", "kind": "polygon", "radius_m": 14118, "lat": 26.3858472773, "lng": 111.58190626550001}, "geometry": {"type": "Polygon", "coordinates": [[[111.627702725, 26.5058518101], [111.55376507, 26.4956030611], [111.575458993, 26.4156445032], [111.550972566, 26.3982537029], [111.541328535, 26.3840808285], [111.536109806, 26.3681546937], [111.539001954, 26.321574318], [111.549614351, 26.2939172291], [111.561458038, 26.281160205], [111.593945089, 26.2658427445], [111.624420269, 26.4174731127], [111.627702725, 26.5058518101]]]}}, {"type": "Feature", "properties": {"area_id": 178100, "parent_id": 1781, "name": "Changde Airport", "kind": "polygon", "radius_m": 13286, "lat": 28.8722979253, "lng": 111.63816836000001}, "geometry": {"type": "Polygon", "coordinates": [[[111.595364549, 28.849494929], [111.560329438, 28.7745402451], [111.637661522, 28.7590919332], [111.642566723, 28.8423516858], [111.676945753, 28.8518515035], [111.691595549, 28.8623812423], [111.709318154, 28.891405249], [111.716007282, 28.9181561009], [111.715011821, 28.9467749574], [111.696339843, 28.9753464947], [111.681333432, 28.9855039174], [111.595364549, 28.849494929]]]}}, {"type": "Feature", "properties": {"area_id": 178101, "parent_id": 1781, "name": "Changde Airport", "kind": "polygon", "radius_m": 13556, "lat": 28.964388204099997, "lng": 111.6415051575}, "geometry": {"type": "Polygon", "coordinates": [[[111.719680887, 29.0637781089], [111.644052135, 29.0792814792], [111.634041187, 28.9976057751], [111.60051588, 28.9854206244], [111.586991231, 28.9737791952], [111.572319926, 28.9434733531], [111.563329428, 28.9065544159], [111.564548631, 28.8899905326], [111.570621595, 28.8742671457], [111.595364549, 28.849494929], [111.681333432, 28.9855039174], [111.719680887, 29.0637781089]]]}}, {"type": "Feature", "properties": {"area_id": 902400, "parent_id": 9024, "name": "Yichang Airport", "kind": "polygon", "radius_m": 14406, "lat": 30.5852415623, "lng": 111.42085017299999}, "geometry": {"type": "Polygon", "coordinates": [[[111.43349156, 30.6229068467], [111.371853111, 30.6879154661], [111.31857167, 30.6380596233], [111.400230594, 30.5897613051], [111.393506717, 30.5599996004], [111.396948771, 30.5436681857], [111.40517961, 30.5286600719], [111.437625189, 30.4993393302], [111.466996777, 30.48507956], [111.486035525, 30.4825676585], [111.523128676, 30.4904080233], [111.43349156, 30.6229068467]]]}}, {"type": "Feature", "properties": {"area_id": 902401, "parent_id": 9024, "name": "Yichang Airport", "kind": "polygon", "radius_m": 14527, "lat": 30.527992219749997, "lng": 111.5374659405}, "geometry": {"type": "Polygon", "coordinates": [[[111.584775012, 30.425422653], [111.641440321, 30.4718768495], [111.556433299, 30.5202463381], [111.563162905, 30.5499566083], [111.559739368, 30.5662909438], [111.551520761, 30.5813053232], [111.52238734, 30.6106512083], [111.507349845, 30.6211758638], [111.470690545, 30.6305617865], [111.43349156, 30.6229068467], [111.523128676, 30.4904080233], [111.584775012, 30.425422653]]]}}, {"type": "Feature", "properties": {"area_id": 77300, "parent_id": 773, "name": "Dayong Airport", "kind": "polygon", "radius_m": 13995, "lat": 29.06896303865, "lng": 110.39081969150001}, "geometry": {"type": "Polygon", "coordinates": [[[110.350563865, 29.1057754128], [110.252193188, 29.0941031497], [110.274506076, 29.0321506645], [110.36448222, 29.0621584402], [110.386779447, 29.0442722927], [110.404249832, 29.037775347], [110.423047067, 29.0354504217], [110.473569885, 29.0424581133], [110.506668534, 29.0580897328], [110.518655862, 29.0709628521], [110.529446195, 29.1024956224], [110.350563865, 29.1057754128]]]}}, {"type": "Feature", "properties": {"area_id": 77301, "parent_id": 773, "name": "Dayong Airport", "kind": "polygon", "radius_m": 13986, "lat": 29.13933253215, "lng": 110.48917724}, "geometry": {"type": "Polygon", "coordinates": [[[110.627790615, 29.1108786642], [110.608867607, 29.1761694419], [110.517200158, 29.1395029812], [110.494659147, 29.1592091963], [110.477413666, 29.1661888078], [110.458685735, 29.1690304271], [110.408096778, 29.1625419426], [110.376211111, 29.1489750594], [110.363393017, 29.1367209209], [110.350563865, 29.1057754128], [110.529446195, 29.1024956224], [110.627790615, 29.1108786642]]]}}, {"type": "Feature", "properties": {"area_id": 3321800, "parent_id": 33218, "name": "红坪", "kind": "polygon", "radius_m": 13772, "lat": 31.585009896949998, "lng": 110.379348338}, "geometry": {"type": "Polygon", "coordinates": [[[110.335676848, 31.5507343653], [110.349050513, 31.4657026495], [110.423019828, 31.479496543], [110.386391748, 31.5612437049], [110.409257098, 31.5806155783], [110.417551156, 31.5956350614], [110.421000741, 31.6119712111], [110.419368301, 31.6285111382], [110.404034054, 31.6702745618], [110.377845823, 31.694494165], [110.3409255, 31.7043171444], [110.335676848, 31.5507343653]]]}}, {"type": "Feature", "properties": {"area_id": 3321801, "parent_id": 33218, "name": "红坪", "kind": "polygon", "radius_m": 13678, "lat": 31.6691802382, "lng": 110.29726782}, "geometry": {"type": "Polygon", "coordinates": [[[110.330959135, 31.7876261111], [110.25361014, 31.7704347418], [110.293630553, 31.693810267], [110.26765088, 31.6698582917], [110.260870439, 31.6542956945], [110.259054362, 31.6377696148], [110.268975675, 31.596448578], [110.284486771, 31.5723125123], [110.299119228, 31.5613549522], [110.335676848, 31.5507343653], [110.3409255, 31.7043171444], [110.330959135, 31.7876261111]]]}}, {"type": "Feature", "properties": {"area_id": 3322000, "parent_id": 33220, "name": "武当山", "kind": "polygon", "radius_m": 14304, "lat": 32.6210341166, "lng": 110.84835868249999}, "geometry": {"type": "Polygon", "coordinates": [[[110.858450961, 32.65624108], [110.790116601, 32.7212552228], [110.74021621, 32.6696927577], [110.82354979, 32.6263609551], [110.818014417, 32.6099933133], [110.822634245, 32.5773117967], [110.832269351, 32.5628352666], [110.867638855, 32.5359840309], [110.899566191, 32.5224178431], [110.919159047, 32.5208130104], [110.956501155, 32.5304006682], [110.858450961, 32.65624108]]]}}, {"type": "Feature", "properties": {"area_id": 3322001, "parent_id": 33220, "name": "武当山", "kind": "polygon", "radius_m": 14208, "lat": 32.565497774250005, "lng": 110.9649485285}, "geometry": {"type": "Polygon", "coordinates": [[[111.021564259, 32.4654105846], [111.071446096, 32.5169801625], [110.986453303, 32.5602913223], [110.994060141, 32.5917939994], [110.990421919, 32.6081067898], [110.969054449, 32.6356631109], [110.944007437, 32.6523642652], [110.915544179, 32.6638435712], [110.895936448, 32.6655849639], [110.858450961, 32.65624108], [110.956501155, 32.5304006682], [111.021564259, 32.4654105846]]]}}, {"type": "Feature", "properties": {"area_id": 3320200, "parent_id": 33202, "name": "乔李 ", "kind": "polygon", "radius_m": 13765, "lat": 36.175809434, "lng": 111.60529325350001}, "geometry": {"type": "Polygon", "coordinates": [[[111.652759119, 36.2109052041], [111.649447162, 36.2942160991], [111.566940078, 36.2855691303], [111.598588951, 36.2005372783], [111.571418976, 36.1807385336], [111.562091766, 36.1659462406], [111.557827388, 36.1497090289], [111.558913433, 36.1331339776], [111.581070724, 36.0829758838], [111.595157315, 36.0708978207], [111.632292545, 36.0574027689], [111.652759119, 36.2109052041]]]}}, {"type": "Feature", "properties": {"area_id": 3320201, "parent_id": 33202, "name": "乔李 ", "kind": "polygon", "radius_m": 13786, "lat": 36.0925093959, "lng": 111.6771892585}, "geometry": {"type": "Polygon", "coordinates": [[[111.632228476, 35.9741135877], [111.714716879, 35.9827573035], [111.681414514, 36.0678061743], [111.708502998, 36.087543508], [111.717851648, 36.1023231256], [111.722150041, 36.118554041], [111.719431344, 36.1551509713], [111.71444083, 36.1713502676], [111.690174636, 36.1978008079], [111.652759119, 36.2109052041], [111.632292545, 36.0574027689], [111.632228476, 35.9741135877]]]}}, {"type": "Feature", "properties": {"area_id": 892300, "parent_id": 8923, "name": "Yuncheng Guangong Airport", "kind": "polygon", "radius_m": 14281, "lat": 35.08368355605, "lng": 110.9787499855}, "geometry": {"type": "Polygon", "coordinates": [[[110.827082325, 35.1161362211], [110.844682441, 35.0485476835], [110.943091067, 35.0791264327], [110.955182967, 35.0650289321], [110.989220307, 35.0475101287], [111.029392942, 35.0462574428], [111.087771152, 35.0585499701], [111.117788704, 35.0804507193], [111.12661599, 35.0953948893], [111.130417646, 35.1116991301], [110.932155582, 35.1211096693], [110.827082325, 35.1161362211]]]}}, {"type": "Feature", "properties": {"area_id": 892301, "parent_id": 8923, "name": "Yuncheng Guangong Airport", "kind": "polygon", "radius_m": 14277, "lat": 35.149182276649995, "lng": 111.0838666965}, "geometry": {"type": "Polygon", "coordinates": [[[111.130417646, 35.1116991301], [111.235577811, 35.1166188879], [111.218022828, 35.1842104455], [111.119494568, 35.1537821441], [111.10742422, 35.1678709199], [111.073353338, 35.1854115214], [111.033112088, 35.1866654232], [110.974683235, 35.1743400254], [110.944690211, 35.1523851688], [110.935904191, 35.137422311], [110.932155582, 35.1211096693], [111.130417646, 35.1116991301]]]}}, {"type": "Feature", "properties": {"area_id": 3335800, "parent_id": 33358, "name": "机场禁飞区", "kind": "polygon", "radius_m": 14019, "lat": 37.63857808455, "lng": 111.1791364645}, "geometry": {"type": "Polygon", "coordinates": [[[111.129556509, 37.6058705634], [111.127621793, 37.5194327088], [111.2101598, 37.5279340254], [111.180458786, 37.6111106385], [111.200254675, 37.6200581549], [111.225348204, 37.6462939319], [111.230651136, 37.6623524212], [111.23052423, 37.6789503564], [111.220823289, 37.7196332192], [111.195096823, 37.7455031563], [111.156446549, 37.7577234603], [111.129556509, 37.6058705634]]]}}, {"type": "Feature", "properties": {"area_id": 3335801, "parent_id": 33358, "name": "机场禁飞区", "kind": "polygon", "radius_m": 14019, "lat": 37.72501461115, "lng": 111.10682056799999}, "geometry": {"type": "Polygon", "coordinates": [[[111.158403274, 37.8441586589], [111.075546718, 37.8356548284], [111.10542832, 37.7524847995], [111.085491065, 37.7434508925], [111.060472316, 37.7171508381], [111.055237862, 37.7010774838], [111.055440724, 37.6844800209], [111.065218303, 37.6438970525], [111.090963872, 37.6180610017], [111.129556509, 37.6058705634], [111.156446549, 37.7577234603], [111.158403274, 37.8441586589]]]}}, {"type": "Feature", "properties": {"area_id": 40002372, "parent_id": 40002372, "name": "内蒙古托克托县大唐托电云发电厂", "kind": "polygon", "radius_m": 2497, "lat": 40.19390065093465, "lng": 111.35887550354003}, "geometry": {"type": "Polygon", "coordinates": [[[111.33610618591308, 40.17980809134269], [111.3361025238037, 40.208061569901616], [111.38164543151856, 40.20799382087817], [111.38164848327636, 40.179739731967686], [111.33610618591308, 40.17980809134269]]]}}, {"type": "Feature", "properties": {"area_id": 139800, "parent_id": 1398, "name": "Baita International Airport", "kind": "polygon", "radius_m": 14367, "lat": 40.80897393065, "lng": 111.766666609}, "geometry": {"type": "Polygon", "coordinates": [[[111.716991254, 40.8456831638], [111.605363046, 40.8357825624], [111.634536205, 40.7671242746], [111.736148223, 40.8054703341], [111.762974507, 40.7885979011], [111.783540995, 40.7828522996], [111.805369035, 40.7813288282], [111.868677644, 40.7908059533], [111.902648143, 40.8060908067], [111.916205155, 40.8191376761], [111.927970172, 40.8508235867], [111.716991254, 40.8456831638]]]}}, {"type": "Feature", "properties": {"area_id": 139801, "parent_id": 1398, "name": "Baita International Airport", "kind": "polygon", "radius_m": 14462, "lat": 40.88677333315, "lng": 111.8800123365}, "geometry": {"type": "Polygon", "coordinates": [[[112.043033419, 40.8659477104], [112.013850691, 40.9278635025], [111.912193032, 40.8911945184], [111.881997193, 40.9123362366], [111.861509618, 40.918320277], [111.817967142, 40.9175226649], [111.75861132, 40.9009301348], [111.741266592, 40.8907514357], [111.72800344, 40.8775244655], [111.716991254, 40.8456831638], [111.927970172, 40.8508235867], [112.043033419, 40.8659477104]]]}}, {"type": "Feature", "properties": {"area_id": 960001557, "parent_id": 960001557, "name": "无人机管控区域", "kind": "circle", "radius_m": 500, "lat": 40.81841046226714, "lng": 111.75804708206567}, "geometry": {"type": "Polygon", "coordinates": [[[111.75804708206567, 40.822902018142095], [111.75882176132205, 40.82286359225893], [111.75958318560158, 40.82274897208698], [111.76031832672373, 40.82256011880914], [111.76101460622006, 40.82230026375737], [111.76166011055535, 40.82197385312364], [111.76224379497148, 40.821586471884395], [111.76275567246623, 40.82114474824005], [111.76318698467377, 40.82065624020461], [111.76353035172262, 40.82012930628603], [111.7637798985074, 40.81957296246972], [111.76393135521342, 40.81899672795264], [111.76398213037444, 40.81841046226714], [111.76393135521342, 40.81782419658164], [111.7637798985074, 40.817247962064556], [111.76353035172262, 40.81669161824825], [111.76318698467377, 40.816164684329664], [111.76275567246623, 40.815676176294225], [111.76224379497148, 40.81523445264988], [111.76166011055535, 40.81484707141064], [111.76101460622006, 40.81452066077691], [111.76031832672373, 40.814260805725134], [111.75958318560158, 40.8140719524473], [111.75882176132205, 40.81395733227534], [111.75804708206567, 40.81391890639218], [111.75727240280929, 40.81395733227534], [111.75651097852976, 40.8140719524473], [111.75577583740761, 40.814260805725134], [111.75507955791129, 40.81452066077691], [111.75443405357599, 40.81484707141064], [111.75385036915986, 40.81523445264988], [111.75333849166512, 40.815676176294225], [111.75290717945758, 40.816164684329664], [111.75256381240872, 40.81669161824825], [111.75231426562395, 40.817247962064556], [111.75216280891793, 40.81782419658164], [111.7521120337569, 40.81841046226714], [111.75216280891793, 40.81899672795264], [111.75231426562395, 40.81957296246972], [111.75256381240872, 40.82012930628603], [111.75290717945758, 40.82065624020461], [111.75333849166512, 40.82114474824005], [111.75385036915986, 40.821586471884395], [111.75443405357599, 40.82197385312364], [111.75507955791129, 40.82230026375737], [111.75577583740761, 40.82256011880914], [111.75651097852976, 40.82274897208698], [111.75727240280929, 40.82286359225893], [111.75804708206567, 40.822902018142095]]]}}, {"type": "Feature", "properties": {"area_id": 3277300, "parent_id": 32773, "name": "赛乌素", "kind": "polygon", "radius_m": 13749, "lat": 43.431635019750004, "lng": 112.022833899}, "geometry": {"type": "Polygon", "coordinates": [[[112.002808627, 43.4678359826], [111.899492094, 43.5095372905], [111.870247714, 43.4459428419], [111.985218267, 43.4309746629], [111.992714961, 43.4026641467], [112.004645023, 43.3885094666], [112.02120418, 43.3770786661], [112.076244022, 43.3574881421], [112.116688546, 43.353732749], [112.138868517, 43.3576590022], [112.175420084, 43.3770799664], [112.002808627, 43.4678359826]]]}}, {"type": "Feature", "properties": {"area_id": 3277301, "parent_id": 32773, "name": "赛乌素", "kind": "polygon", "radius_m": 13671, "lat": 43.41501535825, "lng": 112.1554419075}, "geometry": {"type": "Polygon", "coordinates": [[[112.275453607, 43.3387849413], [112.308075188, 43.4024001098], [112.193087343, 43.4173879937], [112.185664883, 43.4456046574], [112.173759975, 43.4597754924], [112.137120209, 43.4791701041], [112.102099947, 43.487509257], [112.061603755, 43.4912457752], [112.039380364, 43.4873029531], [112.002808627, 43.4678359826], [112.175420084, 43.3770799664], [112.275453607, 43.3387849413]]]}}, {"type": "Feature", "properties": {"area_id": 40045074, "parent_id": 40045074, "name": "路環發電廠", "kind": "circle", "radius_m": 160, "lat": 22.137775, "lng": 113.578611}, "geometry": {"type": "Polygon", "coordinates": [[[113.578611, 22.139212297879986], [113.57881353588684, 22.139200001597377], [113.57901260632852, 22.13916332314235], [113.57920480517456, 22.13910289009344], [113.57938684384942, 22.139019736476875], [113.57955560762093, 22.13891528507408], [113.57970820889415, 22.138791323077523], [113.57984203661897, 22.13864997151133], [113.57995480096595, 22.138493648939995], [113.58004457250583, 22.138325030086044], [113.58010981522266, 22.138147000064826], [113.58014941279549, 22.13796260501936], [113.58016268769886, 22.137775], [113.58014941279549, 22.137587394980642], [113.58010981522266, 22.137402999935176], [113.58004457250583, 22.13722496991396], [113.57995480096595, 22.137056351060007], [113.57984203661897, 22.13690002848867], [113.57970820889415, 22.13675867692248], [113.57955560762093, 22.136634714925922], [113.57938684384942, 22.136530263523127], [113.57920480517456, 22.136447109906563], [113.57901260632852, 22.136386676857654], [113.57881353588684, 22.136349998402626], [113.578611, 22.136337702120017], [113.57840846411315, 22.136349998402626], [113.57820939367147, 22.136386676857654], [113.57801719482543, 22.136447109906563], [113.57783515615057, 22.136530263523127], [113.57766639237906, 22.136634714925922], [113.57751379110584, 22.13675867692248], [113.57737996338102, 22.13690002848867], [113.57726719903404, 22.137056351060007], [113.57717742749416, 22.13722496991396], [113.57711218477733, 22.137402999935176], [113.5770725872045, 22.137587394980642], [113.57705931230113, 22.137775], [113.5770725872045, 22.13796260501936], [113.57711218477733, 22.138147000064826], [113.57717742749416, 22.138325030086044], [113.57726719903404, 22.138493648939995], [113.57737996338102, 22.13864997151133], [113.57751379110584, 22.138791323077523], [113.57766639237906, 22.13891528507408], [113.57783515615057, 22.139019736476875], [113.57801719482543, 22.13910289009344], [113.57820939367147, 22.13916332314235], [113.57840846411315, 22.139200001597377], [113.578611, 22.139212297879986]]]}}, {"type": "Feature", "properties": {"area_id": 40045114, "parent_id": 40045114, "name": "國際金融中心直昇機坪", "kind": "circle", "radius_m": 1000, "lat": 22.167244, "lng": 113.529791}, "geometry": {"type": "Polygon", "coordinates": [[[113.529791, 22.17622711174991], [113.53105711438621, 22.176150259983594], [113.53230156520425, 22.17592101963968], [113.53350305955557, 22.175543313084003], [113.53464103953873, 22.175023602980456], [113.53569603400068, 22.174370781713], [113.53664999169371, 22.17359601923452], [113.53748659013718, 22.17271257194582], [113.5381915148998, 22.171735555874957], [113.53875270452339, 22.170681688037774], [113.53916055689795, 22.16956900040516], [113.53940809355626, 22.168416531371005], [113.53949107907745, 22.167244], [113.53940809355626, 22.166071468628996], [113.53916055689795, 22.16491899959484], [113.53875270452339, 22.163806311962226], [113.5381915148998, 22.162752444125044], [113.53748659013718, 22.16177542805418], [113.53664999169371, 22.16089198076548], [113.53569603400068, 22.160117218287], [113.53464103953873, 22.159464397019544], [113.53350305955557, 22.158944686915998], [113.53230156520425, 22.15856698036032], [113.53105711438621, 22.158337740016407], [113.529791, 22.15826088825009], [113.52852488561379, 22.158337740016407], [113.52728043479576, 22.15856698036032], [113.52607894044444, 22.158944686915998], [113.52494096046128, 22.159464397019544], [113.52388596599933, 22.160117218287], [113.5229320083063, 22.16089198076548], [113.52209540986283, 22.16177542805418], [113.52139048510021, 22.162752444125044], [113.52082929547662, 22.163806311962226], [113.52042144310205, 22.16491899959484], [113.52017390644374, 22.166071468628996], [113.52009092092256, 22.167244], [113.52017390644374, 22.168416531371005], [113.52042144310205, 22.16956900040516], [113.52082929547662, 22.170681688037774], [113.52139048510021, 22.171735555874957], [113.52209540986283, 22.17271257194582], [113.5229320083063, 22.17359601923452], [113.52388596599933, 22.174370781713], [113.52494096046128, 22.175023602980456], [113.52607894044444, 22.175543313084003], [113.52728043479576, 22.17592101963968], [113.52852488561379, 22.176150259983594], [113.529791, 22.17622711174991]]]}}, {"type": "Feature", "properties": {"area_id": 40045081, "parent_id": 40045081, "name": "澳門國際機場", "kind": "polygon", "radius_m": 4822, "lat": 22.14923876146628, "lng": 113.59149030799495}, "geometry": {"type": "Polygon", "coordinates": [[[113.56943549545247, 22.187438387481663], [113.5826009526844, 22.191266505206443], [113.61354512053742, 22.11126424090206], [113.5995779628733, 22.107211017726115], [113.56943549545247, 22.187438387481663]]]}}, {"type": "Feature", "properties": {"area_id": 872400, "parent_id": 8724, "name": "Shenzhen Bao'an International Airport", "kind": "polygon", "radius_m": 15146, "lat": 22.680825887250002, "lng": 113.7473554475}, "geometry": {"type": "Polygon", "coordinates": [[[113.812731634, 22.5588673442], [113.792250521, 22.7194688562], [113.765641211, 22.7977783245], [113.75103344777293, 22.790857888716168], [113.747295287, 22.8027844303], [113.681979261, 22.7684955321], [113.733653336, 22.7018711607], [113.71710569, 22.6744530298], [113.714814119, 22.6579900384], [113.717217905, 22.6415407145], [113.74080462, 22.5929145998], [113.761534824, 22.5703988916], [113.777300942, 22.5624278609], [113.812731634, 22.5588673442]]]}}, {"type": "Feature", "properties": {"area_id": 872401, "parent_id": 8724, "name": "Shenzhen Bao'an International Airport", "kind": "polygon", "radius_m": 15027, "lat": 22.5983425397, "lng": 113.856801213}, "geometry": {"type": "Polygon", "coordinates": [[[113.85528162464652, 22.48516293501702], [113.857721003, 22.4788752448], [113.921351905, 22.5115070584], [113.869675309, 22.5797767885], [113.885225768, 22.6053643753], [113.887871122, 22.6217819967], [113.88582305, 22.6382722354], [113.864195541, 22.6837527793], [113.843340508, 22.7073399692], [113.827670454, 22.7154980355], [113.792250521, 22.7194688562], [113.812731634, 22.5588673442], [113.8393715, 22.4772162232], [113.85528162464652, 22.48516293501702]]]}}, {"type": "Feature", "properties": {"area_id": 40002466, "parent_id": 40002466, "name": "(Cap. 448G RFZ) Tai O Barracks", "kind": "polygon", "radius_m": 51, "lat": 22.255912262136043, "lng": 113.85304390556198}, "geometry": {"type": "Polygon", "coordinates": [[[113.85259152760598, 22.25598044359669], [113.85322284546399, 22.255586190533702], [113.85333969033599, 22.255585935514397], [113.853469357626, 22.255768601868382], [113.85349628351798, 22.256104709683402], [113.85337881111603, 22.256238588757693], [113.852637835564, 22.256076142519188], [113.85259152760598, 22.25598044359669]]]}}, {"type": "Feature", "properties": {"area_id": 40045070, "parent_id": 40045070, "name": "中華人民共和國外交部駐澳門特別行政區特派員公署", "kind": "circle", "radius_m": 102, "lat": 22.195889, "lng": 113.553111}, "geometry": {"type": "Polygon", "coordinates": [[[113.553111, 22.196805277398493], [113.55324016999447, 22.196797438518328], [113.55336712985452, 22.19677405600325], [113.55348970726175, 22.19673552993457], [113.55360580488272, 22.19668251950401], [113.55371343625498, 22.196615931734726], [113.55381075977589, 22.19653690596192], [113.553896110213, 22.196446794338474], [113.55396802719672, 22.196347138699245], [113.55402528020747, 22.196239644179855], [113.55406688963039, 22.196126150041326], [113.55409214351673, 22.196008598199843], [113.55410060976546, 22.195889], [113.55409214351673, 22.19576940180016], [113.55406688963039, 22.195651849958676], [113.55402528020747, 22.195538355820148], [113.55396802719672, 22.195430861300757], [113.553896110213, 22.195331205661528], [113.55381075977589, 22.19524109403808], [113.55371343625498, 22.195162068265276], [113.55360580488272, 22.195095480495993], [113.55348970726175, 22.19504247006543], [113.55336712985452, 22.195003943996753], [113.55324016999447, 22.194980561481675], [113.553111, 22.19497272260151], [113.55298183000554, 22.194980561481675], [113.55285487014548, 22.195003943996753], [113.55273229273826, 22.19504247006543], [113.55261619511728, 22.195095480495993], [113.55250856374502, 22.195162068265276], [113.55241124022412, 22.19524109403808], [113.552325889787, 22.195331205661528], [113.55225397280329, 22.195430861300757], [113.55219671979253, 22.195538355820148], [113.55215511036961, 22.195651849958676], [113.55212985648328, 22.19576940180016], [113.55212139023455, 22.195889], [113.55212985648328, 22.196008598199843], [113.55215511036961, 22.196126150041326], [113.55219671979253, 22.196239644179855], [113.55225397280329, 22.196347138699245], [113.552325889787, 22.196446794338474], [113.55241124022412, 22.19653690596192], [113.55250856374502, 22.196615931734726], [113.55261619511728, 22.19668251950401], [113.55273229273826, 22.19673552993457], [113.55285487014548, 22.19677405600325], [113.55298183000554, 22.196797438518328], [113.553111, 22.196805277398493]]]}}, {"type": "Feature", "properties": {"area_id": 884100, "parent_id": 8841, "name": "Zhuhai Airport", "kind": "polygon", "radius_m": 15138, "lat": 21.95845135615, "lng": 113.3427504815}, "geometry": {"type": "Polygon", "coordinates": [[[113.298671363, 21.9668413346], [113.225331428, 21.9152251719], [113.276895014, 21.8670922455], [113.335255173, 21.9337633998], [113.366669371, 21.9283933863], [113.400409348, 21.9385756285], [113.450603861, 21.9862322978], [113.460169535, 22.01792728], [113.458029113, 22.0344064941], [113.45135945, 22.0498104668], [113.298671363, 21.9668413346]]]}}, {"type": "Feature", "properties": {"area_id": 884101, "parent_id": 8841, "name": "Zhuhai Airport", "kind": "polygon", "radius_m": 15148, "lat": 22.056543678, "lng": 113.4090786315}, "geometry": {"type": "Polygon", "coordinates": [[[113.526345678, 22.1014914242], [113.476471617, 22.1462460214], [113.419782988, 22.07957622], [113.390248745, 22.0844942787], [113.372605985, 22.0816257209], [113.356367009, 22.0746219377], [113.312637358, 22.0406265842], [113.295336585, 22.0154065721], [113.291811585, 21.9991332596], [113.292949553, 21.9825685938], [113.298671363, 21.9668413346], [113.45135945, 22.0498104668], [113.526345678, 22.1014914242]]]}}, {"type": "Feature", "properties": {"area_id": 40002459, "parent_id": 40002459, "name": "(Cap. 448G RFZ) Military Transportation Centre, Chek Lap Kok", "kind": "polygon", "radius_m": 29, "lat": 22.299787642859584, "lng": 113.931490781901}, "geometry": {"type": "Polygon", "coordinates": [[[113.93123382931601, 22.29989604540717], [113.931360778869, 22.299554774132968], [113.93174773448598, 22.299678842898093], [113.93162062978898, 22.300020511586204], [113.93123382931601, 22.29989604540717]]]}}, {"type": "Feature", "properties": {"area_id": 4000220000, "parent_id": 40002200, "name": "Hong Kong International Airport NFZ", "kind": "polygon", "radius_m": 4860, "lat": 22.30208361515, "lng": 113.9161691635}, "geometry": {"type": "Polygon", "coordinates": [[[113.870056675, 22.2928166178], [113.958414181, 22.3215329333], [113.962281652, 22.3113514022], [113.873920921, 22.282634297], [113.870056675, 22.2928166178]]]}}, {"type": "Feature", "properties": {"area_id": 4000220001, "parent_id": 40002200, "name": "Hong Kong International Airport NFZ", "kind": "polygon", "radius_m": 4767, "lat": 22.316083499999998, "lng": 113.9138355}, "geometry": {"type": "Polygon", "coordinates": [[[113.868538, 22.307253], [113.955307, 22.33511], [113.959133, 22.324915], [113.872361, 22.297057], [113.868538, 22.307253]]]}}, {"type": "Feature", "properties": {"area_id": 40045092, "parent_id": 40045092, "name": "澳門特區政府總部", "kind": "circle", "radius_m": 98, "lat": 22.19, "lng": 113.537917}, "geometry": {"type": "Polygon", "coordinates": [[[113.537917, 22.19088034495149], [113.5380410993009, 22.190872813478393], [113.53816307522834, 22.19085034792469], [113.53828084074041, 22.190813332682232], [113.53839238083654, 22.190762401092087], [113.53849578703476, 22.190698424607877], [113.53858929002634, 22.190622497884984], [113.53867128994918, 22.190535920050692], [113.53874038376185, 22.190440172475746], [113.53879538925007, 22.190336893427702], [113.5388353652547, 22.190227850039708], [113.53885962777518, 22.19011490807436], [113.5388677616731, 22.19], [113.53885962777518, 22.189885091925643], [113.5388353652547, 22.189772149960294], [113.53879538925007, 22.1896631065723], [113.53874038376185, 22.189559827524256], [113.53867128994918, 22.18946407994931], [113.53858929002634, 22.18937750211502], [113.53849578703476, 22.189301575392125], [113.53839238083654, 22.189237598907916], [113.53828084074041, 22.18918666731777], [113.53816307522834, 22.18914965207531], [113.5380410993009, 22.18912718652161], [113.537917, 22.18911965504851], [113.53779290069909, 22.18912718652161], [113.53767092477165, 22.18914965207531], [113.53755315925957, 22.18918666731777], [113.53744161916345, 22.189237598907916], [113.53733821296522, 22.189301575392125], [113.53724470997365, 22.18937750211502], [113.53716271005081, 22.18946407994931], [113.53709361623814, 22.189559827524256], [113.53703861074992, 22.1896631065723], [113.53699863474529, 22.189772149960294], [113.5369743722248, 22.189885091925643], [113.53696623832688, 22.19], [113.5369743722248, 22.19011490807436], [113.53699863474529, 22.190227850039708], [113.53703861074992, 22.190336893427702], [113.53709361623814, 22.190440172475746], [113.53716271005081, 22.190535920050692], [113.53724470997365, 22.190622497884984], [113.53733821296522, 22.190698424607877], [113.53744161916345, 22.190762401092087], [113.53755315925957, 22.190813332682232], [113.53767092477165, 22.19085034792469], [113.53779290069909, 22.190872813478393], [113.537917, 22.19088034495149]]]}}, {"type": "Feature", "properties": {"area_id": 40045134, "parent_id": 40045134, "name": "小潭山導航台", "kind": "circle", "radius_m": 107, "lat": 22.161556, "lng": 113.548611}, "geometry": {"type": "Polygon", "coordinates": [[[113.548611, 22.162517192957242], [113.5487464687607, 22.162508969818244], [113.54887961961334, 22.162484441101448], [113.54900817430992, 22.16244402649999], [113.54912993324395, 22.16238841751891], [113.5492428130863, 22.162318565643293], [113.54934488243155, 22.162235666058095], [113.54943439484495, 22.162141137198205], [113.54950981874426, 22.16203659647862], [113.54956986360565, 22.161923832620044], [113.5496135020449, 22.161804775043354], [113.54963998739622, 22.1616814608567], [113.5496488664879, 22.161556], [113.54963998739622, 22.161430539143304], [113.5496135020449, 22.161307224956648], [113.54956986360565, 22.161188167379958], [113.54950981874426, 22.16107540352138], [113.54943439484495, 22.160970862801797], [113.54934488243155, 22.160876333941907], [113.5492428130863, 22.16079343435671], [113.54912993324395, 22.160723582481094], [113.54900817430992, 22.16066797350001], [113.54887961961334, 22.160627558898554], [113.5487464687607, 22.160603030181758], [113.548611, 22.16059480704276], [113.54847553123929, 22.160603030181758], [113.54834238038664, 22.160627558898554], [113.54821382569007, 22.16066797350001], [113.54809206675604, 22.160723582481094], [113.5479791869137, 22.16079343435671], [113.54787711756843, 22.160876333941907], [113.54778760515504, 22.160970862801797], [113.54771218125573, 22.16107540352138], [113.54765213639433, 22.161188167379958], [113.54760849795508, 22.161307224956648], [113.54758201260377, 22.161430539143304], [113.54757313351209, 22.161556], [113.54758201260377, 22.1616814608567], [113.54760849795508, 22.161804775043354], [113.54765213639433, 22.161923832620044], [113.54771218125573, 22.16203659647862], [113.54778760515504, 22.162141137198205], [113.54787711756843, 22.162235666058095], [113.5479791869137, 22.162318565643293], [113.54809206675604, 22.16238841751891], [113.54821382569007, 22.16244402649999], [113.54834238038664, 22.162484441101448], [113.54847553123929, 22.162508969818244], [113.548611, 22.162517192957242]]]}}, {"type": "Feature", "properties": {"area_id": 40045077, "parent_id": 40045077, "name": "少年感化院", "kind": "circle", "radius_m": 65, "lat": 22.118694, "lng": 113.554472}, "geometry": {"type": "Polygon", "coordinates": [[[113.554472, 22.119277902263747], [113.55455426906248, 22.119272906898935], [113.55463513047847, 22.11925800627658], [113.55471320068676, 22.11923345535046], [113.55478714388443, 22.11919967419373], [113.55485569488285, 22.119157240811347], [113.55491768075545, 22.119106881250246], [113.55497204090676, 22.11904945717648], [113.55501784521952, 22.118985951131872], [113.55505430996924, 22.118917449722456], [113.55508081123392, 22.118845125026336], [113.55509689556962, 22.118770214539115], [113.55510228776885, 22.118694], [113.55509689556962, 22.118617785460888], [113.55508081123392, 22.118542874973667], [113.55505430996924, 22.118470550277546], [113.55501784521952, 22.11840204886813], [113.55497204090676, 22.118338542823523], [113.55491768075545, 22.118281118749756], [113.55485569488285, 22.118230759188656], [113.55478714388443, 22.118188325806273], [113.55471320068676, 22.118154544649542], [113.55463513047847, 22.11812999372342], [113.55455426906248, 22.118115093101068], [113.554472, 22.118110097736256], [113.55438973093753, 22.118115093101068], [113.55430886952153, 22.11812999372342], [113.55423079931325, 22.118154544649542], [113.55415685611558, 22.118188325806273], [113.55408830511716, 22.118230759188656], [113.55402631924456, 22.118281118749756], [113.55397195909325, 22.118338542823523], [113.55392615478048, 22.11840204886813], [113.55388969003077, 22.118470550277546], [113.55386318876609, 22.118542874973667], [113.55384710443039, 22.118617785460888], [113.55384171223116, 22.118694], [113.55384710443039, 22.118770214539115], [113.55386318876609, 22.118845125026336], [113.55388969003077, 22.118917449722456], [113.55392615478048, 22.118985951131872], [113.55397195909325, 22.11904945717648], [113.55402631924456, 22.119106881250246], [113.55408830511716, 22.119157240811347], [113.55415685611558, 22.11919967419373], [113.55423079931325, 22.11923345535046], [113.55430886952153, 22.11925800627658], [113.55438973093753, 22.119272906898935], [113.554472, 22.119277902263747]]]}}, {"type": "Feature", "properties": {"area_id": 40045121, "parent_id": 40045121, "name": "終審法院", "kind": "circle", "radius_m": 50, "lat": 22.183083, "lng": 113.540472}, "geometry": {"type": "Polygon", "coordinates": [[[113.540472, 22.183532155587496], [113.54053531285264, 22.18352831299918], [113.54059754240483, 22.183516850981984], [113.54065762389166, 22.1834979656542], [113.54071452930224, 22.183471980149022], [113.54076728496922, 22.18343933908565], [113.5408149882285, 22.183400600961726], [113.5408568228641, 22.183356428597293], [113.5408920730738, 22.183307577793748], [113.54092013571675, 22.18325488440189], [113.54094053063334, 22.18319925002026], [113.54095290886087, 22.18314162656855], [113.54095705860448, 22.183083], [113.54095290886087, 22.18302437343145], [113.54094053063334, 22.18296674997974], [113.54092013571675, 22.18291111559811], [113.5408920730738, 22.18285842220625], [113.5408568228641, 22.182809571402707], [113.5408149882285, 22.182765399038274], [113.54076728496922, 22.18272666091435], [113.54071452930224, 22.182694019850977], [113.54065762389166, 22.1826680343458], [113.54059754240483, 22.182649149018015], [113.54053531285264, 22.18263768700082], [113.540472, 22.182633844412504], [113.54040868714735, 22.18263768700082], [113.54034645759516, 22.182649149018015], [113.54028637610833, 22.1826680343458], [113.54022947069775, 22.182694019850977], [113.54017671503077, 22.18272666091435], [113.54012901177148, 22.182765399038274], [113.54008717713589, 22.182809571402707], [113.54005192692618, 22.18285842220625], [113.54002386428324, 22.18291111559811], [113.54000346936665, 22.18296674997974], [113.53999109113911, 22.18302437343145], [113.53998694139551, 22.183083], [113.53999109113911, 22.18314162656855], [113.54000346936665, 22.18319925002026], [113.54002386428324, 22.18325488440189], [113.54005192692618, 22.183307577793748], [113.54008717713589, 22.183356428597293], [113.54012901177148, 22.183400600961726], [113.54017671503077, 22.18343933908565], [113.54022947069775, 22.183471980149022], [113.54028637610833, 22.1834979656542], [113.54034645759516, 22.183516850981984], [113.54040868714735, 22.18352831299918], [113.540472, 22.183532155587496]]]}}, {"type": "Feature", "properties": {"area_id": 40045116, "parent_id": 40045116, "name": "禮賓府", "kind": "circle", "radius_m": 74, "lat": 22.184917, "lng": 113.534111}, "geometry": {"type": "Polygon", "coordinates": [[[113.534111, 22.185581750269492], [113.53420470424497, 22.185576063238784], [113.53429680518433, 22.185559099453336], [113.53438572694546, 22.185531149168217], [113.5344699480524, 22.185492690620553], [113.53454802745864, 22.18544438184676], [113.53461862920389, 22.185387049423355], [113.53468054527272, 22.18532167432399], [113.53473271626403, 22.185249375134745], [113.5347742495177, 22.185171388914792], [113.53480443438822, 22.18508905002998], [113.5348227544041, 22.185003767321454], [113.5348288961048, 22.184917], [113.5348227544041, 22.184830232678543], [113.53480443438822, 22.184744949970018], [113.5347742495177, 22.184662611085205], [113.53473271626403, 22.184584624865252], [113.53468054527272, 22.184512325676007], [113.53461862920389, 22.184446950576643], [113.53454802745864, 22.184389618153237], [113.5344699480524, 22.184341309379445], [113.53438572694546, 22.18430285083178], [113.53429680518433, 22.18427490054666], [113.53420470424497, 22.184257936761213], [113.534111, 22.184252249730505], [113.53401729575502, 22.184257936761213], [113.53392519481567, 22.18427490054666], [113.53383627305453, 22.18430285083178], [113.53375205194759, 22.184341309379445], [113.53367397254135, 22.184389618153237], [113.5336033707961, 22.184446950576643], [113.53354145472727, 22.184512325676007], [113.53348928373596, 22.184584624865252], [113.5334477504823, 22.184662611085205], [113.53341756561177, 22.184744949970018], [113.53339924559589, 22.184830232678543], [113.5333931038952, 22.184917], [113.53339924559589, 22.185003767321454], [113.53341756561177, 22.18508905002998], [113.5334477504823, 22.185171388914792], [113.53348928373596, 22.185249375134745], [113.53354145472727, 22.18532167432399], [113.5336033707961, 22.185387049423355], [113.53367397254135, 22.18544438184676], [113.53375205194759, 22.185492690620553], [113.53383627305453, 22.185531149168217], [113.53392519481567, 22.185559099453336], [113.53401729575502, 22.185576063238784], [113.534111, 22.185581750269492]]]}}, {"type": "Feature", "properties": {"area_id": 40047711, "parent_id": 40047711, "name": "九澳監獄", "kind": "circle", "radius_m": 222, "lat": 22.135294, "lng": 113.577547}, "geometry": {"type": "Polygon", "coordinates": [[[113.577547, 22.137288250808478], [113.57782801359286, 22.137271189716355], [113.57810421896524, 22.137220298360006], [113.57837089016662, 22.13713644750465], [113.57862346437885, 22.13702107186166], [113.57885761998709, 22.136876145540285], [113.57906935052398, 22.136704148270063], [113.57925503322133, 22.13650802297197], [113.5794114909967, 22.136291125404238], [113.5795360468142, 22.136057166744383], [113.57962656948922, 22.135810150089945], [113.57968151015372, 22.135554301964362], [113.5796999287577, 22.135294], [113.57968151015372, 22.135033698035635], [113.57962656948922, 22.13477784991005], [113.5795360468142, 22.134530833255614], [113.5794114909967, 22.13429687459576], [113.57925503322133, 22.134079977028026], [113.57906935052398, 22.133883851729934], [113.57885761998709, 22.133711854459712], [113.57862346437885, 22.133566928138336], [113.57837089016662, 22.133451552495348], [113.57810421896524, 22.13336770163999], [113.57782801359286, 22.13331681028364], [113.577547, 22.13329974919152], [113.57726598640713, 22.13331681028364], [113.57698978103475, 22.13336770163999], [113.57672310983337, 22.133451552495348], [113.57647053562114, 22.133566928138336], [113.5762363800129, 22.133711854459712], [113.57602464947601, 22.133883851729934], [113.57583896677866, 22.134079977028026], [113.57568250900329, 22.13429687459576], [113.5755579531858, 22.134530833255614], [113.57546743051077, 22.13477784991005], [113.57541248984627, 22.135033698035635], [113.57539407124229, 22.135294], [113.57541248984627, 22.135554301964362], [113.57546743051077, 22.135810150089945], [113.5755579531858, 22.136057166744383], [113.57568250900329, 22.136291125404238], [113.57583896677866, 22.13650802297197], [113.57602464947601, 22.136704148270063], [113.5762363800129, 22.136876145540285], [113.57647053562114, 22.13702107186166], [113.57672310983337, 22.13713644750465], [113.57698978103475, 22.137220298360006], [113.57726598640713, 22.137271189716355], [113.577547, 22.137288250808478]]]}}, {"type": "Feature", "properties": {"area_id": 33375, "parent_id": 33375, "name": "中山市南朗镇导航台禁飞区", "kind": "circle", "radius_m": 1000, "lat": 22.53, "lng": 113.563333}, "geometry": {"type": "Polygon", "coordinates": [[[113.563333, 22.53898311174991], [113.56460241429731, 22.538906259983595], [113.56585010856406, 22.53867701963968], [113.56705473440539, 22.538299313084003], [113.56819568033919, 22.537779602980457], [113.5692534244642, 22.537126781713003], [113.57020986848518, 22.53635201923452], [113.57104864737974, 22.53546857194582], [113.57175540940845, 22.534491555874958], [113.57231806167705, 22.533437688037775], [113.57272697704923, 22.532325000405162], [113.5729751588696, 22.531172531371006], [113.57305836067839, 22.53], [113.5729751588696, 22.528827468628997], [113.57272697704923, 22.52767499959484], [113.57231806167705, 22.526562311962227], [113.57175540940845, 22.525508444125045], [113.57104864737974, 22.524531428054182], [113.57020986848518, 22.52364798076548], [113.5692534244642, 22.522873218287], [113.56819568033919, 22.522220397019545], [113.56705473440539, 22.521700686916], [113.56585010856406, 22.52132298036032], [113.56460241429731, 22.521093740016408], [113.563333, 22.52101688825009], [113.56206358570269, 22.521093740016408], [113.56081589143594, 22.52132298036032], [113.55961126559461, 22.521700686916], [113.55847031966081, 22.522220397019545], [113.5574125755358, 22.522873218287], [113.55645613151482, 22.52364798076548], [113.55561735262026, 22.524531428054182], [113.55491059059155, 22.525508444125045], [113.55434793832295, 22.526562311962227], [113.55393902295077, 22.52767499959484], [113.5536908411304, 22.528827468628997], [113.55360763932161, 22.53], [113.5536908411304, 22.531172531371006], [113.55393902295077, 22.532325000405162], [113.55434793832295, 22.533437688037775], [113.55491059059155, 22.534491555874958], [113.55561735262026, 22.53546857194582], [113.55645613151482, 22.53635201923452], [113.5574125755358, 22.537126781713003], [113.55847031966081, 22.537779602980457], [113.55961126559461, 22.538299313084003], [113.56081589143594, 22.53867701963968], [113.56206358570269, 22.538906259983595], [113.563333, 22.53898311174991]]]}}, {"type": "Feature", "properties": {"area_id": 33334, "parent_id": 33334, "name": "Tai Lam Centre for Women", "kind": "circle", "radius_m": 150, "lat": 22.371691, "lng": 114.024817}, "geometry": {"type": "Polygon", "coordinates": [[[114.024817, 22.373038466762484], [114.02500719487466, 22.373026938997537], [114.0251941354623, 22.37299255294595], [114.0253746231576, 22.3729358969626], [114.02554556976608, 22.372857940447066], [114.02570405034386, 22.372760017256947], [114.02584735324432, 22.372643802885175], [114.0259730265151, 22.372511285791873], [114.0260789198517, 22.372364733381243], [114.02616322138977, 22.372206653205666], [114.02622448870662, 22.37203975006077], [114.02626167350147, 22.37186687970565], [114.02627413953216, 22.371691], [114.02626167350147, 22.371515120294347], [114.02622448870662, 22.371342249939225], [114.02616322138977, 22.37117534679433], [114.0260789198517, 22.371017266618754], [114.0259730265151, 22.370870714208124], [114.02584735324432, 22.37073819711482], [114.02570405034386, 22.37062198274305], [114.02554556976608, 22.37052405955293], [114.0253746231576, 22.3704461030374], [114.0251941354623, 22.37038944705405], [114.02500719487466, 22.37035506100246], [114.024817, 22.370343533237513], [114.02462680512534, 22.37035506100246], [114.0244398645377, 22.37038944705405], [114.0242593768424, 22.3704461030374], [114.02408843023392, 22.37052405955293], [114.02392994965614, 22.37062198274305], [114.02378664675568, 22.37073819711482], [114.0236609734849, 22.370870714208124], [114.0235550801483, 22.371017266618754], [114.02347077861023, 22.37117534679433], [114.02340951129338, 22.371342249939225], [114.02337232649853, 22.371515120294347], [114.02335986046783, 22.371691], [114.02337232649853, 22.37186687970565], [114.02340951129338, 22.37203975006077], [114.02347077861023, 22.372206653205666], [114.0235550801483, 22.372364733381243], [114.0236609734849, 22.372511285791873], [114.02378664675568, 22.372643802885175], [114.02392994965614, 22.372760017256947], [114.02408843023392, 22.372857940447066], [114.0242593768424, 22.3729358969626], [114.0244398645377, 22.37299255294595], [114.02462680512534, 22.373026938997537], [114.024817, 22.373038466762484]]]}}, {"type": "Feature", "properties": {"area_id": 33333, "parent_id": 33333, "name": "Siu Lam Psychiatric Centre", "kind": "circle", "radius_m": 150, "lat": 22.365361, "lng": 114.017218}, "geometry": {"type": "Polygon", "coordinates": [[[114.017218, 22.366708466762486], [114.0174081862276, 22.36669693899754], [114.0175951183161, 22.36666255294595], [114.01777559780567, 22.3666058969626], [114.01794653664217, 22.366527940447067], [114.01810501001475, 22.36643001725695], [114.01824830640005, 22.366313802885177], [114.0183739739572, 22.366181285791875], [114.01847986247942, 22.366034733381245], [114.01856416018478, 22.365876653205667], [114.01862542471615, 22.365709750060773], [114.01866260782042, 22.36553687970565], [114.01867507328436, 22.365361], [114.01866260782042, 22.36518512029435], [114.01862542471615, 22.365012249939227], [114.01856416018478, 22.364845346794333], [114.01847986247942, 22.364687266618756], [114.0183739739572, 22.364540714208125], [114.01824830640005, 22.364408197114823], [114.01810501001475, 22.36429198274305], [114.01794653664217, 22.364194059552933], [114.01777559780567, 22.3641161030374], [114.0175951183161, 22.36405944705405], [114.0174081862276, 22.36402506100246], [114.017218, 22.364013533237515], [114.0170278137724, 22.36402506100246], [114.0168408816839, 22.36405944705405], [114.01666040219433, 22.3641161030374], [114.01648946335783, 22.364194059552933], [114.01633098998525, 22.36429198274305], [114.01618769359995, 22.364408197114823], [114.0160620260428, 22.364540714208125], [114.01595613752058, 22.364687266618756], [114.01587183981522, 22.364845346794333], [114.01581057528385, 22.365012249939227], [114.01577339217958, 22.36518512029435], [114.01576092671564, 22.365361], [114.01577339217958, 22.36553687970565], [114.01581057528385, 22.365709750060773], [114.01587183981522, 22.365876653205667], [114.01595613752058, 22.366034733381245], [114.0160620260428, 22.366181285791875], [114.01618769359995, 22.366313802885177], [114.01633098998525, 22.36643001725695], [114.01648946335783, 22.366527940447067], [114.01666040219433, 22.3666058969626], [114.0168408816839, 22.36666255294595], [114.0170278137724, 22.36669693899754], [114.017218, 22.366708466762486]]]}}, {"type": "Feature", "properties": {"area_id": 40042430, "parent_id": 40042430, "name": "香港迪士尼乐园", "kind": "circle", "radius_m": 2500, "lat": 22.315434823, "lng": 114.045560083}, "geometry": {"type": "Polygon", "coordinates": [[[114.045560083, 22.337892602374776], [114.04872871858294, 22.33770047295899], [114.05184313793252, 22.337127372099197], [114.05485005247023, 22.33618310571001], [114.05769801305465, 22.33488383045114], [114.06033829029055, 22.333251777282502], [114.06272570830241, 22.331314871086295], [114.06481941770615, 22.329106252864552], [114.06658359455336, 22.326663712687388], [114.06798805328907, 22.324029043094438], [114.06900876323493, 22.3212473240129], [114.06962825976078, 22.318366151427508], [114.06983594310928, 22.315434823], [114.06962825976078, 22.312503494572493], [114.06900876323493, 22.3096223219871], [114.06798805328907, 22.306840602905563], [114.06658359455336, 22.304205933312613], [114.06481941770615, 22.30176339313545], [114.06272570830241, 22.299554774913705], [114.06033829029055, 22.2976178687175], [114.05769801305465, 22.29598581554886], [114.05485005247023, 22.29468654028999], [114.05184313793252, 22.293742273900804], [114.04872871858294, 22.29316917304101], [114.045560083, 22.292977043625225], [114.04239144741706, 22.29316917304101], [114.03927702806747, 22.293742273900804], [114.03627011352977, 22.29468654028999], [114.03342215294535, 22.29598581554886], [114.03078187570945, 22.2976178687175], [114.02839445769759, 22.299554774913705], [114.02630074829385, 22.30176339313545], [114.02453657144663, 22.304205933312613], [114.02313211271093, 22.306840602905563], [114.02211140276506, 22.3096223219871], [114.02149190623922, 22.312503494572493], [114.02128422289071, 22.315434823], [114.02149190623922, 22.318366151427508], [114.02211140276506, 22.3212473240129], [114.02313211271093, 22.324029043094438], [114.02453657144663, 22.326663712687388], [114.02630074829385, 22.329106252864552], [114.02839445769759, 22.331314871086295], [114.03078187570945, 22.333251777282502], [114.03342215294535, 22.33488383045114], [114.03627011352977, 22.33618310571001], [114.03927702806747, 22.337127372099197], [114.04239144741706, 22.33770047295899], [114.045560083, 22.337892602374776]]]}}, {"type": "Feature", "properties": {"area_id": 40047712, "parent_id": 40047712, "name": "九澳油庫", "kind": "circle", "radius_m": 375, "lat": 22.132097, "lng": 113.589364}, "geometry": {"type": "Polygon", "coordinates": [[[113.589364, 22.135465666906217], [113.58983867434998, 22.13543684749385], [113.59030522689022, 22.135350882364882], [113.59075567477741, 22.135209242406503], [113.59118231072333, 22.135014351117672], [113.59157783486863, 22.134769543142376], [113.59193547968553, 22.134479007212946], [113.59224912577207, 22.134147714479685], [113.59251340655675, 22.13378133345311], [113.59272380012204, 22.133386133014167], [113.59287670657575, 22.13296887515194], [113.59296950964604, 22.13253669926413], [113.59300062144665, 22.132097], [113.59296950964604, 22.131657300735874], [113.59287670657575, 22.131225124848065], [113.59272380012204, 22.130807866985837], [113.59251340655675, 22.130412666546892], [113.59224912577207, 22.13004628552032], [113.59193547968553, 22.129714992787058], [113.59157783486863, 22.129424456857627], [113.59118231072333, 22.12917964888233], [113.59075567477741, 22.1289847575935], [113.59030522689022, 22.12884311763512], [113.58983867434998, 22.128757152506154], [113.589364, 22.128728333093786], [113.58888932565003, 22.128757152506154], [113.58842277310978, 22.12884311763512], [113.5879723252226, 22.1289847575935], [113.58754568927668, 22.12917964888233], [113.58715016513138, 22.129424456857627], [113.58679252031448, 22.129714992787058], [113.58647887422794, 22.13004628552032], [113.58621459344326, 22.130412666546892], [113.58600419987796, 22.130807866985837], [113.58585129342426, 22.131225124848065], [113.58575849035397, 22.131657300735874], [113.58572737855336, 22.132097], [113.58575849035397, 22.13253669926413], [113.58585129342426, 22.13296887515194], [113.58600419987796, 22.133386133014167], [113.58621459344326, 22.13378133345311], [113.58647887422794, 22.134147714479685], [113.58679252031448, 22.134479007212946], [113.58715016513138, 22.134769543142376], [113.58754568927668, 22.135014351117672], [113.5879723252226, 22.135209242406503], [113.58842277310978, 22.135350882364882], [113.58888932565003, 22.13543684749385], [113.589364, 22.135465666906217]]]}}, {"type": "Feature", "properties": {"area_id": 40045139, "parent_id": 40045139, "name": "中央人民政府駐澳軍營", "kind": "circle", "radius_m": 189, "lat": 22.151722, "lng": 113.557194}, "geometry": {"type": "Polygon", "coordinates": [[[113.557194, 22.15341980812073], [113.55743326921827, 22.153405283136898], [113.55766844447388, 22.153361956711898], [113.55789550185298, 22.153290570172874], [113.5581105563409, 22.153192344963305], [113.55830992829571, 22.153068961743756], [113.558490206408, 22.152922531635323], [113.55864830606924, 22.15275556009776], [113.55878152215045, 22.152570904060365], [113.55888757528751, 22.15237172303914], [113.55896465088186, 22.152161425076574], [113.5590114301487, 22.151943608429118], [113.55902711268182, 22.151722], [113.5590114301487, 22.15150039157088], [113.55896465088186, 22.151282574923425], [113.55888757528751, 22.15107227696086], [113.55878152215045, 22.150873095939634], [113.55864830606924, 22.15068843990224], [113.558490206408, 22.150521468364676], [113.55830992829571, 22.150375038256243], [113.5581105563409, 22.150251655036694], [113.55789550185298, 22.150153429827125], [113.55766844447388, 22.1500820432881], [113.55743326921827, 22.1500387168631], [113.557194, 22.150024191879268], [113.55695473078173, 22.1500387168631], [113.55671955552612, 22.1500820432881], [113.55649249814701, 22.150153429827125], [113.55627744365908, 22.150251655036694], [113.55607807170428, 22.150375038256243], [113.555897793592, 22.150521468364676], [113.55573969393075, 22.15068843990224], [113.55560647784954, 22.150873095939634], [113.55550042471248, 22.15107227696086], [113.55542334911813, 22.151282574923425], [113.55537656985129, 22.15150039157088], [113.55536088731817, 22.151722], [113.55537656985129, 22.151943608429118], [113.55542334911813, 22.152161425076574], [113.55550042471248, 22.15237172303914], [113.55560647784954, 22.152570904060365], [113.55573969393075, 22.15275556009776], [113.555897793592, 22.152922531635323], [113.55607807170428, 22.153068961743756], [113.55627744365908, 22.153192344963305], [113.55649249814701, 22.153290570172874], [113.55671955552612, 22.153361956711898], [113.55695473078173, 22.153405283136898], [113.557194, 22.15341980812073]]]}}, {"type": "Feature", "properties": {"area_id": 40045125, "parent_id": 40045125, "name": "中央人民政府駐澳門特別行政區聯絡辦公室", "kind": "circle", "radius_m": 82, "lat": 22.194472, "lng": 113.549528}, "geometry": {"type": "Polygon", "coordinates": [[[113.549528, 22.195208615163494], [113.54963184149678, 22.195202313318656], [113.54973390623675, 22.195183515610456], [113.54983244786393, 22.19515254367289], [113.54992578030377, 22.1951099274444], [113.5500123066123, 22.195056396100465], [113.55009054630042, 22.19499286557723], [113.55015916066539, 22.194920422899557], [113.55021697569637, 22.194840307581746], [113.55026300216217, 22.194753890419097], [113.5502964525372, 22.194662650033223], [113.55031675447624, 22.194568147572422], [113.55032356060752, 22.194472], [113.55031675447624, 22.19437585242758], [113.5502964525372, 22.19428134996678], [113.55026300216217, 22.194190109580905], [113.55021697569637, 22.194103692418256], [113.55015916066539, 22.194023577100445], [113.55009054630042, 22.193951134422772], [113.5500123066123, 22.193887603899537], [113.54992578030377, 22.193834072555603], [113.54983244786393, 22.193791456327112], [113.54973390623675, 22.193760484389546], [113.54963184149678, 22.193741686681346], [113.549528, 22.193735384836508], [113.54942415850321, 22.193741686681346], [113.54932209376324, 22.193760484389546], [113.54922355213606, 22.193791456327112], [113.54913021969622, 22.193834072555603], [113.54904369338769, 22.193887603899537], [113.54896545369957, 22.193951134422772], [113.5488968393346, 22.194023577100445], [113.54883902430362, 22.194103692418256], [113.54879299783782, 22.194190109580905], [113.5487595474628, 22.19428134996678], [113.54873924552375, 22.19437585242758], [113.54873243939247, 22.194472], [113.54873924552375, 22.194568147572422], [113.5487595474628, 22.194662650033223], [113.54879299783782, 22.194753890419097], [113.54883902430362, 22.194840307581746], [113.5488968393346, 22.194920422899557], [113.54896545369957, 22.19499286557723], [113.54904369338769, 22.195056396100465], [113.54913021969622, 22.1951099274444], [113.54922355213606, 22.19515254367289], [113.54932209376324, 22.195183515610456], [113.54942415850321, 22.195202313318656], [113.549528, 22.195208615163494]]]}}, {"type": "Feature", "properties": {"area_id": 40045086, "parent_id": 40045086, "name": "澳門自來水廠", "kind": "circle", "radius_m": 109, "lat": 22.211361, "lng": 113.540472}, "geometry": {"type": "Polygon", "coordinates": [[[113.540472, 22.21234015918074], [113.54061004981696, 22.21233178233821], [113.54074573756327, 22.212306795140726], [113.54087674158399, 22.212265625126157], [113.54100082036399, 22.21220897672487], [113.54111585088094, 22.212137819206717], [113.54121986493081, 22.212053370096562], [113.54131108280437, 22.211957074342095], [113.54138794373851, 22.21185057959037], [113.54144913262134, 22.211735707996116], [113.5414936024941, 22.211614425044164], [113.54152059246495, 22.21148880591944], [113.54152964072799, 22.211361], [113.54152059246495, 22.21123319408056], [113.5414936024941, 22.211107574955836], [113.54144913262134, 22.210986292003884], [113.54138794373851, 22.21087142040963], [113.54131108280437, 22.210764925657905], [113.54121986493081, 22.210668629903438], [113.54111585088094, 22.210584180793283], [113.54100082036399, 22.21051302327513], [113.54087674158399, 22.210456374873843], [113.54074573756327, 22.210415204859274], [113.54061004981696, 22.21039021766179], [113.540472, 22.21038184081926], [113.54033395018303, 22.21039021766179], [113.54019826243672, 22.210415204859274], [113.540067258416, 22.210456374873843], [113.539943179636, 22.21051302327513], [113.53982814911905, 22.210584180793283], [113.53972413506918, 22.210668629903438], [113.53963291719562, 22.210764925657905], [113.53955605626147, 22.21087142040963], [113.53949486737865, 22.210986292003884], [113.53945039750589, 22.211107574955836], [113.53942340753504, 22.21123319408056], [113.539414359272, 22.211361], [113.53942340753504, 22.21148880591944], [113.53945039750589, 22.211614425044164], [113.53949486737865, 22.211735707996116], [113.53955605626147, 22.21185057959037], [113.53963291719562, 22.211957074342095], [113.53972413506918, 22.212053370096562], [113.53982814911905, 22.212137819206717], [113.539943179636, 22.21220897672487], [113.540067258416, 22.212265625126157], [113.54019826243672, 22.212306795140726], [113.54033395018303, 22.21233178233821], [113.540472, 22.21234015918074]]]}}, {"type": "Feature", "properties": {"area_id": 33376, "parent_id": 33376, "name": "招商街道桃花园导航台禁飞区", "kind": "circle", "radius_m": 1000, "lat": 22.498333, "lng": 113.901667}, "geometry": {"type": "Polygon", "coordinates": [[[113.901667, 22.50731611174991], [113.90293612351641, 22.507239259983592], [113.90418353197758, 22.50701001963968], [113.9053878818789, 22.506632313084], [113.90652856645964, 22.506112602980455], [113.90758606829039, 22.505459781713], [113.9085422932216, 22.50468501923452], [113.9093808799796, 22.503801571945818], [113.91008748011247, 22.502824555874955], [113.910650003496, 22.501770688037773], [113.91105882519916, 22.50065800040516], [113.91130695016926, 22.499505531371003], [113.91139013291927, 22.498333], [113.91130695016926, 22.497160468628994], [113.91105882519916, 22.496007999594838], [113.910650003496, 22.494895311962225], [113.91008748011247, 22.493841444125042], [113.9093808799796, 22.49286442805418], [113.9085422932216, 22.49198098076548], [113.90758606829039, 22.491206218286997], [113.90652856645964, 22.490553397019543], [113.9053878818789, 22.490033686915996], [113.90418353197758, 22.489655980360318], [113.90293612351641, 22.489426740016405], [113.901667, 22.48934988825009], [113.9003978764836, 22.489426740016405], [113.89915046802243, 22.489655980360318], [113.89794611812111, 22.490033686915996], [113.89680543354037, 22.490553397019543], [113.89574793170962, 22.491206218286997], [113.8947917067784, 22.49198098076548], [113.89395312002041, 22.49286442805418], [113.89324651988754, 22.493841444125042], [113.892683996504, 22.494895311962225], [113.89227517480084, 22.496007999594838], [113.89202704983074, 22.497160468628994], [113.89194386708074, 22.498333], [113.89202704983074, 22.499505531371003], [113.89227517480084, 22.50065800040516], [113.892683996504, 22.501770688037773], [113.89324651988754, 22.502824555874955], [113.89395312002041, 22.503801571945818], [113.8947917067784, 22.50468501923452], [113.89574793170962, 22.505459781713], [113.89680543354037, 22.506112602980455], [113.89794611812111, 22.506632313084], [113.89915046802243, 22.50701001963968], [113.9003978764836, 22.507239259983592], [113.901667, 22.50731611174991]]]}}, {"type": "Feature", "properties": {"area_id": 40045106, "parent_id": 40045106, "name": "橫琴梧桐樹直昇機坪", "kind": "circle", "radius_m": 1000, "lat": 22.147611, "lng": 113.5445}, "geometry": {"type": "Polygon", "coordinates": [[[113.5445, 22.15659411174991], [113.54576593772464, 22.156517259983595], [113.54701021490382, 22.156288019639682], [113.54821154161003, 22.155910313084004], [113.54934936281026, 22.155390602980457], [113.55040421006831, 22.154737781713003], [113.55135803465514, 22.15396301923452], [113.5521945163676, 22.15307957194582], [113.55289934277171, 22.152102555874958], [113.55346045409225, 22.151048688037775], [113.55386824955896, 22.149936000405162], [113.55411575167834, 22.148783531371006], [113.55419872562052, 22.147611], [113.55411575167834, 22.146438468628997], [113.55386824955896, 22.14528599959484], [113.55346045409225, 22.144173311962227], [113.55289934277171, 22.143119444125045], [113.5521945163676, 22.142142428054182], [113.55135803465514, 22.141258980765482], [113.55040421006831, 22.140484218287], [113.54934936281026, 22.139831397019545], [113.54821154161003, 22.139311686916], [113.54701021490382, 22.13893398036032], [113.54576593772464, 22.138704740016408], [113.5445, 22.13862788825009], [113.54323406227536, 22.138704740016408], [113.54198978509618, 22.13893398036032], [113.54078845838997, 22.139311686916], [113.53965063718974, 22.139831397019545], [113.53859578993169, 22.140484218287], [113.53764196534486, 22.141258980765482], [113.53680548363239, 22.142142428054182], [113.53610065722829, 22.143119444125045], [113.53553954590775, 22.144173311962227], [113.53513175044104, 22.14528599959484], [113.53488424832166, 22.146438468628997], [113.53480127437948, 22.147611], [113.53488424832166, 22.148783531371006], [113.53513175044104, 22.149936000405162], [113.53553954590775, 22.151048688037775], [113.53610065722829, 22.152102555874958], [113.53680548363239, 22.15307957194582], [113.53764196534486, 22.15396301923452], [113.53859578993169, 22.154737781713003], [113.53965063718974, 22.155390602980457], [113.54078845838997, 22.155910313084004], [113.54198978509618, 22.156288019639682], [113.54323406227536, 22.156517259983595], [113.5445, 22.15659411174991]]]}}, {"type": "Feature", "properties": {"area_id": 10690, "parent_id": 10690, "name": "Shek Pik prison", "kind": "circle", "radius_m": 161, "lat": 22.224292, "lng": 113.894824}, "geometry": {"type": "Polygon", "coordinates": [[[113.894824, 22.225738280991735], [113.89502792724313, 22.225725907857356], [113.89522836523462, 22.225689000161985], [113.8954218844248, 22.225628189406525], [113.89560517364673, 22.22554451607985], [113.89577509677098, 22.225439411855792], [113.89592874636577, 22.225314675096755], [113.89606349344395, 22.225172440083277], [113.89617703244566, 22.225015140495866], [113.8962674206871, 22.22484546777408], [113.89633311160037, 22.22466632506523], [113.89637298119577, 22.22448077755073], [113.89638634729344, 22.224292], [113.89637298119577, 22.224103222449266], [113.89633311160037, 22.223917674934768], [113.8962674206871, 22.223738532225916], [113.89617703244566, 22.22356885950413], [113.89606349344395, 22.22341155991672], [113.89592874636577, 22.223269324903242], [113.89577509677098, 22.223144588144205], [113.89560517364673, 22.223039483920147], [113.8954218844248, 22.222955810593472], [113.89522836523462, 22.22289499983801], [113.89502792724313, 22.22285809214264], [113.894824, 22.222845719008262], [113.89462007275687, 22.22285809214264], [113.89441963476538, 22.22289499983801], [113.8942261155752, 22.222955810593472], [113.89404282635327, 22.223039483920147], [113.89387290322902, 22.223144588144205], [113.89371925363423, 22.223269324903242], [113.89358450655605, 22.22341155991672], [113.89347096755434, 22.22356885950413], [113.8933805793129, 22.223738532225916], [113.89331488839963, 22.223917674934768], [113.89327501880423, 22.224103222449266], [113.89326165270656, 22.224292], [113.89327501880423, 22.22448077755073], [113.89331488839963, 22.22466632506523], [113.8933805793129, 22.22484546777408], [113.89347096755434, 22.225015140495866], [113.89358450655605, 22.225172440083277], [113.89371925363423, 22.225314675096755], [113.89387290322902, 22.225439411855792], [113.89404282635327, 22.22554451607985], [113.8942261155752, 22.225628189406525], [113.89441963476538, 22.225689000161985], [113.89462007275687, 22.225725907857356], [113.894824, 22.225738280991735]]]}}, {"type": "Feature", "properties": {"area_id": 40045144, "parent_id": 40045144, "name": "中國人民解放軍駐澳門部隊總部大樓", "kind": "circle", "radius_m": 107, "lat": 22.193611, "lng": 113.550722}, "geometry": {"type": "Polygon", "coordinates": [[[113.550722, 22.194572192957242], [113.55085749965899, 22.194563969818244], [113.55099068088124, 22.194539441101448], [113.55111926489914, 22.19449902649999], [113.55124105160446, 22.194443417518908], [113.55135395719292, 22.194373565643293], [113.5514560498186, 22.194290666058095], [113.55154558264836, 22.194196137198205], [113.55162102375067, 22.19409159647862], [113.55168108230735, 22.193978832620044], [113.55172473069985, 22.193859775043354], [113.55175122209207, 22.193736460856698], [113.55176010320892, 22.193611], [113.55175122209207, 22.193485539143303], [113.55172473069985, 22.193362224956648], [113.55168108230735, 22.193243167379958], [113.55162102375067, 22.19313040352138], [113.55154558264836, 22.193025862801797], [113.5514560498186, 22.192931333941907], [113.55135395719292, 22.19284843435671], [113.55124105160446, 22.192778582481093], [113.55111926489914, 22.19272297350001], [113.55099068088124, 22.192682558898554], [113.55085749965899, 22.192658030181757], [113.550722, 22.19264980704276], [113.550586500341, 22.192658030181757], [113.55045331911874, 22.192682558898554], [113.55032473510084, 22.19272297350001], [113.55020294839552, 22.192778582481093], [113.55009004280707, 22.19284843435671], [113.54998795018139, 22.192931333941907], [113.54989841735163, 22.193025862801797], [113.54982297624932, 22.19313040352138], [113.54976291769263, 22.193243167379958], [113.54971926930014, 22.193362224956648], [113.54969277790792, 22.193485539143303], [113.54968389679107, 22.193611], [113.54969277790792, 22.193736460856698], [113.54971926930014, 22.193859775043354], [113.54976291769263, 22.193978832620044], [113.54982297624932, 22.19409159647862], [113.54989841735163, 22.194196137198205], [113.54998795018139, 22.194290666058095], [113.55009004280707, 22.194373565643293], [113.55020294839552, 22.194443417518908], [113.55032473510084, 22.19449902649999], [113.55045331911874, 22.194539441101448], [113.550586500341, 22.194563969818244], [113.550722, 22.194572192957242]]]}}, {"type": "Feature", "properties": {"area_id": 40045098, "parent_id": 40045098, "name": "澳門中聯辦接待處", "kind": "circle", "radius_m": 70, "lat": 22.186778, "lng": 113.536056}, "geometry": {"type": "Polygon", "coordinates": [[[113.536056, 22.187406817822495], [113.53614464032475, 22.18740143819885], [113.53623176398897, 22.18738539137478], [113.53631588028259, 22.18735895191588], [113.53639554995253, 22.187322572208632], [113.53646940982864, 22.18727687471991], [113.53653619614798, 22.187222641346416], [113.53659476617807, 22.187160800036207], [113.53664411776948, 22.187092408911248], [113.53668340650282, 22.187018638162645], [113.53671196013693, 22.186940750028363], [113.53672929011123, 22.18686007719597], [113.53673509990506, 22.186778], [113.53672929011123, 22.18669592280403], [113.53671196013693, 22.186615249971638], [113.53668340650282, 22.186537361837356], [113.53664411776948, 22.186463591088753], [113.53659476617807, 22.186395199963794], [113.53653619614798, 22.186333358653584], [113.53646940982864, 22.18627912528009], [113.53639554995253, 22.186233427791368], [113.53631588028259, 22.18619704808412], [113.53623176398897, 22.186170608625222], [113.53614464032475, 22.18615456180115], [113.536056, 22.186149182177505], [113.53596735967525, 22.18615456180115], [113.53588023601104, 22.186170608625222], [113.53579611971742, 22.18619704808412], [113.53571645004747, 22.186233427791368], [113.53564259017136, 22.18627912528009], [113.53557580385203, 22.186333358653584], [113.53551723382193, 22.186395199963794], [113.53546788223052, 22.186463591088753], [113.53542859349719, 22.186537361837356], [113.53540003986308, 22.186615249971638], [113.53538270988878, 22.18669592280403], [113.53537690009495, 22.186778], [113.53538270988878, 22.18686007719597], [113.53540003986308, 22.186940750028363], [113.53542859349719, 22.187018638162645], [113.53546788223052, 22.187092408911248], [113.53551723382193, 22.187160800036207], [113.53557580385203, 22.187222641346416], [113.53564259017136, 22.18727687471991], [113.53571645004747, 22.187322572208632], [113.53579611971742, 22.18735895191588], [113.53588023601104, 22.18738539137478], [113.53596735967525, 22.18740143819885], [113.536056, 22.187406817822495]]]}}, {"type": "Feature", "properties": {"area_id": 40045085, "parent_id": 40045085, "name": "路環監獄", "kind": "circle", "radius_m": 102, "lat": 22.119444, "lng": 113.554972}, "geometry": {"type": "Polygon", "coordinates": [[[113.554972, 22.120360277398493], [113.55510109983105, 22.120352438518328], [113.55522799072818, 22.12032905600325], [113.555350501553, 22.12029052993457], [113.55546653611128, 22.12023751950401], [113.5555741090196, 22.120170931734727], [113.55567137967566, 22.12009190596192], [113.55575668375155, 22.120001794338474], [113.55582856167091, 22.119902138699246], [113.5558857835826, 22.119794644179855], [113.55592737040384, 22.119681150041327], [113.55595261057258, 22.119563598199843], [113.55596107222256, 22.119444], [113.55595261057258, 22.11932440180016], [113.55592737040384, 22.119206849958676], [113.5558857835826, 22.119093355820148], [113.55582856167091, 22.118985861300757], [113.55575668375155, 22.11888620566153], [113.55567137967566, 22.118796094038082], [113.5555741090196, 22.118717068265276], [113.55546653611128, 22.118650480495994], [113.555350501553, 22.11859747006543], [113.55522799072818, 22.118558943996753], [113.55510109983105, 22.118535561481675], [113.554972, 22.11852772260151], [113.55484290016896, 22.118535561481675], [113.55471600927183, 22.118558943996753], [113.55459349844702, 22.11859747006543], [113.55447746388873, 22.118650480495994], [113.55436989098041, 22.118717068265276], [113.55427262032435, 22.118796094038082], [113.55418731624846, 22.11888620566153], [113.5541154383291, 22.118985861300757], [113.55405821641742, 22.119093355820148], [113.55401662959618, 22.119206849958676], [113.55399138942744, 22.11932440180016], [113.55398292777745, 22.119444], [113.55399138942744, 22.119563598199843], [113.55401662959618, 22.119681150041327], [113.55405821641742, 22.119794644179855], [113.5541154383291, 22.119902138699246], [113.55418731624846, 22.120001794338474], [113.55427262032435, 22.12009190596192], [113.55436989098041, 22.120170931734727], [113.55447746388873, 22.12023751950401], [113.55459349844702, 22.12029052993457], [113.55471600927183, 22.12032905600325], [113.55484290016896, 22.120352438518328], [113.554972, 22.120360277398493]]]}}, {"type": "Feature", "properties": {"area_id": 40045108, "parent_id": 40045108, "name": "立法會大樓", "kind": "circle", "radius_m": 50, "lat": 22.183472, "lng": 113.54}, "geometry": {"type": "Polygon", "coordinates": [[[113.54, 22.183921155587495], [113.54006331302793, 22.183917312999178], [113.54012554275239, 22.183905850981983], [113.54018562440554, 22.1838869656542], [113.54024252997365, 22.18386098014902], [113.54029528578668, 22.183828339085647], [113.54034298917803, 22.183789600961724], [113.54038482392944, 22.18374542859729], [113.54042007423674, 22.183696577793746], [113.54044813695737, 22.18364388440189], [113.54046853193041, 22.183588250020257], [113.54048091019222, 22.183530626568547], [113.54048505994731, 22.183472], [113.54048091019222, 22.18341337343145], [113.54046853193041, 22.18335574997974], [113.54044813695737, 22.183300115598108], [113.54042007423674, 22.18324742220625], [113.54038482392944, 22.183198571402706], [113.54034298917803, 22.183154399038273], [113.54029528578668, 22.18311566091435], [113.54024252997365, 22.183083019850976], [113.54018562440554, 22.183057034345797], [113.54012554275239, 22.183038149018014], [113.54006331302793, 22.18302668700082], [113.54, 22.183022844412502], [113.53993668697208, 22.18302668700082], [113.53987445724762, 22.183038149018014], [113.53981437559447, 22.183057034345797], [113.53975747002636, 22.183083019850976], [113.53970471421333, 22.18311566091435], [113.53965701082198, 22.183154399038273], [113.53961517607057, 22.183198571402706], [113.53957992576328, 22.18324742220625], [113.53955186304265, 22.183300115598108], [113.5395314680696, 22.18335574997974], [113.5395190898078, 22.18341337343145], [113.5395149400527, 22.183472], [113.5395190898078, 22.183530626568547], [113.5395314680696, 22.183588250020257], [113.53955186304265, 22.18364388440189], [113.53957992576328, 22.183696577793746], [113.53961517607057, 22.18374542859729], [113.53965701082198, 22.183789600961724], [113.53970471421333, 22.183828339085647], [113.53975747002636, 22.18386098014902], [113.53981437559447, 22.1838869656542], [113.53987445724762, 22.183905850981983], [113.53993668697208, 22.183917312999178], [113.54, 22.183921155587495]]]}}, {"type": "Feature", "properties": {"area_id": 40045113, "parent_id": 40045113, "name": "澳門外港直昇機場", "kind": "circle", "radius_m": 1000, "lat": 22.196972, "lng": 113.559167}, "geometry": {"type": "Polygon", "coordinates": [[[113.559167, 22.20595511174991], [113.56043338226154, 22.205878259983592], [113.56167809637148, 22.20564901963968], [113.56287984492629, 22.205271313084], [113.56401806567501, 22.204751602980455], [113.56507328334507, 22.204098781713], [113.56602744286957, 22.20332401923452], [113.56686421831448, 22.202440571945818], [113.56756929221997, 22.201463555874955], [113.56813060057603, 22.200409688037773], [113.56853853924103, 22.19929700040516], [113.56878612827136, 22.198144531371003], [113.56886913135003, 22.196972], [113.56878612827136, 22.195799468628994], [113.56853853924103, 22.194646999594838], [113.56813060057603, 22.193534311962225], [113.56756929221997, 22.192480444125042], [113.56686421831448, 22.19150342805418], [113.56602744286957, 22.19061998076548], [113.56507328334507, 22.189845218286997], [113.56401806567501, 22.189192397019543], [113.56287984492629, 22.188672686915996], [113.56167809637148, 22.188294980360318], [113.56043338226154, 22.188065740016405], [113.559167, 22.18798888825009], [113.55790061773847, 22.188065740016405], [113.55665590362852, 22.188294980360318], [113.55545415507372, 22.188672686915996], [113.55431593432499, 22.189192397019543], [113.55326071665493, 22.189845218286997], [113.55230655713044, 22.19061998076548], [113.55146978168553, 22.19150342805418], [113.55076470778003, 22.192480444125042], [113.55020339942398, 22.193534311962225], [113.54979546075897, 22.194646999594838], [113.54954787172865, 22.195799468628994], [113.54946486864998, 22.196972], [113.54954787172865, 22.198144531371003], [113.54979546075897, 22.19929700040516], [113.55020339942398, 22.200409688037773], [113.55076470778003, 22.201463555874955], [113.55146978168553, 22.202440571945818], [113.55230655713044, 22.20332401923452], [113.55326071665493, 22.204098781713], [113.55431593432499, 22.204751602980455], [113.55545415507372, 22.205271313084], [113.55665590362852, 22.20564901963968], [113.55790061773847, 22.205878259983592], [113.559167, 22.20595511174991]]]}}, {"type": "Feature", "properties": {"area_id": 40045115, "parent_id": 40045115, "name": "氹仔碼頭直昇機場", "kind": "circle", "radius_m": 1000, "lat": 22.166063, "lng": 113.577222}, "geometry": {"type": "Polygon", "coordinates": [[[113.577222, 22.17504611174991], [113.57848810375376, 22.174969259983595], [113.57973254412124, 22.17474001963968], [113.58093402838277, 22.174362313084004], [113.58207199880948, 22.173842602980457], [113.5831269844119, 22.173189781713003], [113.58408093409386, 22.17241501923452], [113.58491752551183, 22.17153157194582], [113.58562244435468, 22.170554555874958], [113.58618362926558, 22.169500688037775], [113.58659147821511, 22.168388000405162], [113.58683901279467, 22.167235531371006], [113.58692199761897, 22.166063], [113.58683901279467, 22.164890468628997], [113.58659147821511, 22.16373799959484], [113.58618362926558, 22.162625311962227], [113.58562244435468, 22.161571444125045], [113.58491752551183, 22.160594428054182], [113.58408093409386, 22.15971098076548], [113.5831269844119, 22.158936218287], [113.58207199880948, 22.158283397019545], [113.58093402838277, 22.157763686916], [113.57973254412124, 22.15738598036032], [113.57848810375376, 22.157156740016408], [113.577222, 22.15707988825009], [113.57595589624626, 22.157156740016408], [113.57471145587877, 22.15738598036032], [113.57350997161724, 22.157763686916], [113.57237200119053, 22.158283397019545], [113.57131701558811, 22.158936218287], [113.57036306590615, 22.15971098076548], [113.56952647448819, 22.160594428054182], [113.56882155564533, 22.161571444125045], [113.56826037073444, 22.162625311962227], [113.5678525217849, 22.16373799959484], [113.56760498720534, 22.164890468628997], [113.56752200238104, 22.166063], [113.56760498720534, 22.167235531371006], [113.5678525217849, 22.168388000405162], [113.56826037073444, 22.169500688037775], [113.56882155564533, 22.170554555874958], [113.56952647448819, 22.17153157194582], [113.57036306590615, 22.17241501923452], [113.57131701558811, 22.173189781713003], [113.57237200119053, 22.173842602980457], [113.57350997161724, 22.174362313084004], [113.57471145587877, 22.17474001963968], [113.57595589624626, 22.174969259983595], [113.577222, 22.17504611174991]]]}}, {"type": "Feature", "properties": {"area_id": 960003605, "parent_id": 960003605, "name": "禁飞区-2", "kind": "polygon", "radius_m": 132, "lat": 22.580349777267926, "lng": 113.93841780067469}, "geometry": {"type": "Polygon", "coordinates": [[[113.9374898198902, 22.579531413500952], [113.93749075264171, 22.581163154533996], [113.93934578145917, 22.5811681410349], [113.93928226583657, 22.58110908042817], [113.93754864355547, 22.581111388013568], [113.93755329056148, 22.57959043154056], [113.9374898198902, 22.579531413500952]]]}}, {"type": "Feature", "properties": {"area_id": 960003606, "parent_id": 960003606, "name": "禁飞区-1", "kind": "polygon", "radius_m": 132, "lat": 22.580349777267926, "lng": 113.93841780067469}, "geometry": {"type": "Polygon", "coordinates": [[[113.93934578145917, 22.5811681410349], [113.93934484817603, 22.579536399654494], [113.9374898198902, 22.579531413500952], [113.93755329056148, 22.57959043154056], [113.93928139905765, 22.579593584686876], [113.93928226583657, 22.58110908042817], [113.93934578145917, 22.5811681410349]]]}}, {"type": "Feature", "properties": {"area_id": 960003791, "parent_id": 960003791, "name": "nfz-cn-01", "kind": "polygon", "radius_m": 12, "lat": 22.58650338996454, "lng": 113.93960407120649}, "geometry": {"type": "Polygon", "coordinates": [[[113.93953014074513, 22.58658314888867], [113.93953009168864, 22.586428511463097], [113.9396780016662, 22.58642363104041], [113.93967805072434, 22.586578268464734], [113.93953014074513, 22.58658314888867]]]}}, {"type": "Feature", "properties": {"area_id": 4000174600, "parent_id": 40001746, "name": "Shaoguan Danxia Airport", "kind": "polygon", "radius_m": 14373, "lat": 25.01689867215, "lng": 113.3703771635}, "geometry": {"type": "Polygon", "coordinates": [[[113.397673571, 25.0499928576], [113.360205133, 25.1294878899], [113.298045767, 25.0949311831], [113.359390089, 25.028698843], [113.347613154, 25.0140366154], [113.341245294, 24.9984739125], [113.339539726, 24.9819478193], [113.350247566, 24.950499445], [113.374304558, 24.9195782762], [113.406452059, 24.9043094544], [113.44270856, 24.9056561781], [113.397673571, 25.0499928576]]]}}, {"type": "Feature", "properties": {"area_id": 4000174601, "parent_id": 40001746, "name": "Shaoguan Danxia Airport", "kind": "polygon", "radius_m": 14372, "lat": 24.93874198825, "lng": 113.4699119365}, "geometry": {"type": "Polygon", "coordinates": [[[113.480105157, 24.8261376528], [113.542150302, 24.8606889174], [113.480975053, 24.9269558101], [113.492719657, 24.9415460168], [113.499120093, 24.9570967382], [113.500864144, 24.973619501], [113.490225934, 25.0050878461], [113.466149649, 25.036068774], [113.433972736, 25.0513463237], [113.397673571, 25.0499928576], [113.44270856, 24.9056561781], [113.480105157, 24.8261376528]]]}}, {"type": "Feature", "properties": {"area_id": 164800, "parent_id": 1648, "name": "Guangzhou Baiyun International Airport", "kind": "polygon", "radius_m": 14568, "lat": 23.3397824755, "lng": 113.297089293}, "geometry": {"type": "Polygon", "coordinates": [[[113.356271254, 23.4588317718], [113.243753686, 23.3211643438], [113.207050157, 23.2428916416], [113.23310456854948, 23.236833961948566], [113.232065964, 23.234521503], [113.305919349, 23.2207331792], [113.312536472, 23.3040268307], [113.344697756, 23.3143888966], [113.358323893, 23.325294223], [113.36841431, 23.3390658038], [113.38595174, 23.3864529257], [113.387128429, 23.4192510522], [113.380772635, 23.4347910283], [113.356271254, 23.4588317718]]]}}, {"type": "Feature", "properties": {"area_id": 164801, "parent_id": 1648, "name": "Guangzhou Baiyun International Airport", "kind": "polygon", "radius_m": 14454, "lat": 23.4393763667, "lng": 113.3023031505}, "geometry": {"type": "Polygon", "coordinates": [[[113.38540523038542, 23.536555850170934], [113.387924157, 23.5421728271], [113.317446248, 23.5559612313], [113.31716306370092, 23.553070853379502], [113.292397665, 23.5575883896], [113.287485048, 23.4743231787], [113.253262354, 23.4647699497], [113.239278532, 23.454236886], [113.222379651, 23.4252050802], [113.21498073, 23.3620327329], [113.220532778, 23.3462365215], [113.243753686, 23.3211643438], [113.356271254, 23.4588317718], [113.389625571, 23.5354261362], [113.38540523038542, 23.536555850170934]]]}}, {"type": "Feature", "properties": {"area_id": 865200, "parent_id": 8652, "name": "Foshan Shadi Airport", "kind": "polygon", "radius_m": 13827, "lat": 23.0354548385, "lng": 113.0711445815}, "geometry": {"type": "Polygon", "coordinates": [[[113.029077843, 23.0129744018], [112.995017712, 22.9331402055], [113.072184225, 22.9175274746], [113.077610801, 23.0031638998], [113.110955121, 23.013678895], [113.124527778, 23.024608368], [113.134566604, 23.03839783], [113.147271451, 23.0828664555], [113.146505702, 23.1153182022], [113.139299279, 23.1305358862], [113.113534828, 23.1533822024], [113.029077843, 23.0129744018]]]}}, {"type": "Feature", "properties": {"area_id": 865201, "parent_id": 8652, "name": "Foshan Shadi Airport", "kind": "polygon", "radius_m": 13827, "lat": 23.130907377299998, "lng": 113.071475148}, "geometry": {"type": "Polygon", "coordinates": [[[113.147673237, 23.2332258631], [113.070356649, 23.2488403528], [113.064925683, 23.1632077308], [113.031496451, 23.1526494344], [113.017929849, 23.1417000399], [113.002118134, 23.1121739587], [112.995277059, 23.0834736179], [112.996085591, 23.0510042957], [113.003309251, 23.0357952431], [113.029077843, 23.0129744018], [113.113534828, 23.1533822024], [113.147673237, 23.2332258631]]]}}, {"type": "Feature", "properties": {"area_id": 960001563, "parent_id": 960001563, "name": "无人机管控区域", "kind": "circle", "radius_m": 500, "lat": 23.135917994185398, "lng": 113.26158509653757}, "geometry": {"type": "Polygon", "coordinates": [[[113.26158509653757, 23.140409550060355], [113.26222263611021, 23.140371124177197], [113.262849267204, 23.140256504005237], [113.26345426798719, 23.1400676507274], [113.26402728672865, 23.139807795675626], [113.26455851891883, 23.139481385041897], [113.26503887502768, 23.139094003802658], [113.265460136029, 23.138652280158308], [113.26581509403026, 23.138163772122876], [113.26609767560164, 23.137636838204287], [113.26630304569412, 23.137080494387977], [113.26642769036845, 23.1365042598709], [113.26646947691972, 23.135917994185398], [113.26642769036845, 23.135331728499896], [113.26630304569412, 23.13475549398282], [113.26609767560164, 23.13419915016651], [113.26581509403026, 23.13367221624792], [113.265460136029, 23.13318370821249], [113.26503887502768, 23.13274198456814], [113.26455851891883, 23.1323546033289], [113.26402728672865, 23.13202819269517], [113.26345426798719, 23.131768337643397], [113.262849267204, 23.13157948436556], [113.26222263611021, 23.1314648641936], [113.26158509653757, 23.13142643831044], [113.26094755696494, 23.1314648641936], [113.26032092587114, 23.13157948436556], [113.25971592508796, 23.131768337643397], [113.2591429063465, 23.13202819269517], [113.25861167415631, 23.1323546033289], [113.25813131804746, 23.13274198456814], [113.25771005704614, 23.13318370821249], [113.25735509904489, 23.13367221624792], [113.2570725174735, 23.13419915016651], [113.25686714738103, 23.13475549398282], [113.2567425027067, 23.135331728499896], [113.25670071615542, 23.135917994185398], [113.2567425027067, 23.1365042598709], [113.25686714738103, 23.137080494387977], [113.2570725174735, 23.137636838204287], [113.25735509904489, 23.138163772122876], [113.25771005704614, 23.138652280158308], [113.25813131804746, 23.139094003802658], [113.25861167415631, 23.139481385041897], [113.2591429063465, 23.139807795675626], [113.25971592508796, 23.1400676507274], [113.26032092587114, 23.140256504005237], [113.26094755696494, 23.140371124177197], [113.26158509653757, 23.140409550060355]]]}}, {"type": "Feature", "properties": {"area_id": 960001586, "parent_id": 960001586, "name": "无人机管控区域", "kind": "circle", "radius_m": 500, "lat": 23.118838000647585, "lng": 113.29142991733487}, "geometry": {"type": "Polygon", "coordinates": [[[113.29142991733487, 23.123329556522542], [113.29206737574131, 23.123291130639384], [113.29269392705767, 23.123176510467424], [113.29329885081724, 23.122987657189586], [113.29387179660675, 23.122727802137813], [113.2944029611649, 23.122401391504084], [113.29488325611884, 23.122014010264845], [113.29530446348873, 23.121572286620495], [113.29565937629972, 23.121083778585064], [113.29594192189518, 23.120556844666474], [113.29614726584165, 23.120000500850164], [113.29627189464728, 23.119424266333088], [113.29631367587864, 23.118838000647585], [113.29627189464728, 23.118251734962083], [113.29614726584165, 23.117675500445007], [113.29594192189518, 23.117119156628696], [113.29565937629972, 23.116592222710107], [113.29530446348873, 23.116103714674676], [113.29488325611884, 23.115661991030326], [113.2944029611649, 23.115274609791086], [113.29387179660675, 23.114948199157357], [113.29329885081724, 23.114688344105584], [113.29269392705767, 23.114499490827747], [113.29206737574131, 23.114384870655787], [113.29142991733487, 23.11434644477263], [113.29079245892842, 23.114384870655787], [113.29016590761206, 23.114499490827747], [113.2895609838525, 23.114688344105584], [113.28898803806298, 23.114948199157357], [113.28845687350483, 23.115274609791086], [113.2879765785509, 23.115661991030326], [113.287555371181, 23.116103714674676], [113.28720045837001, 23.116592222710107], [113.28691791277456, 23.117119156628696], [113.28671256882808, 23.117675500445007], [113.28658794002246, 23.118251734962083], [113.2865461587911, 23.118838000647585], [113.28658794002246, 23.119424266333088], [113.28671256882808, 23.120000500850164], [113.28691791277456, 23.120556844666474], [113.28720045837001, 23.121083778585064], [113.287555371181, 23.121572286620495], [113.2879765785509, 23.122014010264845], [113.28845687350483, 23.122401391504084], [113.28898803806298, 23.122727802137813], [113.2895609838525, 23.122987657189586], [113.29016590761206, 23.123176510467424], [113.29079245892842, 23.123291130639384], [113.29142991733487, 23.123329556522542]]]}}, {"type": "Feature", "properties": {"area_id": 960003145, "parent_id": 960003145, "name": "UGZ-CN-01", "kind": "polygon", "radius_m": 19, "lat": 23.286933765462724, "lng": 113.67415115153653}, "geometry": {"type": "Polygon", "coordinates": [[[113.6742531514027, 23.286792837472383], [113.67425104924575, 23.28707451632461], [113.67404915167036, 23.287074693453064], [113.67405667781178, 23.28683225618815], [113.6742531514027, 23.286792837472383]]]}}, {"type": "Feature", "properties": {"area_id": 4000160600, "parent_id": 40001606, "name": "郴州北湖机场", "kind": "polygon", "radius_m": 14258, "lat": 25.793464745999998, "lng": 112.89246016199999}, "geometry": {"type": "Polygon", "coordinates": [[[112.930849872, 25.7605943724], [113.024708542, 25.7788205123], [112.998898117, 25.8406483061], [112.914934004, 25.7987332436], [112.901238525, 25.8119714424], [112.867797387, 25.8252772141], [112.831445413, 25.8217402036], [112.788395646, 25.8045782198], [112.765626742, 25.7788303599], [112.760539824, 25.7628767952], [112.760211782, 25.7462811859], [112.930849872, 25.7605943724]]]}}, {"type": "Feature", "properties": {"area_id": 4000160601, "parent_id": 40001606, "name": "郴州北湖机场", "kind": "polygon", "radius_m": 14263, "lat": 25.7133954436, "lng": 112.79864473449999}, "geometry": {"type": "Polygon", "coordinates": [[[112.666439597, 25.7280203048], [112.692255929, 25.6661965148], [112.776113266, 25.7082097146], [112.789808303, 25.6949760707], [112.823216665, 25.6816782366], [112.859526833, 25.685206565], [112.902562993, 25.7023419363], [112.925366137, 25.7280546537], [112.930485627, 25.7439993757], [112.930849872, 25.7605943724], [112.760211782, 25.7462811859], [112.666439597, 25.7280203048]]]}}, {"type": "Feature", "properties": {"area_id": 150900, "parent_id": 1509, "name": "Nanyue Airport", "kind": "polygon", "radius_m": 14215, "lat": 26.67268868955, "lng": 112.5879420345}, "geometry": {"type": "Polygon", "coordinates": [[[112.548611297, 26.6767045426], [112.478596434, 26.6217704379], [112.533658183, 26.5787749258], [112.585402224, 26.6504600289], [112.618380677, 26.6471196755], [112.636359158, 26.651279137], [112.652522631, 26.6594537993], [112.682462989, 26.6911165792], [112.696433444, 26.7190683169], [112.697287635, 26.7356490131], [112.684761442, 26.7666024533], [112.548611297, 26.6767045426]]]}}, {"type": "Feature", "properties": {"area_id": 150901, "parent_id": 1509, "name": "Nanyue Airport", "kind": "polygon", "radius_m": 14320, "lat": 26.7706285242, "lng": 112.6470676995}, "geometry": {"type": "Polygon", "coordinates": [[[112.758072943, 26.8215655492], [112.699647604, 26.8645525058], [112.651301815, 26.7928828646], [112.632319905, 26.7969112498], [112.595955396, 26.7914731706], [112.580190989, 26.78267198], [112.550876756, 26.7522245593], [112.536899247, 26.724229965], [112.536062456, 26.7076485644], [112.548611297, 26.6767045426], [112.684761442, 26.7666024533], [112.758072943, 26.8215655492]]]}}, {"type": "Feature", "properties": {"area_id": 205300, "parent_id": 2053, "name": "Changsha Huanghua International Airport", "kind": "polygon", "radius_m": 19021, "lat": 28.1908269097, "lng": 113.244475619}, "geometry": {"type": "Polygon", "coordinates": [[[113.19457716975616, 28.031085969526732], [113.193887718, 28.0258785142], [113.27286107, 28.0293117796], [113.251216204, 28.1160074556], [113.279047128, 28.1337284017], [113.289273621, 28.1476633825], [113.29506352, 28.1634571403], [113.294353048, 28.2117031779], [113.284821118, 28.2427127051], [113.273404714, 28.255917437], [113.241107741, 28.2724715394], [113.252793941, 28.3557753052], [113.24943500928667, 28.355628688248053], [113.19457716975616, 28.031085969526732]]]}}, {"type": "Feature", "properties": {"area_id": 205301, "parent_id": 2053, "name": "Changsha Huanghua International Airport", "kind": "polygon", "radius_m": 18764, "lat": 28.19334621525, "lng": 113.1983870115}, "geometry": {"type": "Polygon", "coordinates": [[[113.249455204, 28.3557813521], [113.17047007, 28.3523567901], [113.192147893, 28.267370308], [113.162872292, 28.2482764995], [113.153067837, 28.2341026703], [113.147318819, 28.2015823834], [113.148980568, 28.1749649654], [113.15065424500031, 28.170072402613783], [113.150649642, 28.1699295705], [113.15119149191582, 28.168501899903063], [113.158471023, 28.1472220694], [113.15988632412267, 28.145592684778226], [113.160944822, 28.1428037459], [113.172789067, 28.1299036606], [113.20199411491221, 28.115909822343223], [113.190525699, 28.0309110784], [113.19457716975616, 28.031085969526732], [113.24943500928667, 28.355628688248053], [113.249455204, 28.3557813521]]]}}, {"type": "Feature", "properties": {"area_id": 960001598, "parent_id": 960001598, "name": "无人机管控区域", "kind": "circle", "radius_m": 500, "lat": 28.206456993769784, "lng": 112.99358912764515}, "geometry": {"type": "Polygon", "coordinates": [[[112.99358912764515, 28.21094854964474], [112.99425439352632, 28.210910123761582], [112.99490827652382, 28.210795503589623], [112.99553958851827, 28.210606650311785], [112.99613752758641, 28.210346795260012], [112.996691862825, 28.210020384626283], [112.99719310940442, 28.209633003387044], [112.99763269085673, 28.209191279742694], [112.99800308582141, 28.208702771707262], [112.99829795673791, 28.208175837788673], [112.9985122582831, 28.207619493972363], [112.99864232369812, 28.207043259455286], [112.99868592752766, 28.206456993769784], [112.99864232369812, 28.20587072808428], [112.9985122582831, 28.205294493567205], [112.99829795673791, 28.204738149750895], [112.99800308582141, 28.204211215832306], [112.99763269085673, 28.203722707796874], [112.99719310940442, 28.203280984152524], [112.996691862825, 28.202893602913285], [112.99613752758641, 28.202567192279556], [112.99553958851827, 28.202307337227783], [112.99490827652382, 28.202118483949945], [112.99425439352632, 28.202003863777986], [112.99358912764515, 28.201965437894827], [112.99292386176398, 28.202003863777986], [112.99226997876649, 28.202118483949945], [112.99163866677203, 28.202307337227783], [112.99104072770389, 28.202567192279556], [112.9904863924653, 28.202893602913285], [112.98998514588588, 28.203280984152524], [112.98954556443357, 28.203722707796874], [112.9891751694689, 28.204211215832306], [112.98888029855239, 28.204738149750895], [112.9886659970072, 28.205294493567205], [112.98853593159218, 28.20587072808428], [112.98849232776264, 28.206456993769784], [112.98853593159218, 28.207043259455286], [112.9886659970072, 28.207619493972363], [112.98888029855239, 28.208175837788673], [112.9891751694689, 28.208702771707262], [112.98954556443357, 28.209191279742694], [112.98998514588588, 28.209633003387044], [112.9904863924653, 28.210020384626283], [112.99104072770389, 28.210346795260012], [112.99163866677203, 28.210606650311785], [112.99226997876649, 28.210795503589623], [112.99292386176398, 28.210910123761582], [112.99358912764515, 28.21094854964474]]]}}, {"type": "Feature", "properties": {"area_id": 960001578, "parent_id": 960001578, "name": "无人机管控区域", "kind": "circle", "radius_m": 500, "lat": 28.119406705880273, "lng": 112.9774743154071}, "geometry": {"type": "Polygon", "coordinates": [[[112.9774743154071, 28.12389826175523], [112.97813904039153, 28.12385983587207], [112.97879239174716, 28.12374521570011], [112.97942319045119, 28.123556362422274], [112.98002064336289, 28.1232965073705], [112.98057452789728, 28.122970096736772], [112.98107536693642, 28.122582715497533], [112.9815145909855, 28.122140991853183], [112.98188468479925, 28.12165248381775], [112.98217931596993, 28.121125549899162], [112.9823934432765, 28.120569206082852], [112.98252340294138, 28.119992971565775], [112.98256697131868, 28.119406705880273], [112.98252340294138, 28.11882044019477], [112.9823934432765, 28.118244205677694], [112.98217931596993, 28.117687861861384], [112.98188468479925, 28.117160927942795], [112.9815145909855, 28.116672419907363], [112.98107536693642, 28.116230696263013], [112.98057452789728, 28.115843315023774], [112.98002064336289, 28.115516904390045], [112.97942319045119, 28.115257049338272], [112.97879239174716, 28.115068196060435], [112.97813904039153, 28.114953575888475], [112.9774743154071, 28.114915150005316], [112.97680959042266, 28.114953575888475], [112.97615623906702, 28.115068196060435], [112.975525440363, 28.115257049338272], [112.9749279874513, 28.115516904390045], [112.97437410291691, 28.115843315023774], [112.97387326387776, 28.116230696263013], [112.97343403982869, 28.116672419907363], [112.97306394601493, 28.117160927942795], [112.97276931484426, 28.117687861861384], [112.9725551875377, 28.118244205677694], [112.9724252278728, 28.11882044019477], [112.97238165949551, 28.119406705880273], [112.9724252278728, 28.119992971565775], [112.9725551875377, 28.120569206082852], [112.97276931484426, 28.121125549899162], [112.97306394601493, 28.12165248381775], [112.97343403982869, 28.122140991853183], [112.97387326387776, 28.122582715497533], [112.97437410291691, 28.122970096736772], [112.9749279874513, 28.1232965073705], [112.975525440363, 28.123556362422274], [112.97615623906702, 28.12374521570011], [112.97680959042266, 28.12385983587207], [112.9774743154071, 28.12389826175523]]]}}, {"type": "Feature", "properties": {"area_id": 4000002300, "parent_id": 40000023, "name": "Sanhe airport", "kind": "polygon", "radius_m": 14157, "lat": 29.2700228854, "lng": 113.3020564345}, "geometry": {"type": "Polygon", "coordinates": [[[113.258435167, 29.2388564743], [113.244134555, 29.1533209003], [113.319779646, 29.1534594654], [113.305078956, 29.2389442156], [113.324203832, 29.2458417676], [113.350594274, 29.2693605649], [113.357691484, 29.2847611301], [113.359978314, 29.3012391115], [113.357157217, 29.342475806], [113.337770715, 29.3707197944], [113.304767578, 29.3867248705], [113.258435167, 29.2388564743]]]}}, {"type": "Feature", "properties": {"area_id": 4000002301, "parent_id": 40000023, "name": "Sanhe airport", "kind": "polygon", "radius_m": 14157, "lat": 29.35555995575, "lng": 113.261136381}, "geometry": {"type": "Polygon", "coordinates": [[[113.31911967, 29.4722634372], [113.24326024, 29.4721248421], [113.258035379, 29.38664181], [113.238808366, 29.3796934504], [113.212449548, 29.3561234368], [113.205391794, 29.3407073639], [113.203153092, 29.3242242671], [113.206040784, 29.2830533331], [113.225456748, 29.2548334458], [113.258435167, 29.2388564743], [113.304767578, 29.3867248705], [113.31911967, 29.4722634372]]]}}, {"type": "Feature", "properties": {"area_id": 4000160200, "parent_id": 40001602, "name": "荆州沙市机场", "kind": "polygon", "radius_m": 14127, "lat": 30.336411550450002, "lng": 112.4313383855}, "geometry": {"type": "Polygon", "coordinates": [[[112.474883522, 30.3665987388], [112.49298466, 30.4516257479], [112.416418611, 30.4538952258], [112.427715368, 30.368000571], [112.408016758, 30.3616672068], [112.380419875, 30.3389496599], [112.372646628, 30.3237678403], [112.369692111, 30.3073667295], [112.370816826, 30.264758916], [112.38922211, 30.2359413788], [112.421829581, 30.2189278751], [112.474883522, 30.3665987388]]]}}, {"type": "Feature", "properties": {"area_id": 4000160201, "parent_id": 40001602, "name": "荆州沙市机场", "kind": "polygon", "radius_m": 14126, "lat": 30.2491174208, "lng": 112.4653624005}, "geometry": {"type": "Polygon", "coordinates": [[[112.403793698, 30.1339050766], [112.480133783, 30.1316361028], [112.46890126, 30.2175324493], [112.488490456, 30.2238167416], [112.516114615, 30.2464801318], [112.523927116, 30.2616445687], [112.526931103, 30.2780387901], [112.525882593, 30.3207124446], [112.507512891, 30.3495544597], [112.474883522, 30.3665987388], [112.421829581, 30.2189278751], [112.403793698, 30.1339050766]]]}}, {"type": "Feature", "properties": {"area_id": 776100, "parent_id": 7761, "name": "Xiangfan Airport", "kind": "polygon", "radius_m": 13557, "lat": 32.196817045299994, "lng": 112.28763731699999}, "geometry": {"type": "Polygon", "coordinates": [[[112.362990173, 32.3005776719], [112.282243097, 32.309191322], [112.28227939, 32.224222291], [112.249194169, 32.213921711], [112.234452382, 32.2029709217], [112.223566083, 32.1891638624], [112.212284461, 32.150142028], [112.21437445, 32.1223826268], [112.222276486, 32.1071935986], [112.25035026, 32.0844427686], [112.331365306, 32.2188651335], [112.362990173, 32.3005776719]]]}}, {"type": "Feature", "properties": {"area_id": 776101, "parent_id": 7761, "name": "Xiangfan Airport", "kind": "polygon", "radius_m": 13317, "lat": 32.1039827235, "lng": 112.29401435899999}, "geometry": {"type": "Polygon", "coordinates": [[[112.25035026, 32.0844427686], [112.218648174, 32.0028127259], [112.299371811, 31.9891003135], [112.302740131, 32.0774627698], [112.332570125, 32.0883853338], [112.346813681, 32.0997824232], [112.357093336, 32.1139132949], [112.369380544, 32.1515160162], [112.367538006, 32.1810335834], [112.359570655, 32.1962005445], [112.331365306, 32.2188651335], [112.25035026, 32.0844427686]]]}}, {"type": "Feature", "properties": {"area_id": 430300, "parent_id": 4303, "name": "Nanyang Airport", "kind": "polygon", "radius_m": 14581, "lat": 32.9317819321, "lng": 112.581336202}, "geometry": {"type": "Polygon", "coordinates": [[[112.541863315, 32.9400737374], [112.460184051, 32.8885209289], [112.520298015, 32.8404327645], [112.575298517, 32.9120994757], [112.611466265, 32.9078473943], [112.630693743, 32.9117123269], [112.648077329, 32.9196208841], [112.684121913, 32.9510576492], [112.699468356, 32.9747543243], [112.702488353, 32.9911581067], [112.693178079, 33.0231310997], [112.541863315, 32.9400737374]]]}}, {"type": "Feature", "properties": {"area_id": 430301, "parent_id": 4303, "name": "Nanyang Airport", "kind": "polygon", "radius_m": 14549, "lat": 33.032318516299995, "lng": 112.652295161}, "geometry": {"type": "Polygon", "coordinates": [[[112.774822178, 33.0764969948], [112.713012046, 33.1245632952], [112.658020268, 33.0512314016], [112.625720766, 33.056728585], [112.606138936, 33.0542515468], [112.587991613, 33.047608349], [112.549206089, 33.0172713328], [112.531333177, 32.9879286001], [112.529768144, 32.9713823628], [112.541863315, 32.9400737374], [112.693178079, 33.0231310997], [112.774822178, 33.0764969948]]]}}, {"type": "Feature", "properties": {"area_id": 179100, "parent_id": 1791, "name": "Xinzheng Airport", "kind": "polygon", "radius_m": 19068, "lat": 34.51916570695, "lng": 113.82878603100288}, "geometry": {"type": "Polygon", "coordinates": [[[114.01387509200576, 34.445328653486015], [113.68288355263981, 34.60594310515504], [113.674617925, 34.60955248], [113.64369697, 34.5493416652], [113.747049382, 34.5276504688], [113.753608486, 34.5011149133], [113.76407197, 34.4869328551], [113.778628552, 34.4754645697], [113.82791259, 34.452503628], [113.867367919, 34.4480327255], [113.886844047, 34.4522238645], [113.918677345, 34.4720820969], [114.005372114, 34.4287789339], [114.01387509200576, 34.445328653486015]]]}}, {"type": "Feature", "properties": {"area_id": 179101, "parent_id": 1791, "name": "Xinzheng Airport", "kind": "polygon", "radius_m": 19102, "lat": 34.53249724505, "lng": 113.8687534158199}, "geometry": {"type": "Polygon", "coordinates": [[[114.023661999, 34.4404371393], [114.054623279, 34.502341298], [113.956278915, 34.5256891981], [113.949774662, 34.5521525216], [113.93933124, 34.5663487057], [113.924778176, 34.5778336928], [113.868744093, 34.6008333434], [113.83504865, 34.6042269273], [113.815418862, 34.6004275256], [113.782971193, 34.5811996704], [113.692974919, 34.6245573508], [113.68288355263981, 34.60594310515504], [114.01387509200576, 34.445328653486015], [114.023661999, 34.4404371393]]]}}, {"type": "Feature", "properties": {"area_id": 408900, "parent_id": 4089, "name": "Luoyang Airport", "kind": "polygon", "radius_m": 13534, "lat": 34.774303480499995, "lng": 112.4383329205}, "geometry": {"type": "Polygon", "coordinates": [[[112.581165657, 34.7475161065], [112.563940443, 34.8111561754], [112.468950652, 34.7778191021], [112.443337282, 34.7985625357], [112.424821556, 34.8052217587], [112.404836069, 34.8077158904], [112.354746734, 34.8025416126], [112.319621323, 34.7868821296], [112.306894861, 34.7739887038], [112.298668293, 34.7588285222], [112.295500184, 34.7424356674], [112.477807823, 34.7374507856], [112.581165657, 34.7475161065]]]}}, {"type": "Feature", "properties": {"area_id": 408901, "parent_id": 4089, "name": "Luoyang Airport", "kind": "polygon", "radius_m": 13542, "lat": 34.70562867835, "lng": 112.33500164750001}, "geometry": {"type": "Polygon", "coordinates": [[[112.295500184, 34.7424356674], [112.192195472, 34.7375097907], [112.212793954, 34.6688216893], [112.307776648, 34.7021604076], [112.333400562, 34.681422539], [112.351893779, 34.6747731113], [112.391906097, 34.6741223228], [112.449334863, 34.6947848525], [112.473006241, 34.7213284677], [112.477807823, 34.7374507856], [112.295500184, 34.7424356674]]]}}, {"type": "Feature", "properties": {"area_id": 960001597, "parent_id": 960001597, "name": "无人机管控区域", "kind": "circle", "radius_m": 500, "lat": 34.766283872961665, "lng": 113.67025706268345}, "geometry": {"type": "Polygon", "coordinates": [[[113.67025706268345, 34.77077542883662], [113.67097072848557, 34.77073700295346], [113.67167218326796, 34.770622382781504], [113.6723494249448, 34.77043352950367], [113.67299086572324, 34.7701736744519], [113.67358553037371, 34.769847263818164], [113.67412324401917, 34.76945988257892], [113.67459480623008, 34.76901815893458], [113.67499214844625, 34.76852965089914], [113.6753084720322, 34.768002716980554], [113.67553836460368, 34.76744637316425], [113.67567789263506, 34.766870138647164], [113.67572466876302, 34.766283872961665], [113.67567789263506, 34.76569760727617], [113.67553836460368, 34.76512137275908], [113.6753084720322, 34.764565028942776], [113.67499214844625, 34.76403809502419], [113.67459480623008, 34.76354958698875], [113.67412324401917, 34.76310786334441], [113.67358553037371, 34.762720482105166], [113.67299086572324, 34.762394071471434], [113.6723494249448, 34.76213421641966], [113.67167218326796, 34.76194536314183], [113.67097072848557, 34.76183074296987], [113.67025706268345, 34.76179231708671], [113.66954339688132, 34.76183074296987], [113.66884194209894, 34.76194536314183], [113.6681647004221, 34.76213421641966], [113.66752325964366, 34.762394071471434], [113.66692859499318, 34.762720482105166], [113.66639088134772, 34.76310786334441], [113.66591931913682, 34.76354958698875], [113.66552197692064, 34.76403809502419], [113.6652056533347, 34.764565028942776], [113.66497576076321, 34.76512137275908], [113.66483623273183, 34.76569760727617], [113.66478945660387, 34.766283872961665], [113.66483623273183, 34.766870138647164], [113.66497576076321, 34.76744637316425], [113.6652056533347, 34.768002716980554], [113.66552197692064, 34.76852965089914], [113.66591931913682, 34.76901815893458], [113.66639088134772, 34.76945988257892], [113.66692859499318, 34.769847263818164], [113.66752325964366, 34.7701736744519], [113.6681647004221, 34.77043352950367], [113.66884194209894, 34.770622382781504], [113.66954339688132, 34.77073700295346], [113.67025706268345, 34.77077542883662]]]}}, {"type": "Feature", "properties": {"area_id": 960001577, "parent_id": 960001577, "name": "无人机管控区域", "kind": "circle", "radius_m": 500, "lat": 34.76786014396238, "lng": 113.74701713228868}, "geometry": {"type": "Polygon", "coordinates": [[[113.74701713228868, 34.77235169983734], [113.74773081172002, 34.772313273954175], [113.74843227989841, 34.77219865378222], [113.74910953450885, 34.772009800504385], [113.74975098753718, 34.77174994545261], [113.75034566354425, 34.77142353481888], [113.75088338745869, 34.77103615357964], [113.75135495867524, 34.770594429935294], [113.75175230847964, 34.770105921899855], [113.75206863810656, 34.76957898798127], [113.75229853506842, 34.76902264416496], [113.75243806576442, 34.76844640964788], [113.75248484278569, 34.76786014396238], [113.75243806576442, 34.76727387827688], [113.75229853506842, 34.7666976437598], [113.75206863810656, 34.76614129994349], [113.75175230847964, 34.765614366024906], [113.75135495867524, 34.76512585798947], [113.75088338745869, 34.764684134345124], [113.75034566354425, 34.76429675310588], [113.74975098753718, 34.76397034247215], [113.74910953450885, 34.763710487420376], [113.74843227989841, 34.76352163414254], [113.74773081172002, 34.763407013970586], [113.74701713228868, 34.763368588087424], [113.74630345285733, 34.763407013970586], [113.74560198467894, 34.76352163414254], [113.7449247300685, 34.763710487420376], [113.74428327704017, 34.76397034247215], [113.7436886010331, 34.76429675310588], [113.74315087711867, 34.764684134345124], [113.74267930590212, 34.76512585798947], [113.74228195609771, 34.765614366024906], [113.74196562647079, 34.76614129994349], [113.74173572950893, 34.7666976437598], [113.74159619881293, 34.76727387827688], [113.74154942179166, 34.76786014396238], [113.74159619881293, 34.76844640964788], [113.74173572950893, 34.76902264416496], [113.74196562647079, 34.76957898798127], [113.74228195609771, 34.770105921899855], [113.74267930590212, 34.770594429935294], [113.74315087711867, 34.77103615357964], [113.7436886010331, 34.77142353481888], [113.74428327704017, 34.77174994545261], [113.7449247300685, 34.772009800504385], [113.74560198467894, 34.77219865378222], [113.74630345285733, 34.772313273954175], [113.74701713228868, 34.77235169983734]]]}}, {"type": "Feature", "properties": {"area_id": 183100, "parent_id": 1831, "name": "Changzhi Airport", "kind": "polygon", "radius_m": 13888, "lat": 36.2016011373, "lng": 113.1346974205}, "geometry": {"type": "Polygon", "coordinates": [[[113.087473963, 36.1764551929], [113.05694097, 36.0937683572], [113.139625613, 36.0843264023], [113.138666964, 36.1706191649], [113.159821954, 36.1750632059], [113.192152773, 36.1951206281], [113.207741029, 36.2255350841], [113.212453871, 36.2682495952], [113.207223945, 36.2843034102], [113.19701479, 36.2987183102], [113.164728651, 36.3188758723], [113.087473963, 36.1764551929]]]}}, {"type": "Feature", "properties": {"area_id": 183101, "parent_id": 1831, "name": "Changzhi Airport", "kind": "polygon", "radius_m": 13889, "lat": 36.293735850000004, "lng": 113.117540617}, "geometry": {"type": "Polygon", "coordinates": [[[113.195389754, 36.401572133], [113.112407024, 36.4110165071], [113.1133957, 36.3247276873], [113.092089073, 36.3202358674], [113.05977308, 36.3001088003], [113.049542801, 36.2857035485], [113.044289465, 36.2696546819], [113.03969148, 36.2270118667], [113.055197199, 36.1965698603], [113.087473963, 36.1764551929], [113.164728651, 36.3188758723], [113.195389754, 36.401572133]]]}}, {"type": "Feature", "properties": {"area_id": 3324800, "parent_id": 33248, "name": "五台山", "kind": "polygon", "radius_m": 14027, "lat": 38.634249520750004, "lng": 113.0216526045}, "geometry": {"type": "Polygon", "coordinates": [[[113.172989736, 38.6159479692], [113.143781456, 38.6778761375], [113.04711046, 38.6412103926], [113.016883209, 38.659467235], [112.996515497, 38.6642172283], [112.975266456, 38.6646853341], [112.926278619, 38.6558467292], [112.889758447, 38.6368542954], [112.878126234, 38.6229644587], [112.870315473, 38.590622904], [113.066335003, 38.6009038304], [113.172989736, 38.6159479692]]]}}, {"type": "Feature", "properties": {"area_id": 3324801, "parent_id": 33248, "name": "五台山", "kind": "polygon", "radius_m": 13837, "lat": 38.5590191614, "lng": 112.9166718015}, "geometry": {"type": "Polygon", "coordinates": [[[112.870315473, 38.590622904], [112.7670086, 38.5773826707], [112.792841661, 38.5171344924], [112.887863828, 38.5554623385], [112.91984272, 38.5354802324], [112.940181482, 38.5307500432], [112.96139138, 38.530295082], [113.010388042, 38.5391534444], [113.043718748, 38.5555656978], [113.056285865, 38.5689425073], [113.066335003, 38.6009038304], [112.870315473, 38.590622904]]]}}, {"type": "Feature", "properties": {"area_id": 771200, "parent_id": 7712, "name": "Taiyuan Wusu Airport", "kind": "polygon", "radius_m": 14756, "lat": 37.7714220859, "lng": 112.56755179449999}, "geometry": {"type": "Polygon", "coordinates": [[[112.566675161, 37.8079081443], [112.493390963, 37.8712582281], [112.441803287, 37.8179807587], [112.535136784, 37.776315993], [112.530851974, 37.7442398196], [112.536694952, 37.728297756], [112.56268281, 37.702595554], [112.599331915, 37.6826058527], [112.633678289, 37.6718307055], [112.654645947, 37.6715859437], [112.693300302, 37.683721508], [112.566675161, 37.8079081443]]]}}, {"type": "Feature", "properties": {"area_id": 771201, "parent_id": 7712, "name": "Taiyuan Wusu Airport", "kind": "polygon", "radius_m": 14806, "lat": 37.7203720849, "lng": 112.693270702}, "geometry": {"type": "Polygon", "coordinates": [[[112.768289193, 37.6220747686], [112.819866243, 37.673669624], [112.724839183, 37.7170744254], [112.726634687, 37.7444304958], [112.720507649, 37.7603060444], [112.6940341, 37.785709589], [112.660683503, 37.8057191262], [112.627019774, 37.8176752549], [112.606046018, 37.8186694012], [112.566675161, 37.8079081443], [112.693300302, 37.683721508], [112.768289193, 37.6220747686]]]}}, {"type": "Feature", "properties": {"area_id": 960001593, "parent_id": 960001593, "name": "无人机管控区域", "kind": "circle", "radius_m": 500, "lat": 37.85983785860472, "lng": 112.53797389732318}, "geometry": {"type": "Polygon", "coordinates": [[[112.53797389732318, 37.86432941447968], [112.53871646215183, 37.864290988596515], [112.53944632149037, 37.86417636842456], [112.54015098724318, 37.863987515146725], [112.54081840238386, 37.86372766009495], [112.5414371472543, 37.86340124946122], [112.54199663495822, 37.86301386822198], [112.54248729250591, 37.86257214457763], [112.54290072461066, 37.862083636542195], [112.54322985733455, 37.86155670262361], [112.54346905912541, 37.8610003588073], [112.5436142371743, 37.86042412429022], [112.54366290744453, 37.85983785860472], [112.5436142371743, 37.85925159291922], [112.54346905912541, 37.85867535840214], [112.54322985733455, 37.85811901458583], [112.54290072461066, 37.857592080667246], [112.54248729250591, 37.85710357263181], [112.54199663495822, 37.856661848987464], [112.5414371472543, 37.85627446774822], [112.54081840238386, 37.85594805711449], [112.54015098724318, 37.855688202062716], [112.53944632149037, 37.85549934878488], [112.53871646215183, 37.855384728612925], [112.53797389732318, 37.855346302729764], [112.53723133249454, 37.855384728612925], [112.536501473156, 37.85549934878488], [112.53579680740319, 37.855688202062716], [112.5351293922625, 37.85594805711449], [112.53451064739207, 37.85627446774822], [112.53395115968814, 37.856661848987464], [112.53346050214046, 37.85710357263181], [112.5330470700357, 37.857592080667246], [112.53271793731182, 37.85811901458583], [112.53247873552095, 37.85867535840214], [112.53233355747207, 37.85925159291922], [112.53228488720184, 37.85983785860472], [112.53233355747207, 37.86042412429022], [112.53247873552095, 37.8610003588073], [112.53271793731182, 37.86155670262361], [112.5330470700357, 37.862083636542195], [112.53346050214046, 37.86257214457763], [112.53395115968814, 37.86301386822198], [112.53451064739207, 37.86340124946122], [112.5351293922625, 37.86372766009495], [112.53579680740319, 37.863987515146725], [112.536501473156, 37.86417636842456], [112.53723133249454, 37.864290988596515], [112.53797389732318, 37.86432941447968]]]}}, {"type": "Feature", "properties": {"area_id": 960001571, "parent_id": 960001571, "name": "无人机管控区域", "kind": "circle", "radius_m": 500, "lat": 37.813443653543445, "lng": 112.5726101270574}, "geometry": {"type": "Polygon", "coordinates": [[[112.5726101270574, 37.8179352094184], [112.57335222501744, 37.81789678353524], [112.57408162547564, 37.81778216336328], [112.57478584818793, 37.81759331008545], [112.57545284370845, 37.817333455033676], [112.57607119955891, 37.81700704439994], [112.57663033549929, 37.8166196631607], [112.57712068455862, 37.81617793951636], [112.57753385672854, 37.81568943148092], [112.57786278251866, 37.81516249756233], [112.57810183391753, 37.81460615374603], [112.57824692068944, 37.81402991922894], [112.57829556035949, 37.813443653543445], [112.57824692068944, 37.812857387857946], [112.57810183391753, 37.81228115334086], [112.57786278251866, 37.811724809524556], [112.57753385672854, 37.81119787560597], [112.57712068455862, 37.81070936757053], [112.57663033549929, 37.81026764392619], [112.57607119955891, 37.809880262686946], [112.57545284370845, 37.80955385205321], [112.57478584818793, 37.80929399700144], [112.57408162547564, 37.809105143723606], [112.57335222501744, 37.80899052355165], [112.5726101270574, 37.80895209766849], [112.57186802909736, 37.80899052355165], [112.57113862863916, 37.809105143723606], [112.57043440592687, 37.80929399700144], [112.56976741040636, 37.80955385205321], [112.5691490545559, 37.809880262686946], [112.56858991861552, 37.81026764392619], [112.56809956955618, 37.81070936757053], [112.56768639738627, 37.81119787560597], [112.56735747159614, 37.811724809524556], [112.56711842019727, 37.81228115334086], [112.56697333342537, 37.812857387857946], [112.56692469375531, 37.813443653543445], [112.56697333342537, 37.81402991922894], [112.56711842019727, 37.81460615374603], [112.56735747159614, 37.81516249756233], [112.56768639738627, 37.81568943148092], [112.56809956955618, 37.81617793951636], [112.56858991861552, 37.8166196631607], [112.5691490545559, 37.81700704439994], [112.56976741040636, 37.817333455033676], [112.57043440592687, 37.81759331008545], [112.57113862863916, 37.81778216336328], [112.57186802909736, 37.81789678353524], [112.5726101270574, 37.8179352094184]]]}}, {"type": "Feature", "properties": {"area_id": 49700, "parent_id": 497, "name": "Datong Airport", "kind": "polygon", "radius_m": 14809, "lat": 40.09194709285, "lng": 113.40403518650001}, "geometry": {"type": "Polygon", "coordinates": [[[113.42684114, 40.1262340175], [113.355194239, 40.1945836106], [113.293397897, 40.1413747198], [113.390071437, 40.0946901091], [113.383686027, 40.0688509042], [113.395700604, 40.0372494046], [113.435887379, 40.0059940052], [113.471720912, 39.9898640645], [113.514672476, 39.9893105751], [113.42684114, 40.1262340175]]]}}, {"type": "Feature", "properties": {"area_id": 49701, "parent_id": 497, "name": "Datong Airport", "kind": "polygon", "radius_m": 14480, "lat": 40.03344502785, "lng": 113.545890907}, "geometry": {"type": "Polygon", "coordinates": [[[113.606487616, 39.9320817913], [113.664940674, 39.9802612272], [113.571613327, 40.026909578], [113.577781308, 40.0431126519], [113.578206844, 40.0597076946], [113.56252664, 40.0903551519], [113.547483782, 40.1023169811], [113.520779395, 40.1206734729], [113.489929563, 40.1326648532], [113.468401298, 40.1348082644], [113.42684114, 40.1262340175], [113.514672476, 39.9893105751], [113.534827772, 39.9953981947], [113.606487616, 39.9320817913]]]}}, {"type": "Feature", "properties": {"area_id": 4004502600, "parent_id": 40045026, "name": "朔州滋润机场", "kind": "polygon", "radius_m": 14487, "lat": 39.227904017, "lng": 112.64123935699999}, "geometry": {"type": "Polygon", "coordinates": [[[112.595660984, 39.2521140687], [112.492742662, 39.2187694452], [112.536803184, 39.1622206257], [112.622797846, 39.2173122255], [112.641569659, 39.2065471175], [112.682895256, 39.1989505329], [112.704042279, 39.2015857983], [112.749347198, 39.2203946724], [112.780044078, 39.2451626378], [112.789736052, 39.2772082031], [112.786263711, 39.2935874083], [112.595660984, 39.2521140687]]]}}, {"type": "Feature", "properties": {"area_id": 4004502601, "parent_id": 40045026, "name": "朔州滋润机场", "kind": "polygon", "radius_m": 14554, "lat": 39.3177810383, "lng": 112.7417946765}, "geometry": {"type": "Polygon", "coordinates": [[[112.889417186, 39.3268899859], [112.845309376, 39.3834480079], [112.759057648, 39.328495275], [112.720184827, 39.3451841461], [112.698832389, 39.3468689919], [112.658068997, 39.3374147162], [112.614138563, 39.3140666545], [112.601681278, 39.3005539806], [112.594172167, 39.2850063577], [112.595660984, 39.2521140687], [112.786263711, 39.2935874083], [112.889417186, 39.3268899859]]]}}, {"type": "Feature", "properties": {"area_id": 3324600, "parent_id": 33246, "name": "集宁", "kind": "polygon", "radius_m": 14004, "lat": 41.1020898627, "lng": 113.0483159365}, "geometry": {"type": "Polygon", "coordinates": [[[113.00210804, 41.1391419375], [112.888798464, 41.1392087565], [112.900861725, 41.075563486], [113.012539014, 41.1005589964], [113.040419957, 41.0760631601], [113.060004312, 41.0684791289], [113.081522148, 41.0649709689], [113.135168438, 41.0691096891], [113.172726454, 41.0798719668], [113.189072336, 41.0909944456], [113.207833409, 41.120716382], [113.00210804, 41.1391419375]]]}}, {"type": "Feature", "properties": {"area_id": 3324601, "parent_id": 33246, "name": "集宁", "kind": "polygon", "radius_m": 14057, "lat": 41.1564179819, "lng": 113.161614472}, "geometry": {"type": "Polygon", "coordinates": [[[113.321120904, 41.1173994575], [113.309122256, 41.1844435929], [113.202469714, 41.1627710663], [113.174999757, 41.1850903421], [113.155147043, 41.1923219591], [113.133480959, 41.1954365063], [113.076474745, 41.1908876488], [113.037222413, 41.1799982036], [113.020857782, 41.1688728569], [113.00210804, 41.1391419375], [113.207833409, 41.120716382], [113.321120904, 41.1173994575]]]}}, {"type": "Feature", "properties": {"area_id": 960001818, "parent_id": 960001818, "name": "临时禁飞区测试（圆形）", "kind": "circle", "radius_m": 200, "lat": 20.482211523384063, "lng": 115.30962467193605}, "geometry": {"type": "Polygon", "coordinates": [[[115.30962467193605, 20.484008145734045], [115.309875003984, 20.48399277538078], [115.31012105278121, 20.483946927311997], [115.31035860836454, 20.483871386000864], [115.3105836060921, 20.483767443980152], [115.31079219619036, 20.483636879726664], [115.31098080962495, 20.483481927230965], [115.31114621916768, 20.483305237773227], [115.31128559461543, 20.483109834559055], [115.31139655121564, 20.482899060991617], [115.31147719047011, 20.482676523465095], [115.31152613261885, 20.482446029658263], [115.31154254024813, 20.482211523384063], [115.31152613261885, 20.481977017109863], [115.31147719047011, 20.48174652330303], [115.31139655121564, 20.48152398577651], [115.31128559461543, 20.48131321220907], [115.31114621916768, 20.4811178089949], [115.31098080962495, 20.48094111953716], [115.31079219619036, 20.48078616704146], [115.3105836060921, 20.480655602787973], [115.31035860836454, 20.48055166076726], [115.31012105278121, 20.480476119456128], [115.309875003984, 20.480430271387345], [115.30962467193605, 20.48041490103408], [115.3093743398881, 20.480430271387345], [115.30912829109089, 20.480476119456128], [115.30889073550756, 20.48055166076726], [115.30866573778, 20.480655602787973], [115.30845714768174, 20.48078616704146], [115.30826853424715, 20.48094111953716], [115.30810312470442, 20.4811178089949], [115.30796374925667, 20.48131321220907], [115.30785279265646, 20.48152398577651], [115.30777215340198, 20.48174652330303], [115.30772321125325, 20.481977017109863], [115.30770680362397, 20.482211523384063], [115.30772321125325, 20.482446029658263], [115.30777215340198, 20.482676523465095], [115.30785279265646, 20.482899060991617], [115.30796374925667, 20.483109834559055], [115.30810312470442, 20.483305237773227], [115.30826853424715, 20.483481927230965], [115.30845714768174, 20.483636879726664], [115.30866573778, 20.483767443980152], [115.30889073550756, 20.483871386000864], [115.30912829109089, 20.483946927311997], [115.3093743398881, 20.48399277538078], [115.30962467193605, 20.484008145734045]]]}}, {"type": "Feature", "properties": {"area_id": 960001819, "parent_id": 960001819, "name": "多边形临时禁飞区", "kind": "polygon", "radius_m": 205, "lat": 20.482328529860677, "lng": 115.30560129297933}, "geometry": {"type": "Polygon", "coordinates": [[[115.30421868667194, 20.483635102809618], [115.30423060540112, 20.481033124636102], [115.30698389928672, 20.481021956911736], [115.30698389928672, 20.483635102809618], [115.30421868667194, 20.483635102809618]]]}}, {"type": "Feature", "properties": {"area_id": 960002985, "parent_id": 960002985, "name": "临时禁飞区测试 (限高区)", "kind": "polygon", "radius_m": 176, "lat": 20.482396339530375, "lng": 115.32159939408305}, "geometry": {"type": "Polygon", "coordinates": [[[115.32019793987276, 20.48321043461666], [115.32015502452852, 20.481577219192708], [115.32304376363757, 20.481589782454652], [115.32301962375642, 20.483215459868045], [115.32019793987276, 20.48321043461666]]]}}, {"type": "Feature", "properties": {"area_id": 40002437, "parent_id": 40002437, "name": "(Cap. 448G RFZ) Police Headquarters", "kind": "polygon", "radius_m": 117, "lat": 22.278773094267496, "lng": 114.1680812327069}, "geometry": {"type": "Polygon", "coordinates": [[[114.16720378393111, 22.27810695117524], [114.1683656693196, 22.27802257307025], [114.16895868148269, 22.279310642102384], [114.1689238716363, 22.27937289402332], [114.16806331515012, 22.279523615464743], [114.16722581154428, 22.27852506117215], [114.16720378393111, 22.27810695117524]]]}}, {"type": "Feature", "properties": {"area_id": 40002443, "parent_id": 40002443, "name": "(Cap. 448G RFZ) OSNS of the CPG of the PRC in the HKSAR (the North Point Office Accommodation)", "kind": "polygon", "radius_m": 33, "lat": 22.290271802528743, "lng": 114.19420505426301}, "geometry": {"type": "Polygon", "coordinates": [[[114.193927063827, 22.290295563565724], [114.19401791198402, 22.29003127900198], [114.19414794031098, 22.289995052365587], [114.19448304469901, 22.29036807144769], [114.194294190164, 22.2905485526919], [114.194077625893, 22.290464136786994], [114.193927063827, 22.290295563565724]]]}}, {"type": "Feature", "properties": {"area_id": 40002482, "parent_id": 40002482, "name": "(Cap. 448G RFZ) Shek Kong Village", "kind": "polygon", "radius_m": 335, "lat": 22.423902410477496, "lng": 114.1096006996375}, "geometry": {"type": "Polygon", "coordinates": [[[114.10692592625598, 22.4246796908688], [114.107473117898, 22.423360421100284], [114.10761222136598, 22.423181839928706], [114.10864383109097, 22.42203986038681], [114.109657225676, 22.4211926302808], [114.112275473019, 22.423854663714515], [114.10898407040898, 22.426397902286197], [114.10818223195402, 22.426612190674195], [114.10692592625598, 22.4246796908688]]]}}, {"type": "Feature", "properties": {"area_id": 40002470, "parent_id": 40002470, "name": "(Cap. 448G RFZ) Western Barracks", "kind": "polygon", "radius_m": 31, "lat": 22.283819508872355, "lng": 114.14033141418301}, "geometry": {"type": "Polygon", "coordinates": [[[114.14012222607002, 22.283700475740194], [114.14054060229601, 22.283625019519214], [114.140477691375, 22.283862447867282], [114.14035397442001, 22.2840011757856], [114.14018885594801, 22.2840139982255], [114.14012222607002, 22.283700475740194]]]}}, {"type": "Feature", "properties": {"area_id": 40002440, "parent_id": 40002440, "name": "(Cap. 448G RFZ) Justice Place", "kind": "polygon", "radius_m": 144, "lat": 22.27916280964561, "lng": 114.158613153436}, "geometry": {"type": "Polygon", "coordinates": [[[114.157525827317, 22.279833514343185], [114.15883631324701, 22.278612823638497], [114.159549682463, 22.278215286567], [114.159700479555, 22.278343843764404], [114.159447110806, 22.2795810432746], [114.15866324468897, 22.279914470680076], [114.157913224759, 22.280110332724217], [114.157525827317, 22.279833514343185]]]}}, {"type": "Feature", "properties": {"area_id": 40042629, "parent_id": 40042629, "name": "(Cap. 448G RFZ) Explosive Ordnance Disposal Depot", "kind": "polygon", "radius_m": 480, "lat": 22.270937, "lng": 114.203055}, "geometry": {"type": "Polygon", "coordinates": [[[114.2068, 22.272093], [114.20627, 22.273997], [114.203436, 22.274633], [114.200151, 22.273427], [114.200125, 22.271406], [114.201149, 22.270699], [114.201161, 22.269914], [114.200623, 22.269489], [114.199474, 22.270057], [114.198806, 22.269663], [114.200206, 22.268637], [114.200041, 22.268375], [114.202821, 22.267241], [114.204789, 22.267608], [114.205492, 22.268802], [114.206921, 22.268532], [114.207304, 22.270281], [114.206791, 22.270338], [114.207238, 22.270519], [114.2068, 22.272093]]]}}, {"type": "Feature", "properties": {"area_id": 10688, "parent_id": 10688, "name": "Lai Chi Kok Reception Centre", "kind": "circle", "radius_m": 165, "lat": 22.337989, "lng": 114.143261}, "geometry": {"type": "Polygon", "coordinates": [[[114.143261, 22.339471213438735], [114.14347016375912, 22.339458532897293], [114.14367574866834, 22.339420708240546], [114.14387423711285, 22.339358386658862], [114.14406223290034, 22.339272634491774], [114.14423651937076, 22.339164918982647], [114.14439411443428, 22.339037083173697], [114.14453232159568, 22.33889131437106], [114.14464877609208, 22.338730106719368], [114.1447414853548, 22.338556218526232], [114.14480886310263, 22.338372625066853], [114.14484975648361, 22.338182467676216], [114.14486346580068, 22.337989], [114.14484975648361, 22.337795532323785], [114.14480886310263, 22.337605374933148], [114.1447414853548, 22.33742178147377], [114.14464877609208, 22.337247893280633], [114.14453232159568, 22.33708668562894], [114.14439411443428, 22.336940916826304], [114.14423651937076, 22.336813081017354], [114.14406223290034, 22.336705365508227], [114.14387423711285, 22.33661961334114], [114.14367574866834, 22.336557291759455], [114.14347016375912, 22.336519467102708], [114.143261, 22.336506786561266], [114.14305183624087, 22.336519467102708], [114.14284625133165, 22.336557291759455], [114.14264776288714, 22.33661961334114], [114.14245976709965, 22.336705365508227], [114.14228548062923, 22.336813081017354], [114.14212788556571, 22.336940916826304], [114.14198967840431, 22.33708668562894], [114.14187322390791, 22.337247893280633], [114.14178051464519, 22.33742178147377], [114.14171313689737, 22.337605374933148], [114.14167224351638, 22.337795532323785], [114.14165853419931, 22.337989], [114.14167224351638, 22.338182467676216], [114.14171313689737, 22.338372625066853], [114.14178051464519, 22.338556218526232], [114.14187322390791, 22.338730106719368], [114.14198967840431, 22.33889131437106], [114.14212788556571, 22.339037083173697], [114.14228548062923, 22.339164918982647], [114.14245976709965, 22.339272634491774], [114.14264776288714, 22.339358386658862], [114.14284625133165, 22.339420708240546], [114.14305183624087, 22.339458532897293], [114.143261, 22.339471213438735]]]}}, {"type": "Feature", "properties": {"area_id": 40002460, "parent_id": 40002460, "name": "(Cap. 448G RFZ) San Tin Barracks", "kind": "polygon", "radius_m": 49, "lat": 22.484866643091628, "lng": 114.07693798317851}, "geometry": {"type": "Polygon", "coordinates": [[[114.076506521108, 22.48486802820928], [114.07661438144699, 22.484602791177], [114.076694926777, 22.484592745246484], [114.077219715885, 22.484797762492008], [114.077369445249, 22.48495688933041], [114.07736617773598, 22.48505143018488], [114.07716535398902, 22.485140540936776], [114.076506521108, 22.48486802820928]]]}}, {"type": "Feature", "properties": {"area_id": 40002445, "parent_id": 40002445, "name": "(Cap. 448G RFZ) OSNS of the CPG of the PRC in the HKSAR (the Office under Construction)", "kind": "polygon", "radius_m": 81, "lat": 22.322463555994446, "lng": 114.15456494723102}, "geometry": {"type": "Polygon", "coordinates": [[[114.15416007093002, 22.322296501127795], [114.15446399047802, 22.321803186804896], [114.15496982353201, 22.3220724459774], [114.154900803781, 22.323123925184], [114.15416007093002, 22.322296501127795]]]}}, {"type": "Feature", "properties": {"area_id": 40002463, "parent_id": 40002463, "name": "(Cap. 448G RFZ) San Tin Barracks", "kind": "polygon", "radius_m": 329, "lat": 22.49020869391815, "lng": 114.08062424739552}, "geometry": {"type": "Polygon", "coordinates": [[[114.07850077279501, 22.48920528399889], [114.08274772199601, 22.488001150467394], [114.082520338621, 22.49201698526159], [114.08139554120999, 22.492401860323596], [114.08101620937099, 22.492416237368904], [114.080343336339, 22.492065853986702], [114.07850077279501, 22.48920528399889]]]}}, {"type": "Feature", "properties": {"area_id": 40042616, "parent_id": 40042616, "name": "New Territories South Regional Police Headquarters", "kind": "polygon", "radius_m": 72, "lat": 22.371198638194166, "lng": 114.12271930869201}, "geometry": {"type": "Polygon", "coordinates": [[[114.1233245680966, 22.370894038377102], [114.123308431583, 22.3712222947608], [114.1232554915355, 22.371561418936835], [114.1230006678594, 22.37139900150723], [114.12295832977568, 22.371359903269635], [114.1228906758433, 22.371353911552276], [114.1227582251385, 22.371435927812016], [114.12272054488331, 22.3714794875425], [114.1227684304524, 22.371509914770556], [114.12271861019802, 22.371573823460594], [114.1225020791006, 22.371430504981916], [114.12239074300359, 22.371346528758636], [114.1222728603434, 22.371243938321356], [114.12211404928742, 22.3710740384264], [114.12226773617199, 22.371013378033595], [114.1225039694746, 22.370937799690424], [114.1227190778148, 22.37088652684679], [114.1229101420398, 22.37085356324343], [114.12328335677199, 22.370823452927738], [114.1233245680966, 22.370894038377102]]]}}, {"type": "Feature", "properties": {"area_id": 40002496, "parent_id": 40002496, "name": "GFS HKCEC Heliport", "kind": "polygon", "radius_m": 50, "lat": 22.284765, "lng": 114.174385}, "geometry": {"type": "Polygon", "coordinates": [[[114.17411, 22.28513], [114.17435, 22.28435], [114.17466, 22.28439], [114.1744, 22.28518], [114.17411, 22.28513]]]}}, {"type": "Feature", "properties": {"area_id": 40002455, "parent_id": 40002455, "name": "(Cap. 448G RFZ) Ching Yi To Barracks", "kind": "polygon", "radius_m": 126, "lat": 22.276887695974608, "lng": 114.166573949905}, "geometry": {"type": "Polygon", "coordinates": [[[114.16547856239302, 22.27638244005149], [114.16565740438098, 22.276184229857325], [114.16597389043, 22.276009002672897], [114.16617686549598, 22.27602756505099], [114.166924324071, 22.27630706557631], [114.167669337417, 22.2773784865486], [114.16738740222699, 22.277710689615517], [114.167210831301, 22.277766389276316], [114.16547856239302, 22.27638244005149]]]}}, {"type": "Feature", "properties": {"area_id": 40002447, "parent_id": 40002447, "name": "(Cap. 448G RFZ) OCMFA of the PRC in the HKSAR (1)", "kind": "polygon", "radius_m": 47, "lat": 22.275682655883035, "lng": 114.16140970993462}, "geometry": {"type": "Polygon", "coordinates": [[[114.16100824452391, 22.275531072280067], [114.1612902953692, 22.275390546583747], [114.1614258439253, 22.27540301275203], [114.1618111753453, 22.27568547316168], [114.16176746446851, 22.275948865863835], [114.16166435794172, 22.275974765182323], [114.16104391286001, 22.275787546001848], [114.16100824452391, 22.275531072280067]]]}}, {"type": "Feature", "properties": {"area_id": 40002456, "parent_id": 40002456, "name": "(Cap. 448G RFZ) Central Barracks", "kind": "polygon", "radius_m": 134, "lat": 22.281755471485745, "lng": 114.16355755167751}, "geometry": {"type": "Polygon", "coordinates": [[[114.162436107927, 22.281901268437796], [114.162780893177, 22.281561688924405], [114.16420939075199, 22.280829296070884], [114.16431289750102, 22.280909450081978], [114.16467899542802, 22.2821248660698], [114.164367047888, 22.282266343456207], [114.16273144032502, 22.282681646900603], [114.16265169562598, 22.28262342216299], [114.162436107927, 22.281901268437796]]]}}, {"type": "Feature", "properties": {"area_id": 40002458, "parent_id": 40002458, "name": "(Cap. 448G RFZ) Kowloon East Barracks", "kind": "polygon", "radius_m": 254, "lat": 22.337032045413743, "lng": 114.18038064413349}, "geometry": {"type": "Polygon", "coordinates": [[[114.17909740696301, 22.335159464283088], [114.18131568005398, 22.3350507170248], [114.18166388130399, 22.338982964296004], [114.179473035971, 22.33901337380269], [114.179360688983, 22.338947227553085], [114.17909740696301, 22.335159464283088]]]}}, {"type": "Feature", "properties": {"area_id": 40042599, "parent_id": 40042599, "name": "(Cap. 448G RFZ) Police Officers' Club", "kind": "polygon", "radius_m": 101, "lat": 22.2828265, "lng": 114.1825535}, "geometry": {"type": "Polygon", "coordinates": [[[114.182884, 22.282184], [114.183069, 22.282235], [114.182945, 22.282525], [114.183134, 22.283553], [114.183022, 22.283586], [114.182864, 22.283341], [114.182676, 22.283114], [114.182423, 22.28287], [114.182418, 22.282833], [114.182309, 22.282772], [114.18206, 22.282537], [114.181991, 22.282426], [114.181973, 22.282343], [114.181988, 22.282216], [114.182062, 22.282117], [114.18213, 22.282067], [114.18215, 22.282135], [114.182359, 22.282082], [114.182445, 22.282075], [114.182884, 22.282184]]]}}, {"type": "Feature", "properties": {"area_id": 40002448, "parent_id": 40002448, "name": "(Cap. 448G RFZ) OCMFA of the PRC in the HKSAR (2)", "kind": "polygon", "radius_m": 40, "lat": 22.275672510274795, "lng": 114.16313341584751}, "geometry": {"type": "Polygon", "coordinates": [[[114.16283348855602, 22.275902378748295], [114.16285689319598, 22.2755494433818], [114.16324779800401, 22.275343085709814], [114.16343334313902, 22.27558805730848], [114.163103707377, 22.27600193483978], [114.16283348855602, 22.275902378748295]]]}}, {"type": "Feature", "properties": {"area_id": 40002441, "parent_id": 40002441, "name": "(Cap. 448G RFZ) Liaison Office of the Central People’s Government in the HKSAR (LOCPG)", "kind": "polygon", "radius_m": 35, "lat": 22.288100737555332, "lng": 114.13978878117486}, "geometry": {"type": "Polygon", "coordinates": [[[114.1395374455683, 22.288302921959616], [114.1396892174656, 22.28780226714756], [114.14004011678142, 22.28789573819356], [114.13988344194911, 22.288399207963106], [114.1395374455683, 22.288302921959616]]]}}, {"type": "Feature", "properties": {"area_id": 40002439, "parent_id": 40002439, "name": "(Cap. 448G RFZ) Justice Place", "kind": "polygon", "radius_m": 30, "lat": 22.279448655172153, "lng": 114.159700079337}, "geometry": {"type": "Polygon", "coordinates": [[[114.15947538483, 22.279613984648392], [114.15948269041401, 22.279377706001302], [114.159715006738, 22.27920802237561], [114.15992477384398, 22.279501934737695], [114.15970068443998, 22.279689287968697], [114.15947538483, 22.279613984648392]]]}}, {"type": "Feature", "properties": {"area_id": 40002475, "parent_id": 40002475, "name": "(Cap. 448G RFZ) Shek Kong Village", "kind": "polygon", "radius_m": 67, "lat": 22.42680831041359, "lng": 114.10843098681602}, "geometry": {"type": "Polygon", "coordinates": [[[114.107867268806, 22.42684095183], [114.10899470482602, 22.426501432068683], [114.10889840213999, 22.426761405930016], [114.10848246000297, 22.4271151887585], [114.10788742540699, 22.42689740087289], [114.107867268806, 22.42684095183]]]}}, {"type": "Feature", "properties": {"area_id": 40002472, "parent_id": 40002472, "name": "(Cap. 448G RFZ) Headquarters House", "kind": "polygon", "radius_m": 67, "lat": 22.270675330617756, "lng": 114.16063844980502}, "geometry": {"type": "Polygon", "coordinates": [[[114.16005180885702, 22.270791007560497], [114.16042379517101, 22.270309856489703], [114.161225090753, 22.270674222758906], [114.161184128543, 22.271003674919186], [114.160954696045, 22.27104080474581], [114.16005180885702, 22.270791007560497]]]}}, {"type": "Feature", "properties": {"area_id": 40002467, "parent_id": 40002467, "name": "(Cap. 448G RFZ) Tam Mei Barracks", "kind": "polygon", "radius_m": 254, "lat": 22.478706144826944, "lng": 114.0705904423475}, "geometry": {"type": "Polygon", "coordinates": [[[114.069038309203, 22.476930081069387], [114.07094149718, 22.477194170406296], [114.07148576166502, 22.477370726435797], [114.07205089797898, 22.477954831048486], [114.072142575492, 22.47820319969659], [114.071693086173, 22.4804822085845], [114.069038309203, 22.476930081069387]]]}}, {"type": "Feature", "properties": {"area_id": 40002461, "parent_id": 40002461, "name": "(Cap. 448G RFZ) San Tin Barracks", "kind": "polygon", "radius_m": 100, "lat": 22.485182987676495, "lng": 114.0761872691585}, "geometry": {"type": "Polygon", "coordinates": [[[114.07521729018099, 22.485289807212105], [114.07553760169797, 22.48464352250179], [114.077157248136, 22.48525117638341], [114.07688670927502, 22.485635983823492], [114.07634824350401, 22.4857224528512], [114.07535162778498, 22.485405489985286], [114.07521729018099, 22.485289807212105]]]}}, {"type": "Feature", "properties": {"area_id": 40002478, "parent_id": 40002478, "name": "(Cap. 448G RFZ) Shek Kong Village", "kind": "polygon", "radius_m": 189, "lat": 22.422155692428348, "lng": 114.11247261455449}, "geometry": {"type": "Polygon", "coordinates": [[[114.11154073891102, 22.421415525117162], [114.11287147895601, 22.420662057763785], [114.11304011220298, 22.420629597561085], [114.11322088625899, 22.4206959733169], [114.11340449019798, 22.422476671284194], [114.113287364986, 22.423681787295607], [114.11154073891102, 22.421415525117162]]]}}, {"type": "Feature", "properties": {"area_id": 40002462, "parent_id": 40002462, "name": "(Cap. 448G RFZ) San Tin Barracks", "kind": "polygon", "radius_m": 432, "lat": 22.485835828293645, "lng": 114.0805829018205}, "geometry": {"type": "Polygon", "coordinates": [[[114.078418081645, 22.4887969061169], [114.07868461104198, 22.48318598491962], [114.078699457902, 22.483105018339906], [114.07937325773099, 22.4824663725884], [114.080558343363, 22.482741329018292], [114.08250165981902, 22.4861528903787], [114.08274772199601, 22.488001150467394], [114.07850077279501, 22.48920528399889], [114.078418081645, 22.4887969061169]]]}}, {"type": "Feature", "properties": {"area_id": 40002473, "parent_id": 40002473, "name": "(Cap. 448G RFZ) Shek Kong Village", "kind": "polygon", "radius_m": 202, "lat": 22.428036680552648, "lng": 114.10688379947649}, "geometry": {"type": "Polygon", "coordinates": [[[114.105502549586, 22.42674183588671], [114.10651735446997, 22.42659444302199], [114.10808760858, 22.426936284708397], [114.10826504936698, 22.427104648357194], [114.108234057724, 22.427314105973494], [114.10651486220503, 22.429478918083305], [114.105502549586, 22.42674183588671]]]}}, {"type": "Feature", "properties": {"area_id": 40002454, "parent_id": 40002454, "name": "(Cap. 448G RFZ) Chek Chue Barracks", "kind": "polygon", "radius_m": 755, "lat": 22.19897795820039, "lng": 114.21602724616453}, "geometry": {"type": "Polygon", "coordinates": [[[114.21094528208903, 22.200480794720498], [114.211155189133, 22.19720508017767], [114.211323130341, 22.196407423592987], [114.21309315260798, 22.194734764447716], [114.21391510107, 22.1941391199643], [114.214158317743, 22.194093992005293], [114.21870398377101, 22.194755299641574], [114.22110921024003, 22.20386192439549], [114.21094528208903, 22.200480794720498]]]}}, {"type": "Feature", "properties": {"area_id": 40002457, "parent_id": 40002457, "name": "(Cap. 448G RFZ) Gun Club Hill Barracks", "kind": "polygon", "radius_m": 207, "lat": 22.3051099867015, "lng": 114.17454461806352}, "geometry": {"type": "Polygon", "coordinates": [[[114.17353752950801, 22.306368814687303], [114.17386021995898, 22.30559547565419], [114.17555170661902, 22.303499601363498], [114.17497910599302, 22.3067203720395], [114.17437510012502, 22.306705219695502], [114.173962422491, 22.3065944254211], [114.17353752950801, 22.306368814687303]]]}}, {"type": "Feature", "properties": {"area_id": 40002451, "parent_id": 40002451, "name": "(Cap. 448G RFZ) Central Military Dock", "kind": "polygon", "radius_m": 76, "lat": 22.283779051144656, "lng": 114.16444988142885}, "geometry": {"type": "Polygon", "coordinates": [[[114.1637320038, 22.283943714579948], [114.16509265299622, 22.283439466762964], [114.16516775905768, 22.283613552997977], [114.16381416671712, 22.28411863552635], [114.1637320038, 22.283943714579948]]]}}, {"type": "Feature", "properties": {"area_id": 40002465, "parent_id": 40002465, "name": "(Cap. 448G RFZ) Shek Kong Barracks", "kind": "polygon", "radius_m": 1024, "lat": 22.437111711897447, "lng": 114.07989810094901}, "geometry": {"type": "Polygon", "coordinates": [[[114.07059569952399, 22.439808195713912], [114.075395807407, 22.434524079078606], [114.07816948231701, 22.432869945818403], [114.08829040961498, 22.432763581548993], [114.088920105018, 22.433231414438417], [114.08920050237401, 22.4339011663942], [114.088601115656, 22.435668064558502], [114.08291266616999, 22.4414598422459], [114.07059569952399, 22.439808195713912]]]}}, {"type": "Feature", "properties": {"area_id": 10706, "parent_id": 10706, "name": "Shek Kong Barracks", "kind": "circle", "radius_m": 989, "lat": 22.43727, "lng": 114.0804}, "geometry": {"type": "Polygon", "coordinates": [[[114.0804, 22.446154297520664], [114.08165461007046, 22.446078291123776], [114.08288775341478, 22.445851572423646], [114.08407833060843, 22.44547802064008], [114.08520597054554, 22.444964027347673], [114.08625137899416, 22.44431838711416], [114.08719666872588, 22.443552147022938], [114.08802566557131, 22.442678417654417], [114.08872418516457, 22.44171214876033], [114.08928027564177, 22.44066987346936], [114.08968442214066, 22.439569425400705], [114.0899297096026, 22.438429633525924], [114.0900119410911, 22.43727], [114.0899297096026, 22.43611036647408], [114.08968442214066, 22.434970574599298], [114.08928027564177, 22.433870126530643], [114.08872418516457, 22.432827851239672], [114.08802566557131, 22.431861582345586], [114.08719666872588, 22.430987852977065], [114.08625137899416, 22.430221612885845], [114.08520597054554, 22.42957597265233], [114.08407833060843, 22.429061979359922], [114.08288775341478, 22.428688427576358], [114.08165461007046, 22.428461708876227], [114.0804, 22.42838570247934], [114.07914538992954, 22.428461708876227], [114.07791224658521, 22.428688427576358], [114.07672166939156, 22.429061979359922], [114.07559402945445, 22.42957597265233], [114.07454862100583, 22.430221612885845], [114.07360333127411, 22.430987852977065], [114.07277433442869, 22.431861582345586], [114.07207581483543, 22.432827851239672], [114.07151972435823, 22.433870126530643], [114.07111557785933, 22.434970574599298], [114.0708702903974, 22.43611036647408], [114.07078805890889, 22.43727], [114.0708702903974, 22.438429633525924], [114.07111557785933, 22.439569425400705], [114.07151972435823, 22.44066987346936], [114.07207581483543, 22.44171214876033], [114.07277433442869, 22.442678417654417], [114.07360333127411, 22.443552147022938], [114.07454862100583, 22.44431838711416], [114.07559402945445, 22.444964027347673], [114.07672166939156, 22.44547802064008], [114.07791224658521, 22.445851572423646], [114.07914538992954, 22.446078291123776], [114.0804, 22.446154297520664]]]}}, {"type": "Feature", "properties": {"area_id": 40002474, "parent_id": 40002474, "name": "(Cap. 448G RFZ) Shek Kong Village", "kind": "polygon", "radius_m": 711, "lat": 22.426430309137572, "lng": 114.108921432535}, "geometry": {"type": "Polygon", "coordinates": [[[114.10455550008402, 22.431276115460204], [114.10470785211501, 22.430980899111702], [114.11154073891102, 22.421415525117162], [114.113287364986, 22.423681787295607], [114.11006927518399, 22.42811187712187], [114.105824245729, 22.430966352690202], [114.10479613510302, 22.431442025015794], [114.104649601819, 22.431445093157983], [114.10455550008402, 22.431276115460204]]]}}, {"type": "Feature", "properties": {"area_id": 40042612, "parent_id": 40042612, "name": "(Cap. 448G RFZ) Hong Kong Police College", "kind": "polygon", "radius_m": 314, "lat": 22.246377, "lng": 114.171459}, "geometry": {"type": "Polygon", "coordinates": [[[114.170366, 22.248365], [114.169696, 22.24828], [114.169428, 22.24789], [114.16929, 22.247607], [114.169218, 22.247363], [114.169117, 22.246574], [114.16907, 22.246578], [114.169131, 22.246168], [114.169077, 22.245915], [114.169142, 22.245242], [114.170058, 22.244681], [114.171984, 22.244694], [114.173199, 22.244864], [114.173594, 22.244369], [114.173848, 22.245643], [114.173702, 22.245887], [114.173634, 22.247888], [114.172238, 22.248281], [114.170939, 22.248385], [114.170366, 22.248365]]]}}, {"type": "Feature", "properties": {"area_id": 40032530, "parent_id": 40032530, "name": "(Cap. 448G RFZ) Police Tactical Unit Headquarters", "kind": "polygon", "radius_m": 248, "lat": 22.4892335, "lng": 114.1320575}, "geometry": {"type": "Polygon", "coordinates": [[[114.133094, 22.490659], [114.133101, 22.490811], [114.132896, 22.490577], [114.132315, 22.490371], [114.131047, 22.490282], [114.130644, 22.49008], [114.130129, 22.489126], [114.129969, 22.48908], [114.129943, 22.488575], [114.130443, 22.487898], [114.130836, 22.487656], [114.131487, 22.488231], [114.132698, 22.488452], [114.133592, 22.489107], [114.133785, 22.489419], [114.133731, 22.489781], [114.134082, 22.490026], [114.134172, 22.490306], [114.133694, 22.490711], [114.133094, 22.490659]]]}}, {"type": "Feature", "properties": {"area_id": 40002479, "parent_id": 40002479, "name": "(Cap. 448G RFZ) Shek Kong Village", "kind": "polygon", "radius_m": 33, "lat": 22.418020701168487, "lng": 114.115952658261}, "geometry": {"type": "Polygon", "coordinates": [[[114.115650728314, 22.41805783183112], [114.116204446298, 22.41787737675359], [114.11625458820801, 22.417934251470214], [114.11614108174, 22.418164025583387], [114.11567915071902, 22.418140317972803], [114.115650728314, 22.41805783183112]]]}}, {"type": "Feature", "properties": {"area_id": 40042630, "parent_id": 40042630, "name": "(Cap. 448G RFZ) Police Driving and Traffic Training Centre", "kind": "polygon", "radius_m": 272, "lat": 22.499035499999998, "lng": 114.139027}, "geometry": {"type": "Polygon", "coordinates": [[[114.139314, 22.501416], [114.139663, 22.501408], [114.138461, 22.501014], [114.138894, 22.500812], [114.139031, 22.500217], [114.139894, 22.500384], [114.140184, 22.499812], [114.13921, 22.499372], [114.139287, 22.498549], [114.139815, 22.497951], [114.139497, 22.497566], [114.139707, 22.496986], [114.139241, 22.496655], [114.13787, 22.498458], [114.138711, 22.499184], [114.138571, 22.500089], [114.138191, 22.500054], [114.138049, 22.500881], [114.139314, 22.501416]]]}}, {"type": "Feature", "properties": {"area_id": 33377, "parent_id": 33377, "name": "大亚湾核电站", "kind": "circle", "radius_m": 1000, "lat": 22.598333, "lng": 114.5416667}, "geometry": {"type": "Polygon", "coordinates": [[[114.5416667, 22.60731611174991], [114.54293674353882, 22.607239259983594], [114.54418505628058, 22.60701001963968], [114.54539027924817, 22.606632313084003], [114.54653179074243, 22.606112602980456], [114.54759005918524, 22.605459781713], [114.54854697731012, 22.60468501923452], [114.54938617198266, 22.60380157194582], [114.55009328434933, 22.602824555874957], [114.55065621552149, 22.601770688037774], [114.55106533359071, 22.60065800040516], [114.55131363843341, 22.599505531371005], [114.55139688148486, 22.598333], [114.55131363843341, 22.597160468628996], [114.55106533359071, 22.59600799959484], [114.55065621552149, 22.594895311962226], [114.55009328434933, 22.593841444125044], [114.54938617198266, 22.59286442805418], [114.54854697731012, 22.59198098076548], [114.54759005918524, 22.591206218287], [114.54653179074243, 22.590553397019544], [114.54539027924817, 22.590033686915998], [114.54418505628058, 22.58965598036032], [114.54293674353882, 22.589426740016407], [114.5416667, 22.58934988825009], [114.54039665646117, 22.589426740016407], [114.5391483437194, 22.58965598036032], [114.53794312075182, 22.590033686915998], [114.53680160925755, 22.590553397019544], [114.53574334081475, 22.591206218287], [114.53478642268986, 22.59198098076548], [114.53394722801733, 22.59286442805418], [114.53324011565066, 22.593841444125044], [114.5326771844785, 22.594895311962226], [114.53226806640927, 22.59600799959484], [114.53201976156657, 22.597160468628996], [114.53193651851512, 22.598333], [114.53201976156657, 22.599505531371005], [114.53226806640927, 22.60065800040516], [114.5326771844785, 22.601770688037774], [114.53324011565066, 22.602824555874957], [114.53394722801733, 22.60380157194582], [114.53478642268986, 22.60468501923452], [114.53574334081475, 22.605459781713], [114.53680160925755, 22.606112602980456], [114.53794312075182, 22.606632313084003], [114.5391483437194, 22.60701001963968], [114.54039665646117, 22.607239259983594], [114.5416667, 22.60731611174991]]]}}, {"type": "Feature", "properties": {"area_id": 40000065, "parent_id": 40000065, "name": "岭澳核电站", "kind": "circle", "radius_m": 1000, "lat": 22.60684022, "lng": 114.55118179}, "geometry": {"type": "Polygon", "coordinates": [[[114.55118179, 22.615823331749908], [114.55245191204736, 22.615746479983592], [114.55370030195434, 22.61551723963968], [114.55490559942352, 22.615139533084], [114.55604718148102, 22.614619822980455], [114.55710551534135, 22.613967001713], [114.55806249261872, 22.613192239234518], [114.55890173916659, 22.612308791945818], [114.55960889524385, 22.611331775874955], [114.56017186121395, 22.610277908037773], [114.56058100457307, 22.60916522040516], [114.56082932476487, 22.608012751371003], [114.56091257296205, 22.60684022], [114.56082932476487, 22.605667688628994], [114.56058100457307, 22.604515219594838], [114.56017186121395, 22.603402531962224], [114.55960889524385, 22.602348664125042], [114.55890173916659, 22.60137164805418], [114.55806249261872, 22.60048820076548], [114.55710551534135, 22.599713438286997], [114.55604718148102, 22.599060617019543], [114.55490559942352, 22.598540906915996], [114.55370030195434, 22.598163200360318], [114.55245191204736, 22.597933960016405], [114.55118179, 22.59785710825009], [114.54991166795264, 22.597933960016405], [114.54866327804567, 22.598163200360318], [114.54745798057648, 22.598540906915996], [114.54631639851898, 22.599060617019543], [114.54525806465865, 22.599713438286997], [114.54430108738129, 22.60048820076548], [114.54346184083342, 22.60137164805418], [114.54275468475615, 22.602348664125042], [114.54219171878606, 22.603402531962224], [114.54178257542694, 22.604515219594838], [114.54153425523513, 22.605667688628994], [114.54145100703795, 22.60684022], [114.54153425523513, 22.608012751371003], [114.54178257542694, 22.60916522040516], [114.54219171878606, 22.610277908037773], [114.54275468475615, 22.611331775874955], [114.54346184083342, 22.612308791945818], [114.54430108738129, 22.613192239234518], [114.54525806465865, 22.613967001713], [114.54631639851898, 22.614619822980455], [114.54745798057648, 22.615139533084], [114.54866327804567, 22.61551723963968], [114.54991166795264, 22.615746479983592], [114.55118179, 22.615823331749908]]]}}, {"type": "Feature", "properties": {"area_id": 40002452, "parent_id": 40002452, "name": "(Cap. 448G RFZ) Chek Chue Barracks", "kind": "polygon", "radius_m": 578, "lat": 22.199308612018534, "lng": 114.2214005457035}, "geometry": {"type": "Polygon", "coordinates": [[[114.21870398377101, 22.194755299641574], [114.22172669442199, 22.195331503733303], [114.22299801816199, 22.19581199845589], [114.223197807037, 22.195995256457497], [114.22390504770202, 22.19708545979869], [114.224097107636, 22.197926101661086], [114.22408693769299, 22.198398149726895], [114.22326403451301, 22.200605838920577], [114.22110921024003, 22.20386192439549], [114.21870398377101, 22.194755299641574]]]}}, {"type": "Feature", "properties": {"area_id": 10685, "parent_id": 10685, "name": "Stanley Prison", "kind": "circle", "radius_m": 238, "lat": 22.211643, "lng": 114.218953}, "geometry": {"type": "Polygon", "coordinates": [[[114.218953, 22.21378098059648], [114.21925443048136, 22.213762689876095], [114.2195507034036, 22.21370813067424], [114.2198367494549, 22.21361823651399], [114.220107674308, 22.21349454550935], [114.22035884236355, 22.213339174047693], [114.2205859560665, 22.213154780577813], [114.22078512943841, 22.212944520123102], [114.22095295456765, 22.21271199029824], [114.22108655991975, 22.212461169752988], [114.2211836594701, 22.212196350096427], [114.22124259181847, 22.211922062466297], [114.22126234861601, 22.211643], [114.22124259181847, 22.2113639375337], [114.2211836594701, 22.21108964990357], [114.22108655991975, 22.21082483024701], [114.22095295456765, 22.21057400970176], [114.22078512943841, 22.210341479876895], [114.2205859560665, 22.210131219422184], [114.22035884236355, 22.209946825952304], [114.220107674308, 22.20979145449065], [114.2198367494549, 22.209667763486006], [114.2195507034036, 22.209577869325756], [114.21925443048136, 22.209523310123902], [114.218953, 22.20950501940352], [114.21865156951864, 22.209523310123902], [114.2183552965964, 22.209577869325756], [114.2180692505451, 22.209667763486006], [114.217798325692, 22.20979145449065], [114.21754715763645, 22.209946825952304], [114.2173200439335, 22.210131219422184], [114.21712087056159, 22.210341479876895], [114.21695304543235, 22.21057400970176], [114.21681944008024, 22.21082483024701], [114.2167223405299, 22.21108964990357], [114.21666340818153, 22.2113639375337], [114.21664365138399, 22.211643], [114.21666340818153, 22.211922062466297], [114.2167223405299, 22.212196350096427], [114.21681944008024, 22.212461169752988], [114.21695304543235, 22.21271199029824], [114.21712087056159, 22.212944520123102], [114.2173200439335, 22.213154780577813], [114.21754715763645, 22.213339174047693], [114.217798325692, 22.21349454550935], [114.2180692505451, 22.21361823651399], [114.2183552965964, 22.21370813067424], [114.21865156951864, 22.213762689876095], [114.218953, 22.21378098059648]]]}}, {"type": "Feature", "properties": {"area_id": 40002435, "parent_id": 40002435, "name": "(Cap. 448G RFZ) Government House", "kind": "polygon", "radius_m": 111, "lat": 22.278557371121693, "lng": 114.15734637346151}, "geometry": {"type": "Polygon", "coordinates": [[[114.156434700403, 22.278890060354996], [114.15651943775401, 22.278617548865206], [114.157508087757, 22.27776447452932], [114.15775350564398, 22.277725218450875], [114.158005499966, 22.277897601234493], [114.15825804652002, 22.278529392191704], [114.15793940294, 22.279389523792513], [114.15664485954001, 22.27930853480111], [114.15643767879801, 22.27909415406839], [114.156434700403, 22.278890060354996]]]}}, {"type": "Feature", "properties": {"area_id": 40002444, "parent_id": 40002444, "name": "(Cap. 448G RFZ) OSNS of the CPG of the PRC in the HKSAR (the Office under Construction)", "kind": "polygon", "radius_m": 66, "lat": 22.32299929497521, "lng": 114.155867874975}, "geometry": {"type": "Polygon", "coordinates": [[[114.155350624319, 22.32334548499928], [114.155916363369, 22.322426416479118], [114.156385125631, 22.3226763653519], [114.15633420294301, 22.32283660313378], [114.15576978344401, 22.32357217347131], [114.155350624319, 22.32334548499928]]]}}, {"type": "Feature", "properties": {"area_id": 40002471, "parent_id": 40002471, "name": "(Cap. 448G RFZ) 1A, Cornwall Street", "kind": "polygon", "radius_m": 29, "lat": 22.339831330341596, "lng": 114.1769229136335}, "geometry": {"type": "Polygon", "coordinates": [[[114.17668019845001, 22.339968685309], [114.176769477456, 22.339693975374196], [114.177165628817, 22.339804313277995], [114.177164861296, 22.339944353967674], [114.17668019845001, 22.339968685309]]]}}, {"type": "Feature", "properties": {"area_id": 40002464, "parent_id": 40002464, "name": "(Cap. 448G RFZ) San Wai Barracks", "kind": "polygon", "radius_m": 274, "lat": 22.511687544861196, "lng": 114.152230983391}, "geometry": {"type": "Polygon", "coordinates": [[[114.14959655251299, 22.511600874534388], [114.15053716681001, 22.509819508384094], [114.152655552605, 22.50966799456761], [114.153331519615, 22.509858716991893], [114.154865414269, 22.511646506522702], [114.154456701615, 22.51234097671458], [114.153335670224, 22.51370709515478], [114.14967947931702, 22.51238927676859], [114.14959655251299, 22.511600874534388]]]}}, {"type": "Feature", "properties": {"area_id": 40042572, "parent_id": 40042572, "name": "(Cap. 448G RFZ) Police Driving and Traffic Training Centre", "kind": "polygon", "radius_m": 70, "lat": 22.4997525, "lng": 114.13796400000001}, "geometry": {"type": "Polygon", "coordinates": [[[114.138072, 22.500336], [114.138203, 22.499873], [114.138162, 22.499811], [114.138204, 22.499767], [114.138319, 22.499393], [114.138249, 22.499346], [114.138271, 22.499293], [114.138327, 22.499315], [114.138343, 22.49925], [114.138066, 22.499136], [114.137959, 22.499268], [114.137714, 22.499754], [114.137615, 22.500004], [114.137585, 22.500271], [114.137762, 22.500307], [114.137791, 22.500167], [114.137957, 22.500204], [114.137939, 22.500344], [114.138063, 22.500369], [114.138072, 22.500336]]]}}, {"type": "Feature", "properties": {"area_id": 40002434, "parent_id": 40002434, "name": "(Cap. 448G RFZ) Ngong Shuen Chau Barracks", "kind": "polygon", "radius_m": 856, "lat": 22.319738087366645, "lng": 114.14265668476898}, "geometry": {"type": "Polygon", "coordinates": [[[114.137121420058, 22.3254761713441], [114.14258333523499, 22.314000003389186], [114.14819194947998, 22.320833332472308], [114.148041674551, 22.32204361279317], [114.14717194589902, 22.3236019461624], [114.14588889621501, 22.324388893713586], [114.137121420058, 22.3254761713441]]]}}, {"type": "Feature", "properties": {"area_id": 40002450, "parent_id": 40002450, "name": "(Cap. 448G RFZ) Central Military Dock", "kind": "polygon", "radius_m": 180, "lat": 22.284683335553012, "lng": 114.16494166837751}, "geometry": {"type": "Polygon", "coordinates": [[[114.16323333526202, 22.284333337577404], [114.165866672978, 22.283350001379308], [114.165950003872, 22.283383339054897], [114.166650001493, 22.28501667382491], [114.16395000146001, 22.286016669726713], [114.16323333526202, 22.284333337577404]]]}}, {"type": "Feature", "properties": {"area_id": 40002442, "parent_id": 40002442, "name": "(Cap. 448G RFZ) OSNS of the CPG of the PRC in the HKSAR (the Causeway Bay Office Accommodation)", "kind": "polygon", "radius_m": 23, "lat": 22.28128979988019, "lng": 114.1921852898542}, "geometry": {"type": "Polygon", "coordinates": [[[114.19205950242008, 22.28143900893052], [114.19209820192052, 22.281114029711027], [114.19231107728832, 22.281192989692368], [114.19230553951869, 22.281465570049356], [114.19205950242008, 22.28143900893052]]]}}, {"type": "Feature", "properties": {"area_id": 40002468, "parent_id": 40002468, "name": "(Cap. 448G RFZ) Tam Mei Barracks", "kind": "polygon", "radius_m": 13, "lat": 22.481362245294434, "lng": 114.070401967683}, "geometry": {"type": "Polygon", "coordinates": [[[114.070284208007, 22.481394934655896], [114.07034439128503, 22.481261875314882], [114.070519727359, 22.48132693769369], [114.070458570498, 22.481462615273983], [114.070284208007, 22.481394934655896]]]}}, {"type": "Feature", "properties": {"area_id": 40042594, "parent_id": 40042594, "name": "New Territories North Regional Police Headquarters", "kind": "polygon", "radius_m": 75, "lat": 22.4517592328546, "lng": 114.17347524415835}, "geometry": {"type": "Polygon", "coordinates": [[[114.1736020338322, 22.45206744410835], [114.1736020345156, 22.45203800485146], [114.17283453567211, 22.4520379876314], [114.1728261803162, 22.451947319027227], [114.1728254788868, 22.451879614136033], [114.172831648168, 22.451806717810996], [114.1728449590288, 22.45173465156006], [114.17286530068831, 22.45166401680656], [114.1728925021334, 22.451595406844092], [114.1729236078588, 22.451534182974214], [114.17297386755561, 22.451451011958], [114.1732070307797, 22.451451017373927], [114.17324588968822, 22.451514231376535], [114.1735459903241, 22.45151423777922], [114.1735567745532, 22.451496177103905], [114.17388708922789, 22.451496183484025], [114.17402785792912, 22.451676794946152], [114.1741250094299, 22.45167679660929], [114.17412500182598, 22.452067453751198], [114.1736020338322, 22.45206744410835]]]}}, {"type": "Feature", "properties": {"area_id": 33332, "parent_id": 33332, "name": "Pik Uk Correctional Institution", "kind": "circle", "radius_m": 200, "lat": 22.339408, "lng": 114.245705}, "geometry": {"type": "Polygon", "coordinates": [[[114.245705, 22.34120462234998], [114.24595853440943, 22.341189251996717], [114.24620773077483, 22.341143403927934], [114.24644832527727, 22.3410678626168], [114.24667620127813, 22.34096392059609], [114.24688745975587, 22.3408333563426], [114.24707848601933, 22.3406784038469], [114.24724601155621, 22.340501714389163], [114.24738716995812, 22.34030631117499], [114.24749954596564, 22.340095537607553], [114.24758121679416, 22.33987300008103], [114.24763078503314, 22.3396425062742], [114.24764740255628, 22.339408], [114.24763078503314, 22.3391734937258], [114.24758121679416, 22.338942999918967], [114.24749954596564, 22.338720462392445], [114.24738716995812, 22.338509688825006], [114.24724601155621, 22.338314285610835], [114.24707848601933, 22.338137596153096], [114.24688745975587, 22.337982643657398], [114.24667620127813, 22.33785207940391], [114.24644832527727, 22.337748137383198], [114.24620773077483, 22.337672596072064], [114.24595853440943, 22.33762674800328], [114.245705, 22.337611377650017], [114.24545146559058, 22.33762674800328], [114.24520226922517, 22.337672596072064], [114.24496167472273, 22.337748137383198], [114.24473379872187, 22.33785207940391], [114.24452254024413, 22.337982643657398], [114.24433151398067, 22.338137596153096], [114.24416398844379, 22.338314285610835], [114.24402283004189, 22.338509688825006], [114.24391045403436, 22.338720462392445], [114.24382878320584, 22.338942999918967], [114.24377921496686, 22.3391734937258], [114.24376259744372, 22.339408], [114.24377921496686, 22.3396425062742], [114.24382878320584, 22.33987300008103], [114.24391045403436, 22.340095537607553], [114.24402283004189, 22.34030631117499], [114.24416398844379, 22.340501714389163], [114.24433151398067, 22.3406784038469], [114.24452254024413, 22.3408333563426], [114.24473379872187, 22.34096392059609], [114.24496167472273, 22.3410678626168], [114.24520226922517, 22.341143403927934], [114.24545146559058, 22.341189251996717], [114.245705, 22.34120462234998]]]}}, {"type": "Feature", "properties": {"area_id": 40002480, "parent_id": 40002480, "name": "(Cap. 448G RFZ) Shek Kong Village", "kind": "polygon", "radius_m": 365, "lat": 22.4212984599685, "lng": 114.11194140341252}, "geometry": {"type": "Polygon", "coordinates": [[[114.109657225676, 22.4211926302808], [114.111113913835, 22.420167150453192], [114.11380587993898, 22.418742256222487], [114.11422558114901, 22.41878758083089], [114.114122896943, 22.420344774871097], [114.112275473019, 22.423854663714515], [114.109657225676, 22.4211926302808]]]}}, {"type": "Feature", "properties": {"area_id": 40002494, "parent_id": 40002494, "name": "GFS Kai Tak Division", "kind": "polygon", "radius_m": 65, "lat": 22.3037675, "lng": 114.21576999999999}, "geometry": {"type": "Polygon", "coordinates": [[[114.21516, 22.30363], [114.21553, 22.30329], [114.2159, 22.303275], [114.21638, 22.30375], [114.21584, 22.30426], [114.21516, 22.30363]]]}}, {"type": "Feature", "properties": {"area_id": 40042619, "parent_id": 40042619, "name": "(Cap. 448G RFZ) Marine Police Regional Headquarters and Marine Police Harbour Divisional Headquarters", "kind": "polygon", "radius_m": 115, "lat": 22.285654, "lng": 114.225108}, "geometry": {"type": "Polygon", "coordinates": [[[114.225011, 22.28614], [114.225239, 22.286355], [114.225091, 22.286509], [114.224526, 22.286048], [114.224259, 22.286298], [114.224199, 22.286247], [114.224631, 22.285713], [114.22531, 22.285074], [114.225433, 22.284799], [114.225765, 22.285106], [114.225523, 22.285112], [114.226017, 22.285636], [114.225848, 22.285766], [114.225306, 22.285317], [114.225056, 22.285606], [114.225401, 22.285906], [114.225332, 22.285964], [114.225025, 22.285626], [114.224748, 22.28584], [114.225011, 22.28614]]]}}, {"type": "Feature", "properties": {"area_id": 40002477, "parent_id": 40002477, "name": "(Cap. 448G RFZ) Shek Kong Village", "kind": "polygon", "radius_m": 226, "lat": 22.428716389034612, "lng": 114.10518199952352}, "geometry": {"type": "Polygon", "coordinates": [[[114.10384913684202, 22.428741526643307], [114.10388182053002, 22.428578830445897], [114.10479277062097, 22.42736454199639], [114.105249446363, 22.426857331989076], [114.105502549586, 22.42674183588671], [114.10651486220503, 22.429478918083305], [114.104814133645, 22.430690942182515], [114.104654916726, 22.430690825951093], [114.10384913684202, 22.428741526643307]]]}}, {"type": "Feature", "properties": {"area_id": 40042585, "parent_id": 40042585, "name": "(Cap. 448G RFZ) Police Sports &amp;amp; Recreation Club", "kind": "polygon", "radius_m": 156, "lat": 22.327513, "lng": 114.169117}, "geometry": {"type": "Polygon", "coordinates": [[[114.169496, 22.328319], [114.169017, 22.328324], [114.168169, 22.328284], [114.168065, 22.328263], [114.167837, 22.328171], [114.168557, 22.326701], [114.168598, 22.326686], [114.169586, 22.326729], [114.169726, 22.32676], [114.170046, 22.326774], [114.170233, 22.326757], [114.170397, 22.32677], [114.170358, 22.327656], [114.170178, 22.32765], [114.170151, 22.328262], [114.170105, 22.32826], [114.170104, 22.328296], [114.169994, 22.328291], [114.169993, 22.32834], [114.169496, 22.328319]]]}}, {"type": "Feature", "properties": {"area_id": 40002481, "parent_id": 40002481, "name": "(Cap. 448G RFZ) Shek Kong Village", "kind": "polygon", "radius_m": 202, "lat": 22.428036680552648, "lng": 114.10688379947649}, "geometry": {"type": "Polygon", "coordinates": [[[114.105502549586, 22.42674183588671], [114.10651735446997, 22.42659444302199], [114.10808760858, 22.426936284708397], [114.10826504936698, 22.427104648357194], [114.108234057724, 22.427314105973494], [114.10651486220503, 22.429478918083305], [114.105502549586, 22.42674183588671]]]}}, {"type": "Feature", "properties": {"area_id": 40002469, "parent_id": 40002469, "name": "(Cap. 448G RFZ) Tam Mei Barracks", "kind": "polygon", "radius_m": 454, "lat": 22.47980833761374, "lng": 114.06813451285899}, "geometry": {"type": "Polygon", "coordinates": [[[114.064575939545, 22.478045206174198], [114.06462262632202, 22.477337805731704], [114.064933592203, 22.47717216940539], [114.06514882091201, 22.4771394118306], [114.069038309203, 22.476930081069387], [114.071693086173, 22.4804822085845], [114.067263166056, 22.482679525140718], [114.06673039012598, 22.482686594158096], [114.06511216098401, 22.480273767604594], [114.064575939545, 22.478045206174198]]]}}, {"type": "Feature", "properties": {"area_id": 40002446, "parent_id": 40002446, "name": "(Cap. 448G RFZ) OSNS of the CPG of the PRC in the HKSAR (the Sai Ying Pun Office Accommodation)", "kind": "polygon", "radius_m": 26, "lat": 22.288242920708097, "lng": 114.142497659951}, "geometry": {"type": "Polygon", "coordinates": [[[114.142397521299, 22.28802447880309], [114.14255171580298, 22.288019869693205], [114.142597798603, 22.288460490968795], [114.14241446280201, 22.28846597172299], [114.142397521299, 22.28802447880309]]]}}, {"type": "Feature", "properties": {"area_id": 40002449, "parent_id": 40002449, "name": "(Cap. 448G RFZ) OCMFA of the PRC in the HKSAR (2)", "kind": "polygon", "radius_m": 53, "lat": 22.27583716865859, "lng": 114.16241285275551}, "geometry": {"type": "Polygon", "coordinates": [[[114.16193151459501, 22.275929501523407], [114.161963743666, 22.27578542960658], [114.162551800909, 22.275499933441875], [114.162894190916, 22.275670859062785], [114.16277987577298, 22.27610664995819], [114.16243630577398, 22.276174403875306], [114.16193151459501, 22.275929501523407]]]}}, {"type": "Feature", "properties": {"area_id": 40002433, "parent_id": 40002433, "name": "(Cap. 448G RFZ) Ngong Shuen Chau Barracks", "kind": "polygon", "radius_m": 839, "lat": 22.319086142537998, "lng": 114.136575658169}, "geometry": {"type": "Polygon", "coordinates": [[[114.130567981103, 22.320962327425992], [114.13088888757802, 22.31736111773389], [114.133200282461, 22.313391390980485], [114.13441694746399, 22.3126961137319], [114.14258333523499, 22.314000003389186], [114.137121420058, 22.3254761713441], [114.136540202089, 22.325406817520083], [114.132528678497, 22.322522972613683], [114.130567981103, 22.320962327425992]]]}}, {"type": "Feature", "properties": {"area_id": 40025611, "parent_id": 40025611, "name": "Kowloon East Regional Police Headquarters and Ngau Tau Kok Police Station", "kind": "polygon", "radius_m": 62, "lat": 22.333978684876826, "lng": 114.20065764131004}, "geometry": {"type": "Polygon", "coordinates": [[[114.20096842003109, 22.3343848996939], [114.2009573018104, 22.33445932414321], [114.20044276889551, 22.33426195809143], [114.20036894218279, 22.334214785869435], [114.20032630351191, 22.334175820599157], [114.2002742869731, 22.33410799223887], [114.20024934444712, 22.334058930910217], [114.2002300632032, 22.333981701484873], [114.2002294146828, 22.333928766137234], [114.200246798563, 22.333851148518278], [114.20028506032119, 22.333780303519333], [114.20034162547472, 22.333721000547584], [114.20050082508558, 22.333592422578562], [114.2005607382625, 22.333551897224567], [114.20060479541101, 22.333530324843622], [114.2007192184442, 22.333498869865764], [114.20083984163898, 22.33349804561044], [114.2009555904934, 22.333528278149828], [114.2010858679373, 22.333598678250794], [114.20096842003109, 22.3343848996939]]]}}, {"type": "Feature", "properties": {"area_id": 40042636, "parent_id": 40042636, "name": "(Cap. 448G RFZ) Kowloon West Regional Headquarters", "kind": "polygon", "radius_m": 79, "lat": 22.3232755, "lng": 114.1834565}, "geometry": {"type": "Polygon", "coordinates": [[[114.182835, 22.323507], [114.182927, 22.323335], [114.182848, 22.323299], [114.18292, 22.323164], [114.182823, 22.323119], [114.183064, 22.322664], [114.183279, 22.322763], [114.183293, 22.322799], [114.183363, 22.322833], [114.184067, 22.323164], [114.18409, 22.32319], [114.184087, 22.323224], [114.184008, 22.323369], [114.183967, 22.323434], [114.183705, 22.323862], [114.183686, 22.32388], [114.18366, 22.323887], [114.183633, 22.323882], [114.182835, 22.323507]]]}}, {"type": "Feature", "properties": {"area_id": 40002436, "parent_id": 40002436, "name": "(Cap. 448G RFZ) Central Government Complex and Legislative Council Complex", "kind": "polygon", "radius_m": 163, "lat": 22.28104247711604, "lng": 114.16572364005901}, "geometry": {"type": "Polygon", "coordinates": [[[114.16463046054703, 22.280765074362193], [114.164732064017, 22.28053693194379], [114.16545024618097, 22.280016647543988], [114.165848790112, 22.279861510557584], [114.166161951372, 22.2798751767241], [114.166250833646, 22.279996129873698], [114.166816819571, 22.2821037899657], [114.165543724874, 22.28222344367449], [114.165073471713, 22.282190565889476], [114.16463046054703, 22.280765074362193]]]}}, {"type": "Feature", "properties": {"area_id": 40002476, "parent_id": 40002476, "name": "(Cap. 448G RFZ) Shek Kong Village", "kind": "polygon", "radius_m": 226, "lat": 22.428716389034612, "lng": 114.10518199952352}, "geometry": {"type": "Polygon", "coordinates": [[[114.10384913684202, 22.428741526643307], [114.10388182053002, 22.428578830445897], [114.10479277062097, 22.42736454199639], [114.105249446363, 22.426857331989076], [114.105502549586, 22.42674183588671], [114.10651486220503, 22.429478918083305], [114.104814133645, 22.430690942182515], [114.104654916726, 22.430690825951093], [114.10384913684202, 22.428741526643307]]]}}, {"type": "Feature", "properties": {"area_id": 40002453, "parent_id": 40002453, "name": "(Cap. 448G RFZ) Chek Chue Barracks", "kind": "polygon", "radius_m": 608, "lat": 22.203251818428242, "lng": 114.21602724616453}, "geometry": {"type": "Polygon", "coordinates": [[[114.21094528208903, 22.200480794720498], [114.22110921024003, 22.20386192439549], [114.219544272397, 22.205367980316385], [114.219057475813, 22.2055298023585], [114.216458881614, 22.2060038731539], [114.21603018979398, 22.206022842135983], [114.211887469022, 22.20415059910399], [114.21094528208903, 22.200480794720498]]]}}, {"type": "Feature", "properties": {"area_id": 40002438, "parent_id": 40002438, "name": "(Cap. 448G RFZ) Hong Kong Court of Final Appeal", "kind": "polygon", "radius_m": 52, "lat": 22.280878188782943, "lng": 114.16039536710102}, "geometry": {"type": "Polygon", "coordinates": [[[114.16003713391902, 22.280666022687978], [114.160656584499, 22.280479404231883], [114.160753600283, 22.281137684083095], [114.160222278241, 22.281276973334], [114.16003713391902, 22.280666022687978]]]}}, {"type": "Feature", "properties": {"area_id": 960003780, "parent_id": 960003780, "name": "ugz-cx-01", "kind": "polygon", "radius_m": 36, "lat": 22.699724641121897, "lng": 114.4300455610867}, "geometry": {"type": "Polygon", "coordinates": [[[114.42980197097702, 22.69949921738676], [114.42980080926583, 22.699950671436582], [114.43029031290757, 22.699948231968527], [114.43028964578778, 22.69949861080721], [114.42980197097702, 22.69949921738676]]]}}, {"type": "Feature", "properties": {"area_id": 960003797, "parent_id": 960003797, "name": "临时禁飞区", "kind": "polygon", "radius_m": 2603, "lat": 22.54680714897269, "lng": 114.02569388476599}, "geometry": {"type": "Polygon", "coordinates": [[[114.04402057647705, 22.55676911462048], [114.0400242137909, 22.56361359043116], [114.02072284698485, 22.56021317428923], [114.01106863021852, 22.559379248872368], [114.0067655148563, 22.549295026872528], [114.0113048734668, 22.545477679626394], [114.01602570533753, 22.53105609988235], [114.03222120285034, 22.53000070751422], [114.04462225467566, 22.53127904077528], [114.04402057647705, 22.55676911462048]]]}}, {"type": "Feature", "properties": {"area_id": 679300, "parent_id": 6793, "name": "梅县长岗岌机场", "kind": "polygon", "radius_m": 14329, "lat": 24.3131815231, "lng": 116.13000710899999}, "geometry": {"type": "Polygon", "coordinates": [[[116.241374682, 24.3565367582], [116.186363306, 24.401228367], [116.134728011, 24.3295677504], [116.102375197, 24.3350117858], [116.084474338, 24.3319350921], [116.068059021, 24.3247398985], [116.035923971, 24.2972587563], [116.021532116, 24.2735442385], [116.018639536, 24.2571568154], [116.02697836, 24.2251346792], [116.169719952, 24.3015002141], [116.241374682, 24.3565367582]]]}}, {"type": "Feature", "properties": {"area_id": 679301, "parent_id": 6793, "name": "梅县长岗岌机场", "kind": "polygon", "radius_m": 14323, "lat": 24.213471175549998, "lng": 116.0668332165}, "geometry": {"type": "Polygon", "coordinates": [[[116.02697836, 24.2251346792], [115.956957827, 24.1684350066], [116.011987496, 24.125442137], [116.063664786, 24.1971111205], [116.095396534, 24.1911061108], [116.113358237, 24.1937630724], [116.144058636, 24.2110582615], [116.173128516, 24.2529359333], [116.176708606, 24.2692100987], [116.175546619, 24.2857745058], [116.169719952, 24.3015002141], [116.02697836, 24.2251346792]]]}}, {"type": "Feature", "properties": {"area_id": 160400, "parent_id": 1604, "name": "机场禁飞区", "kind": "polygon", "radius_m": 14453, "lat": 23.06968531455, "lng": 114.647410636}, "geometry": {"type": "Polygon", "coordinates": [[[114.685678811, 23.0306075949], [114.778740857, 23.0221639923], [114.774535109, 23.0920309164], [114.683056903, 23.0741990303], [114.674870886, 23.0893848703], [114.647848287, 23.1109583191], [114.612713955, 23.1172066368], [114.562616034, 23.112624091], [114.532496947, 23.0948546733], [114.52219534, 23.0812275746], [114.516080415, 23.0656117988], [114.685678811, 23.0306075949]]]}}, {"type": "Feature", "properties": {"area_id": 160401, "parent_id": 1604, "name": "机场禁飞区", "kind": "polygon", "radius_m": 14454, "lat": 23.02655014095, "lng": 114.5543558695}, "geometry": {"type": "Polygon", "coordinates": [[[114.423032928, 23.074015431], [114.427272622, 23.0041490061], [114.518722497, 23.0220778228], [114.526928795, 23.0068775778], [114.553948038, 22.9853227232], [114.589050171, 22.9790848509], [114.639104195, 22.9836518015], [114.669221685, 23.0013877807], [114.679539127, 23.0150008126], [114.685678811, 23.0306075949], [114.516080415, 23.0656117988], [114.423032928, 23.074015431]]]}}, {"type": "Feature", "properties": {"area_id": 263600, "parent_id": 2636, "name": "Jinggangshan Airport", "kind": "polygon", "radius_m": 13665, "lat": 26.82915705105, "lng": 114.689169759}, "geometry": {"type": "Polygon", "coordinates": [[[114.650675486, 26.867535652], [114.557337349, 26.8642253947], [114.569376036, 26.8005374945], [114.657699319, 26.8238752384], [114.680217575, 26.8011126235], [114.696748708, 26.7935121122], [114.733491936, 26.7907784501], [114.779246748, 26.7992295208], [114.807853934, 26.8199981943], [114.816695623, 26.8346012219], [114.821002169, 26.850748563], [114.650675486, 26.867535652]]]}}, {"type": "Feature", "properties": {"area_id": 263601, "parent_id": 2636, "name": "Jinggangshan Airport", "kind": "polygon", "radius_m": 13713, "lat": 26.88751223055, "lng": 114.782509747}, "geometry": {"type": "Polygon", "coordinates": [[[114.914344008, 26.8507879555], [114.902304293, 26.9144566958], [114.810616052, 26.8911328389], [114.790948693, 26.9117706297], [114.756805221, 26.9242758981], [114.738189199, 26.9242234575], [114.681306315, 26.9078071028], [114.667226072, 26.8969518358], [114.656778729, 26.8832157009], [114.650675486, 26.867535652], [114.821002169, 26.850748563], [114.914344008, 26.8507879555]]]}}, {"type": "Feature", "properties": {"area_id": 504300, "parent_id": 5043, "name": "Ganzhou Airport", "kind": "polygon", "radius_m": 14299, "lat": 25.8984067254, "lng": 114.8246096185}, "geometry": {"type": "Polygon", "coordinates": [[[114.95292229, 25.8961104777], [114.918559373, 25.9562425381], [114.838520495, 25.9045810766], [114.810165801, 25.9207495121], [114.792057594, 25.9239523643], [114.773644728, 25.9228285748], [114.732876321, 25.907466535], [114.708788687, 25.8880867441], [114.70027889, 25.8733598112], [114.696296947, 25.8571529192], [114.697112434, 25.8405709127], [114.859566042, 25.8660294799], [114.95292229, 25.8961104777]]]}}, {"type": "Feature", "properties": {"area_id": 504301, "parent_id": 5043, "name": "Ganzhou Airport", "kind": "polygon", "radius_m": 14193, "lat": 25.8082249058, "lng": 114.73333002749999}, "geometry": {"type": "Polygon", "coordinates": [[[114.697112434, 25.8405709127], [114.607094013, 25.8105834823], [114.641468503, 25.7504203317], [114.716468828, 25.8004202791], [114.746691062, 25.784111826], [114.764897437, 25.7815154761], [114.800441105, 25.7891925691], [114.845253594, 25.8191016626], [114.859452696, 25.8494315542], [114.859566042, 25.8660294799], [114.697112434, 25.8405709127]]]}}, {"type": "Feature", "properties": {"area_id": 960003083, "parent_id": 960003083, "name": "赣州瑞金机场3", "kind": "polygon", "radius_m": 5202, "lat": 25.960845604023103, "lng": 116.07820008186712}, "geometry": {"type": "Polygon", "coordinates": [[[116.12042845119983, 25.98774780784158], [116.06963865816988, 25.919708951971984], [116.0359717125344, 25.97887911998002], [116.04821294013621, 25.987590065985295], [116.07117260010003, 25.998146222575222], [116.08619657986542, 26.00198225607422], [116.10170774731893, 26.000357152563637], [116.11535605517423, 25.993520573681757], [116.12042845119983, 25.98774780784158]]]}}, {"type": "Feature", "properties": {"area_id": 960003081, "parent_id": 960003081, "name": "赣州瑞金机场1", "kind": "polygon", "radius_m": 6219, "lat": 25.960992730549716, "lng": 116.11150658080344}, "geometry": {"type": "Polygon", "coordinates": [[[116.12042845119983, 25.98774780784158], [116.1430024468147, 26.002276509127448], [116.15337450343699, 25.984055170098344], [116.12705659997948, 25.976088619437405], [116.12930836673007, 25.969018783891002], [116.12748454063254, 25.95508388757472], [116.11988165801752, 25.942822280583307], [116.10763680339622, 25.934108689559622], [116.08465323971683, 25.923533051026077], [116.06963865816988, 25.919708951971984], [116.12042845119983, 25.98774780784158]]]}}, {"type": "Feature", "properties": {"area_id": 960003082, "parent_id": 960003082, "name": "赣州瑞金机场2", "kind": "polygon", "radius_m": 4693, "lat": 25.94914328118374, "lng": 116.03606678394837}, "geometry": {"type": "Polygon", "coordinates": [[[116.06963865816988, 25.919708951971984], [116.05413750128903, 25.921334709988614], [116.04050299348535, 25.92816341645471], [116.03543491807343, 25.933940744637], [116.01286143001803, 25.91940744238746], [116.00249490972686, 25.937631924100796], [116.02879295065568, 25.9455857740217], [116.02655245354299, 25.952683207367855], [116.02836017400126, 25.96662114039701], [116.0359717125344, 25.97887911998002], [116.06963865816988, 25.919708951971984]]]}}, {"type": "Feature", "properties": {"area_id": 3321400, "parent_id": 33214, "name": "明月山", "kind": "polygon", "radius_m": 14541, "lat": 27.847474710900002, "lng": 114.3472303235}, "geometry": {"type": "Polygon", "coordinates": [[[114.473020644, 27.8662761899], [114.424957232, 27.921258483], [114.356625403, 27.8612585216], [114.328324434, 27.8720843189], [114.309583108, 27.8731000111], [114.291183758, 27.8697907426], [114.2494005, 27.847393164], [114.226770592, 27.8223377741], [114.221440003, 27.8064232205], [114.225327731, 27.7736909388], [114.384682614, 27.826201104], [114.473020644, 27.8662761899]]]}}, {"type": "Feature", "properties": {"area_id": 3321401, "parent_id": 33214, "name": "明月山", "kind": "polygon", "radius_m": 14577, "lat": 27.75247131535, "lng": 114.2623969965}, "geometry": {"type": "Polygon", "coordinates": [[[114.225327731, 27.7736909388], [114.136972042, 27.7336985772], [114.185043037, 27.6787415267], [114.253373931, 27.7420747959], [114.283533559, 27.7305385011], [114.302265211, 27.7297670298], [114.337246472, 27.7409284199], [114.360598185, 27.7576063051], [114.37953553, 27.7777509804], [114.387821951, 27.8098367408], [114.384682614, 27.826201104], [114.225327731, 27.7736909388]]]}}, {"type": "Feature", "properties": {"area_id": 960001576, "parent_id": 960001576, "name": "无人机管控区域", "kind": "circle", "radius_m": 500, "lat": 28.641087845450024, "lng": 115.80817765728315}, "geometry": {"type": "Polygon", "coordinates": [[[115.80817765728315, 28.64557940132498], [115.80884566015315, 28.645540975441822], [115.80950223330885, 28.645426355269862], [115.81013614260151, 28.645237501992025], [115.81073654166737, 28.64497764694025], [115.81129315751195, 28.644651236306522], [115.81179646628385, 28.644263855067283], [115.81223785623042, 28.643822131422933], [115.8126097750473, 28.6433336233875], [115.81290585910043, 28.642806689468912], [115.81312104230955, 28.642250345652602], [115.81325164283031, 28.641674111135526], [115.81329542605158, 28.641087845450024], [115.81325164283031, 28.64050157976452], [115.81312104230955, 28.639925345247445], [115.81290585910043, 28.639369001431135], [115.8126097750473, 28.638842067512545], [115.81223785623042, 28.638353559477114], [115.81179646628385, 28.637911835832764], [115.81129315751195, 28.637524454593525], [115.81073654166737, 28.637198043959796], [115.81013614260151, 28.636938188908022], [115.80950223330885, 28.636749335630185], [115.80884566015315, 28.636634715458225], [115.80817765728315, 28.636596289575067], [115.80750965441315, 28.636634715458225], [115.80685308125746, 28.636749335630185], [115.8062191719648, 28.636938188908022], [115.80561877289894, 28.637198043959796], [115.80506215705435, 28.637524454593525], [115.80455884828245, 28.637911835832764], [115.80411745833588, 28.638353559477114], [115.803745539519, 28.638842067512545], [115.80344945546588, 28.639369001431135], [115.80323427225676, 28.639925345247445], [115.803103671736, 28.64050157976452], [115.80305988851472, 28.641087845450024], [115.803103671736, 28.641674111135526], [115.80323427225676, 28.642250345652602], [115.80344945546588, 28.642806689468912], [115.803745539519, 28.6433336233875], [115.80411745833588, 28.643822131422933], [115.80455884828245, 28.644263855067283], [115.80506215705435, 28.644651236306522], [115.80561877289894, 28.64497764694025], [115.8062191719648, 28.645237501992025], [115.80685308125746, 28.645426355269862], [115.80750965441315, 28.645540975441822], [115.80817765728315, 28.64557940132498]]]}}, {"type": "Feature", "properties": {"area_id": 807500, "parent_id": 8075, "name": "Wuhan Tianhe International Airport", "kind": "polygon", "radius_m": 19495, "lat": 30.753445576092087, "lng": 114.222502315}, "geometry": {"type": "Polygon", "coordinates": [[[114.35748689672177, 30.883124997184176], [114.06908448578086, 30.67220016324574], [114.0685476, 30.67182373], [114.126957962, 30.623766155], [114.183655489, 30.6987718004], [114.2187192, 30.6938594129], [114.237590775, 30.6973479103], [114.269092631, 30.7160463231], [114.303031133, 30.7512856568], [114.31045184, 30.7666100762], [114.310515454, 30.799522509], [114.303149139, 30.8148676037], [114.37645703, 30.8681880529], [114.35748689672177, 30.883124997184176]]]}}, {"type": "Feature", "properties": {"area_id": 807501, "parent_id": 8075, "name": "Wuhan Tianhe International Airport", "kind": "polygon", "radius_m": 19506, "lat": 30.799210673322868, "lng": 114.2066686925}, "geometry": {"type": "Polygon", "coordinates": [[[114.359796806, 30.8849117252], [114.301309417, 30.9262211834], [114.249682779, 30.856229247], [114.212031438, 30.8609263701], [114.193280809, 30.856874806], [114.162520847, 30.8372326191], [114.139198014, 30.8139115776], [114.125366018, 30.7899105983], [114.123120451, 30.7734248574], [114.133563704, 30.7417595243], [114.053540579, 30.6834329568], [114.06908448578086, 30.67220016324574], [114.35748689672177, 30.883124997184176], [114.359796806, 30.8849117252]]]}}, {"type": "Feature", "properties": {"area_id": 4004502800, "parent_id": 40045028, "name": "九江庐山机场", "kind": "polygon", "radius_m": 14473, "lat": 29.427046288, "lng": 115.7728720655}, "geometry": {"type": "Polygon", "coordinates": [[[115.73014231, 29.4309230852], [115.658082526, 29.371524376], [115.7176765, 29.3307102299], [115.766865894, 29.4057917087], [115.786834726, 29.4008677181], [115.824302632, 29.405081634], [115.840829605, 29.4133412661], [115.872190625, 29.4447972809], [115.887661605, 29.4763949886], [115.882674083, 29.5090199014], [115.87311329, 29.5233823461], [115.73014231, 29.4309230852]]]}}, {"type": "Feature", "properties": {"area_id": 4004502801, "parent_id": 40045028, "name": "九江庐山机场", "kind": "polygon", "radius_m": 14469, "lat": 29.5272600145, "lng": 115.830419388}, "geometry": {"type": "Polygon", "coordinates": [[[115.945347955, 29.582775924], [115.885634349, 29.6235969438], [115.836303643, 29.548564042], [115.797177671, 29.5535214941], [115.778740624, 29.5492479041], [115.748701072, 29.5292430237], [115.720361396, 29.4939322233], [115.715490821, 29.4778845974], [115.715558031, 29.4612864614], [115.73014231, 29.4309230852], [115.87311329, 29.5233823461], [115.945347955, 29.582775924]]]}}, {"type": "Feature", "properties": {"area_id": 4000216800, "parent_id": 40002168, "name": "Ezhou Huahu Airport", "kind": "polygon", "radius_m": 18960, "lat": 30.346706972283098, "lng": 115.02423399899999}, "geometry": {"type": "Polygon", "coordinates": [[[114.9792182214819, 30.182887221666196], [115.09995291152629, 30.496243699976098], [115.101006097, 30.4989523704], [115.025540084, 30.5105267229], [115.022637504, 30.4241212075], [114.98509745, 30.4124580184], [114.960840009, 30.3870516554], [114.948346035, 30.3376882927], [114.947461901, 30.3195965801], [114.951875296, 30.3034415498], [114.960979212, 30.2888226352], [114.990495437, 30.2680019235], [114.958730834, 30.186038205], [114.9792182214819, 30.182887221666196]]]}}, {"type": "Feature", "properties": {"area_id": 4000216801, "parent_id": 40002168, "name": "Ezhou Huahu Airport", "kind": "polygon", "radius_m": 18902, "lat": 30.33294358248805, "lng": 115.05483283550001}, "geometry": {"type": "Polygon", "coordinates": [[[114.978512526, 30.1810504619], [115.053782702, 30.169643465], [115.056436468, 30.2560600587], [115.093814963, 30.2677423413], [115.118036255, 30.2931533996], [115.130288841, 30.3416033359], [115.131153145, 30.3596742878], [115.126722853, 30.3758263905], [115.117595824, 30.3904383312], [115.088013059, 30.4112277427], [115.119637515, 30.4932688457], [115.09995291152629, 30.496243699976098], [114.9792182214819, 30.182887221666196], [114.978512526, 30.1810504619]]]}}, {"type": "Feature", "properties": {"area_id": 960001585, "parent_id": 960001585, "name": "无人机管控区域", "kind": "circle", "radius_m": 500, "lat": 30.5502996498902, "lng": 114.34468756675425}, "geometry": {"type": "Polygon", "coordinates": [[[114.34468756675425, 30.554791205765156], [114.34536833437998, 30.554752779881998], [114.3460374538829, 30.554638159710038], [114.34668347644278, 30.5544493064322], [114.34729534843453, 30.554189451380427], [114.3478626005587, 30.5538630407467], [114.34837552697421, 30.55347565950746], [114.34882535136784, 30.55303393586311], [114.34920437711953, 30.552545427827678], [114.34950611899357, 30.552018493909088], [114.34972541410285, 30.551462150092778], [114.34985851024723, 30.5508859155757], [114.3499031301148, 30.5502996498902], [114.34985851024723, 30.549713384204697], [114.34972541410285, 30.54913714968762], [114.34950611899357, 30.54858080587131], [114.34920437711953, 30.54805387195272], [114.34882535136784, 30.54756536391729], [114.34837552697421, 30.54712364027294], [114.3478626005587, 30.5467362590337], [114.34729534843453, 30.54640984839997], [114.34668347644278, 30.546149993348198], [114.3460374538829, 30.54596114007036], [114.34536833437998, 30.5458465198984], [114.34468756675425, 30.545808094015243], [114.34400679912851, 30.5458465198984], [114.34333767962559, 30.54596114007036], [114.34269165706571, 30.546149993348198], [114.34207978507396, 30.54640984839997], [114.34151253294979, 30.5467362590337], [114.34099960653428, 30.54712364027294], [114.34054978214066, 30.54756536391729], [114.34017075638896, 30.54805387195272], [114.33986901451492, 30.54858080587131], [114.33964971940564, 30.54913714968762], [114.33951662326126, 30.549713384204697], [114.3394720033937, 30.5502996498902], [114.33951662326126, 30.5508859155757], [114.33964971940564, 30.551462150092778], [114.33986901451492, 30.552018493909088], [114.34017075638896, 30.552545427827678], [114.34054978214066, 30.55303393586311], [114.34099960653428, 30.55347565950746], [114.34151253294979, 30.5538630407467], [114.34207978507396, 30.554189451380427], [114.34269165706571, 30.5544493064322], [114.34333767962559, 30.554638159710038], [114.34400679912851, 30.554752779881998], [114.34468756675425, 30.554791205765156]]]}}, {"type": "Feature", "properties": {"area_id": 960001562, "parent_id": 960001562, "name": "无人机管控区域", "kind": "circle", "radius_m": 500, "lat": 30.548500641171785, "lng": 114.33634831522265}, "geometry": {"type": "Polygon", "coordinates": [[[114.33634831522265, 30.55299219704674], [114.33702907023273, 30.552953771163583], [114.33769817733585, 30.552839150991623], [114.33834418792395, 30.552650297713786], [114.33895604857678, 30.552390442662013], [114.33952329018892, 30.552064032028284], [114.34003620709912, 30.551676650789044], [114.34048602315683, 30.551234927144694], [114.3408650418846, 30.550746419109263], [114.34116677816691, 30.550219485190674], [114.3413860692123, 30.549663141374364], [114.34151916289022, 30.549086906857287], [114.34156378193092, 30.548500641171785], [114.34151916289022, 30.547914375486283], [114.3413860692123, 30.547338140969206], [114.34116677816691, 30.546781797152896], [114.3408650418846, 30.546254863234306], [114.34048602315683, 30.545766355198875], [114.34003620709912, 30.545324631554525], [114.33952329018892, 30.544937250315286], [114.33895604857678, 30.544610839681557], [114.33834418792395, 30.544350984629784], [114.33769817733585, 30.544162131351946], [114.33702907023273, 30.544047511179986], [114.33634831522265, 30.54400908529683], [114.33566756021257, 30.544047511179986], [114.33499845310945, 30.544162131351946], [114.33435244252135, 30.544350984629784], [114.33374058186853, 30.544610839681557], [114.33317334025638, 30.544937250315286], [114.33266042334618, 30.545324631554525], [114.33221060728847, 30.545766355198875], [114.3318315885607, 30.546254863234306], [114.3315298522784, 30.546781797152896], [114.331310561233, 30.547338140969206], [114.33117746755508, 30.547914375486283], [114.33113284851439, 30.548500641171785], [114.33117746755508, 30.549086906857287], [114.331310561233, 30.549663141374364], [114.3315298522784, 30.550219485190674], [114.3318315885607, 30.550746419109263], [114.33221060728847, 30.551234927144694], [114.33266042334618, 30.551676650789044], [114.33317334025638, 30.552064032028284], [114.33374058186853, 30.552390442662013], [114.33435244252135, 30.552650297713786], [114.33499845310945, 30.552839150991623], [114.33566756021257, 30.552953771163583], [114.33634831522265, 30.55299219704674]]]}}, {"type": "Feature", "properties": {"area_id": 3276300, "parent_id": 32763, "name": "阜阳机场", "kind": "polygon", "radius_m": 13982, "lat": 32.9322022807, "lng": 115.744540843}, "geometry": {"type": "Polygon", "coordinates": [[[115.841447941, 33.0197884821], [115.763917938, 33.044703973], [115.742231717, 32.9605804979], [115.721855644, 32.9599255758], [115.68629078, 32.946046769], [115.663774629, 32.9191006209], [115.647633745, 32.8779364971], [115.648037865, 32.8613417288], [115.65354038, 32.8454001327], [115.678010512, 32.8197005884], [115.790514738, 32.9450467712], [115.841447941, 33.0197884821]]]}}, {"type": "Feature", "properties": {"area_id": 3276301, "parent_id": 32763, "name": "阜阳机场", "kind": "polygon", "radius_m": 13983, "lat": 32.83255275235, "lng": 115.7240126185}, "geometry": {"type": "Polygon", "coordinates": [[[115.678010512, 32.8197005884], [115.627246368, 32.7449694699], [115.704556663, 32.7200587335], [115.726170869, 32.8042004235], [115.746422879, 32.8048385845], [115.78196307, 32.8186594887], [115.804533488, 32.8455584997], [115.820778869, 32.8867610987], [115.820418866, 32.903356585], [115.814954208, 32.9193082316], [115.790514738, 32.9450467712], [115.678010512, 32.8197005884]]]}}, {"type": "Feature", "properties": {"area_id": 960003562, "parent_id": 960003562, "name": "亳州机场4", "kind": "polygon", "radius_m": 3626, "lat": 33.5632675900115, "lng": 115.84738915124706}, "geometry": {"type": "Polygon", "coordinates": [[[115.82282710725337, 33.55809442558106], [115.82707667065468, 33.53792307400178], [115.855484829831, 33.545814402550704], [115.87195119524074, 33.588612106021216], [115.85976587900078, 33.57891824019808], [115.85296674939022, 33.56608157842551], [115.85276434843317, 33.55871840144398], [115.82282710725337, 33.55809442558106]]]}}, {"type": "Feature", "properties": {"area_id": 960003560, "parent_id": 960003560, "name": "亳州机场2", "kind": "polygon", "radius_m": 4621, "lat": 33.560357438412595, "lng": 115.9173692487459}, "geometry": {"type": "Polygon", "coordinates": [[[115.88766259243216, 33.593682047976785], [115.90254303421884, 33.52282406808392], [115.93137699510535, 33.527030040939465], [115.94707590505962, 33.53209575756706], [115.93330311099231, 33.59757341879829], [115.91646894183492, 33.59789034573626], [115.91647201176306, 33.59789080874127], [115.88766259243216, 33.593682047976785]]]}}, {"type": "Feature", "properties": {"area_id": 960003561, "parent_id": 960003561, "name": "亳州机场3", "kind": "polygon", "radius_m": 4508, "lat": 33.558253014207295, "lng": 115.87901369495422}, "geometry": {"type": "Polygon", "coordinates": [[[115.855484829831, 33.545814402550704], [115.8586822705793, 33.53895656934853], [115.87030679706189, 33.5288015089388], [115.88570516201275, 33.523134488987836], [115.90253952036252, 33.52282452703983], [115.90254256007745, 33.522824974342754], [115.88766301875371, 33.59368150137476], [115.87195119524074, 33.588612106021216], [115.855484829831, 33.545814402550704]]]}}, {"type": "Feature", "properties": {"area_id": 960003559, "parent_id": 960003559, "name": "亳州机场1", "kind": "polygon", "radius_m": 4668, "lat": 33.56483433098963, "lng": 115.96475380809731}, "geometry": {"type": "Polygon", "coordinates": [[[115.93330224595059, 33.597573609064554], [115.9470754688816, 33.53209505291471], [115.95925236524806, 33.54180014880964], [115.9660629017516, 33.55464257157956], [115.96625727528601, 33.561991234127376], [115.99620537024404, 33.562620387826854], [115.99197842695793, 33.582783566492594], [115.9635622300463, 33.57489200628615], [115.96036543273281, 33.58175120434515], [115.94872863437696, 33.59190204568672], [115.93330224595059, 33.597573609064554]]]}}, {"type": "Feature", "properties": {"area_id": 4000160800, "parent_id": 40001608, "name": "菏泽牡丹机场", "kind": "polygon", "radius_m": 13974, "lat": 35.17080360845, "lng": 115.776192839}, "geometry": {"type": "Polygon", "coordinates": [[[115.733481935, 35.0502254205], [115.812783758, 35.0624942924], [115.778195369, 35.144167703], [115.796698442, 35.1540024834], [115.819111902, 35.1813433579], [115.823103846, 35.1976178214], [115.821805746, 35.2141821369], [115.809114684, 35.256275803], [115.782416544, 35.2809352211], [115.744181272, 35.2913817964], [115.729281832, 35.1366047411], [115.733481935, 35.0502254205]]]}}, {"type": "Feature", "properties": {"area_id": 4000160801, "parent_id": 40001608, "name": "菏泽牡丹机场", "kind": "polygon", "radius_m": 13974, "lat": 35.257179986850005, "lng": 115.697232603}, "geometry": {"type": "Polygon", "coordinates": [[[115.744181272, 35.2913817964], [115.739978633, 35.3777552326], [115.660398992, 35.365483143], [115.695172428, 35.2838190604], [115.676550651, 35.273899038], [115.654212823, 35.2465029715], [115.650283934, 35.2302178815], [115.65164941, 35.2136571682], [115.66440077, 35.1716571892], [115.691105028, 35.1470281864], [115.729281832, 35.1366047411], [115.744181272, 35.2913817964]]]}}, {"type": "Feature", "properties": {"area_id": 137800, "parent_id": 1378, "name": "Handan Airport", "kind": "polygon", "radius_m": 15107, "lat": 36.47498188145, "lng": 114.38367597000001}, "geometry": {"type": "Polygon", "coordinates": [[[114.335345734, 36.4870644821], [114.247457925, 36.4380124115], [114.307147629, 36.387473037], [114.372522333, 36.4556177365], [114.391965431, 36.4488764975], [114.43287899, 36.4485088414], [114.452032994, 36.4546842145], [114.496375758, 36.4858578917], [114.518455549, 36.5140503368], [114.519894015, 36.5469425121], [114.512661408, 36.5624907259], [114.335345734, 36.4870644821]]]}}, {"type": "Feature", "properties": {"area_id": 137801, "parent_id": 1378, "name": "Handan Airport", "kind": "polygon", "radius_m": 15033, "lat": 36.57457220955, "lng": 114.463413213}, "geometry": {"type": "Polygon", "coordinates": [[[114.600793915, 36.6115327953], [114.540989557, 36.662079937], [114.475389031, 36.5940213702], [114.43539281, 36.6031146243], [114.414867936, 36.6011143928], [114.379168122, 36.5849384166], [114.337908206, 36.5506131508], [114.329388585, 36.5354919406], [114.326032511, 36.5191142565], [114.335345734, 36.4870644821], [114.512661408, 36.5624907259], [114.600793915, 36.6115327953]]]}}, {"type": "Feature", "properties": {"area_id": 781000, "parent_id": 7810, "name": "机场禁飞区", "kind": "polygon", "radius_m": 14425, "lat": 36.8396678105, "lng": 114.4804102905}, "geometry": {"type": "Polygon", "coordinates": [[[114.431023756, 36.8017874651], [114.44558586, 36.716724213], [114.531551542, 36.7375082176], [114.484991105, 36.814824364], [114.512341129, 36.8390386477], [114.519350945, 36.8546602532], [114.521070779, 36.8712013592], [114.506571475, 36.9162561803], [114.48574287, 36.9444052093], [114.469151769, 36.9543901471], [114.429269039, 36.962611408], [114.431023756, 36.8017874651]]]}}, {"type": "Feature", "properties": {"area_id": 781001, "parent_id": 7810, "name": "机场禁飞区", "kind": "polygon", "radius_m": 14427, "lat": 36.92472454605, "lng": 114.37971361000001}, "geometry": {"type": "Polygon", "coordinates": [[[114.414658341, 37.047661627], [114.328403464, 37.0268734825], [114.37520913, 36.9495725023], [114.347784919, 36.925225177], [114.340835331, 36.9095845227], [114.342949156, 36.8767154905], [114.353780557, 36.8480901949], [114.37463886, 36.8199609738], [114.391215009, 36.8099911794], [114.431023756, 36.8017874651], [114.429269039, 36.962611408], [114.414658341, 37.047661627]]]}}, {"type": "Feature", "properties": {"area_id": 4004769900, "parent_id": 40047699, "name": "安阳红旗渠机场", "kind": "polygon", "radius_m": 13946, "lat": 35.81929914325, "lng": 114.4505885845}, "geometry": {"type": "Polygon", "coordinates": [[[114.345286673, 35.7387916673], [114.418941287, 35.710702553], [114.449605549, 35.7934992753], [114.471839739, 35.7926113233], [114.509891249, 35.8040444133], [114.5249059, 35.8153243922], [114.548454708, 35.8511379566], [114.555890496, 35.8849593106], [114.541612513, 35.915772711], [114.52761273, 35.9278957335], [114.404207339, 35.8107933568], [114.345286673, 35.7387916673]]]}}, {"type": "Feature", "properties": {"area_id": 4004769901, "parent_id": 40047699, "name": "安阳红旗渠机场", "kind": "polygon", "radius_m": 13945, "lat": 35.9193959156, "lng": 114.481290531}, "geometry": {"type": "Polygon", "coordinates": [[[114.52761273, 35.9278957335], [114.586746927, 35.9999023266], [114.512858075, 36.0279984744], [114.482076703, 35.9452311544], [114.439724831, 35.9423942138], [114.421614649, 35.9346159072], [114.395740157, 35.909235255], [114.376471143, 35.8702671218], [114.375834135, 35.8536769129], [114.380515699, 35.8375183073], [114.404207339, 35.8107933568], [114.52761273, 35.9278957335]]]}}, {"type": "Feature", "properties": {"area_id": 834200, "parent_id": 8342, "name": "Shijiazhuang Zhengding International Airport", "kind": "polygon", "radius_m": 14969, "lat": 38.320002388350005, "lng": 114.63805244}, "geometry": {"type": "Polygon", "coordinates": [[[114.668931858, 38.3578288413], [114.623925535, 38.4361704813], [114.551729462, 38.4000728189], [114.623400444, 38.3351047277], [114.604308543, 38.3056417586], [114.602694497, 38.2890919252], [114.606592238, 38.2727781264], [114.615732724, 38.2578115977], [114.66372129, 38.2136675766], [114.682602061, 38.206223935], [114.724375418, 38.2038342954], [114.668931858, 38.3578288413]]]}}, {"type": "Feature", "properties": {"area_id": 834201, "parent_id": 8342, "name": "Shijiazhuang Zhengding International Airport", "kind": "polygon", "radius_m": 14928, "lat": 38.24213993195, "lng": 114.7552652855}, "geometry": {"type": "Polygon", "coordinates": [[[114.769407688, 38.1254970074], [114.841598713, 38.161595222], [114.769930698, 38.2265638004], [114.788983506, 38.2559322238], [114.790636321, 38.2724796539], [114.786777052, 38.2887990855], [114.777665276, 38.3037778607], [114.729693482, 38.3479461082], [114.690064167, 38.3587828565], [114.668931858, 38.3578288413], [114.724375418, 38.2038342954], [114.769407688, 38.1254970074]]]}}, {"type": "Feature", "properties": {"area_id": 960001556, "parent_id": 960001556, "name": "无人机管控区域", "kind": "circle", "radius_m": 500, "lat": 38.03700236273448, "lng": 114.52447703399895}, "geometry": {"type": "Polygon", "coordinates": [[[114.52447703399895, 38.04149391860944], [114.5252213915643, 38.04145549272628], [114.52595301296533, 38.04134087255432], [114.52665937995702, 38.04115201927649], [114.52732840640432, 38.040892164224715], [114.5279486450792, 38.04056575359098], [114.528509483526, 38.04017837235174], [114.52900132564338, 38.0397366487074], [114.52941575587634, 38.03924814067196], [114.52974568320872, 38.03872120675337], [114.52998546249238, 38.038164862937066], [114.53013099103728, 38.03758862841998], [114.53017977880968, 38.03700236273448], [114.53013099103728, 38.036416097048985], [114.52998546249238, 38.0358398625319], [114.52974568320872, 38.035283518715595], [114.52941575587634, 38.03475658479701], [114.52900132564338, 38.03426807676157], [114.528509483526, 38.03382635311723], [114.5279486450792, 38.033438971877985], [114.52732840640432, 38.03311256124425], [114.52665937995702, 38.03285270619248], [114.52595301296533, 38.032663852914645], [114.5252213915643, 38.03254923274269], [114.52447703399895, 38.03251080685953], [114.5237326764336, 38.03254923274269], [114.52300105503257, 38.032663852914645], [114.52229468804087, 38.03285270619248], [114.52162566159357, 38.03311256124425], [114.52100542291869, 38.033438971877985], [114.5204445844719, 38.03382635311723], [114.51995274235452, 38.03426807676157], [114.51953831212155, 38.03475658479701], [114.51920838478918, 38.035283518715595], [114.51896860550552, 38.0358398625319], [114.51882307696062, 38.036416097048985], [114.51877428918822, 38.03700236273448], [114.51882307696062, 38.03758862841998], [114.51896860550552, 38.038164862937066], [114.51920838478918, 38.03872120675337], [114.51953831212155, 38.03924814067196], [114.51995274235452, 38.0397366487074], [114.5204445844719, 38.04017837235174], [114.52100542291869, 38.04056575359098], [114.52162566159357, 38.040892164224715], [114.52229468804087, 38.04115201927649], [114.52300105503257, 38.04134087255432], [114.5237326764336, 38.04145549272628], [114.52447703399895, 38.04149391860944]]]}}, {"type": "Feature", "properties": {"area_id": 972300, "parent_id": 9723, "name": "机场禁飞区", "kind": "polygon", "radius_m": 13833, "lat": 40.73013242895, "lng": 114.9966465015}, "geometry": {"type": "Polygon", "coordinates": [[[115.010760576, 40.6922552521], [115.108585106, 40.648403364], [115.142453537, 40.7123336667], [115.03184114, 40.7320263027], [115.03142447, 40.7492527737], [115.025260084, 40.7651806767], [115.013858996, 40.779356453], [114.978753096, 40.7987669714], [114.928137486, 40.8118614939], [114.885078552, 40.8072704851], [114.850839466, 40.7869877838], [115.010760576, 40.6922552521]]]}}, {"type": "Feature", "properties": {"area_id": 972301, "parent_id": 9723, "name": "机场禁飞区", "kind": "polygon", "radius_m": 13835, "lat": 40.749115829450005, "lng": 114.8648832245}, "geometry": {"type": "Polygon", "coordinates": [[[114.752856873, 40.8307433911], [114.719005873, 40.7668061885], [114.829830466, 40.7472925319], [114.830303378, 40.729973568], [114.836528097, 40.7140598737], [114.847970814, 40.6999085596], [114.883083296, 40.6805591352], [114.933541685, 40.6674882678], [114.976518846, 40.672032563], [115.010760576, 40.6922552521], [114.850839466, 40.7869877838], [114.752856873, 40.8307433911]]]}}, {"type": "Feature", "properties": {"area_id": 9371, "parent_id": 9371, "name": "Beijing", "kind": "circle", "radius_m": 30000, "lat": 39.90748, "lng": 116.391372}, "geometry": {"type": "Polygon", "coordinates": [[[116.391372, 40.176973352497306], [116.43722885556166, 40.17466779950785], [116.48230108761072, 40.16779058919037], [116.52581749776046, 40.15645939252011], [116.56703350816818, 40.1408680894137], [116.60524390146858, 40.12128345139002], [116.63979488723835, 40.09804057703554], [116.67009528853164, 40.07153715837461], [116.69562665708146, 40.04222667624865], [116.7159521440933, 40.01061064113324], [116.73072397484907, 39.97723001215483], [116.73968939922904, 39.94265594113009], [116.74269501633636, 39.90748], [116.73968939922904, 39.87230405886991], [116.73072397484907, 39.83772998784517], [116.7159521440933, 39.80434935886676], [116.69562665708146, 39.772733323751346], [116.67009528853164, 39.74342284162539], [116.63979488723835, 39.71691942296446], [116.60524390146858, 39.69367654860998], [116.56703350816818, 39.6740919105863], [116.52581749776046, 39.65850060747989], [116.48230108761072, 39.64716941080963], [116.43722885556166, 39.64029220049215], [116.391372, 39.63798664750269], [116.34551514443835, 39.64029220049215], [116.30044291238929, 39.64716941080963], [116.25692650223955, 39.65850060747989], [116.21571049183183, 39.6740919105863], [116.17750009853143, 39.69367654860998], [116.14294911276166, 39.71691942296446], [116.11264871146837, 39.74342284162539], [116.08711734291855, 39.772733323751346], [116.06679185590671, 39.80434935886676], [116.05202002515094, 39.83772998784517], [116.04305460077097, 39.87230405886991], [116.04004898366365, 39.90748], [116.04305460077097, 39.94265594113009], [116.05202002515094, 39.97723001215483], [116.06679185590671, 40.01061064113324], [116.08711734291855, 40.04222667624865], [116.11264871146837, 40.07153715837461], [116.14294911276166, 40.09804057703554], [116.17750009853143, 40.12128345139002], [116.21571049183183, 40.1408680894137], [116.25692650223955, 40.15645939252011], [116.30044291238929, 40.16779058919037], [116.34551514443835, 40.17466779950785], [116.391372, 40.176973352497306]]]}}, {"type": "Feature", "properties": {"area_id": 960003588, "parent_id": 960003588, "name": "禁飞区-3", "kind": "polygon", "radius_m": 97316, "lat": 40.250003841451594, "lng": 116.58333198849016}, "geometry": {"type": "Polygon", "coordinates": [[[116.66666648852464, 41.11667176601925], [116.11666314650643, 39.49999496303896], [116.4333338353616, 39.38333591688394], [116.58333459742096, 39.55000239437766], [116.86666545263016, 39.56666969013078], [117.05000083047389, 39.79999629281534], [116.91666236572294, 39.983335006727245], [116.66666648852464, 41.11667176601925]]]}}, {"type": "Feature", "properties": {"area_id": 960003586, "parent_id": 960003586, "name": "禁飞区-1", "kind": "polygon", "radius_m": 108678, "lat": 40.28333387028162, "lng": 116.00000059575132}, "geometry": {"type": "Polygon", "coordinates": [[[116.66666657412568, 41.11667097046953], [116.28333056297794, 40.96666591550333], [116.2166698549795, 40.8500028038805], [115.6666645630688, 40.51666496246824], [115.84999776097754, 40.28333096379605], [115.38332896203269, 40.06666650605109], [115.33333461737695, 39.78333153773309], [115.45000283777655, 39.54999758196635], [115.8166634653902, 39.44999677009372], [116.11666378675784, 39.49999580202514], [116.66666657412568, 41.11667097046953]]]}}, {"type": "Feature", "properties": {"area_id": 777200, "parent_id": 7772, "name": "Xilinhot Airport", "kind": "polygon", "radius_m": 14129, "lat": 43.8611538213, "lng": 115.9375005715}, "geometry": {"type": "Polygon", "coordinates": [[[115.886657473, 43.8547625447], [115.816606814, 43.7864887264], [115.897431168, 43.7555351668], [115.934057054, 43.835520942], [115.95711141, 43.8347784176], [116.000006291, 43.8460041416], [116.016997243, 43.8572010395], [116.046086003, 43.8912236493], [116.058394329, 43.9210857511], [116.05633077, 43.9376173226], [116.035118446, 43.9667724758], [115.886657473, 43.8547625447]]]}}, {"type": "Feature", "properties": {"area_id": 777201, "parent_id": 7772, "name": "Xilinhot Airport", "kind": "polygon", "radius_m": 14214, "lat": 43.962123450250004, "lng": 115.9826709325}, "geometry": {"type": "Polygon", "coordinates": [[[116.105072298, 44.0351492993], [116.025956511, 44.0694843558], [115.984265477, 43.9861427578], [115.942221464, 43.9852929875], [115.920972, 43.9788345681], [115.888873438, 43.9553930958], [115.863070536, 43.916029848], [115.860269567, 43.8995547362], [115.863481659, 43.8831187031], [115.886657473, 43.8547625447], [116.035118446, 43.9667724758], [116.105072298, 44.0351492993]]]}}, {"type": "Feature", "properties": {"area_id": 3276200, "parent_id": 32762, "name": "潮汕", "kind": "polygon", "radius_m": 14392, "lat": 23.50016066595, "lng": 116.47350588649999}, "geometry": {"type": "Polygon", "coordinates": [[[116.435315861, 23.5101034168], [116.365300131, 23.453449949], [116.421999873, 23.4071119801], [116.468678602, 23.4837814239], [116.49938154, 23.4786703642], [116.517191642, 23.4816125461], [116.547390362, 23.4993934583], [116.567430686, 23.5211027286], [116.579885512, 23.5451736372], [116.581711642, 23.5616872467], [116.571384429, 23.5932093518], [116.435315861, 23.5101034168]]]}}, {"type": "Feature", "properties": {"area_id": 3276201, "parent_id": 32762, "name": "潮汕", "kind": "polygon", "radius_m": 14277, "lat": 23.60232741495, "lng": 116.53258307}, "geometry": {"type": "Polygon", "coordinates": [[[116.64137309, 23.6532758341], [116.5846521, 23.6945514131], [116.536296737, 23.6212125714], [116.504366137, 23.6251973293], [116.486726877, 23.6214130414], [116.470759404, 23.6135731861], [116.439259624, 23.585590235], [116.4249849, 23.5578363316], [116.42379305, 23.5412740915], [116.435315861, 23.5101034168], [116.571384429, 23.5932093518], [116.64137309, 23.6532758341]]]}}, {"type": "Feature", "properties": {"area_id": 372100, "parent_id": 3721, "name": "Longyan Guanzhishan Airport", "kind": "polygon", "radius_m": 14012, "lat": 25.725482529300002, "lng": 116.75916753199999}, "geometry": {"type": "Polygon", "coordinates": [[[116.801765254, 25.7343739375], [116.853052804, 25.8068980516], [116.781086953, 25.8352207836], [116.756796734, 25.7520865966], [116.738172138, 25.7521499365], [116.704383428, 25.7396210361], [116.682086175, 25.7135491838], [116.665881884, 25.6752496902], [116.66528226, 25.6586602524], [116.669465959, 25.6424961535], [116.690730152, 25.615744275], [116.801765254, 25.7343739375]]]}}, {"type": "Feature", "properties": {"area_id": 372101, "parent_id": 3721, "name": "Longyan Guanzhishan Airport", "kind": "polygon", "radius_m": 14013, "lat": 25.624641506, "lng": 116.7333615525}, "geometry": {"type": "Polygon", "coordinates": [[[116.639565818, 25.5432279632], [116.711387846, 25.5149090745], [116.735615623, 25.598060405], [116.754156032, 25.5979881486], [116.787923627, 25.6104753027], [116.810253482, 25.6365110478], [116.826526305, 25.6748348352], [116.827157287, 25.6914233308], [116.823001873, 25.7075937137], [116.801765254, 25.7343739375], [116.690730152, 25.615744275], [116.639565818, 25.5432279632]]]}}, {"type": "Feature", "properties": {"area_id": 3321000, "parent_id": 33210, "name": "沙县", "kind": "polygon", "radius_m": 14153, "lat": 26.3717435904, "lng": 117.7930041615}, "geometry": {"type": "Polygon", "coordinates": [[[117.752019779, 26.4037276921], [117.668698033, 26.3671404126], [117.70827627, 26.3104086559], [117.77825224, 26.3670763812], [117.809536614, 26.355687947], [117.828058196, 26.3554395718], [117.846021348, 26.3594928417], [117.885553954, 26.3792500033], [117.90826259, 26.4011790924], [117.915130454, 26.4165954757], [117.91731029, 26.4330785249], [117.752019779, 26.4037276921]]]}}, {"type": "Feature", "properties": {"area_id": 3321001, "parent_id": 33210, "name": "沙县", "kind": "polygon", "radius_m": 14711, "lat": 26.4733266698, "lng": 117.8775130015}, "geometry": {"type": "Polygon", "coordinates": [[[118.003006224, 26.4896155623], [117.958348109, 26.5429256475], [117.888373931, 26.4845918591], [117.857911015, 26.4978456258], [117.839424705, 26.499183313], [117.804428155, 26.4890732854], [117.76099271, 26.4517233039], [117.753303892, 26.4366200731], [117.752019779, 26.4037276921], [117.91731029, 26.4330785249], [117.914651579, 26.4495051603], [118.003006224, 26.4896155623]]]}}, {"type": "Feature", "properties": {"area_id": 3321200, "parent_id": 33212, "name": "三清山", "kind": "polygon", "radius_m": 14392, "lat": 28.32668221115, "lng": 117.92165062999999}, "geometry": {"type": "Polygon", "coordinates": [[[117.8837016, 28.3621415883], [117.79035017, 28.3271588754], [117.829859366, 28.268747057], [117.904838581, 28.32541566], [117.937762945, 28.3105836857], [117.956550614, 28.3092013772], [117.992164139, 28.3192132961], [118.017195705, 28.3325639582], [118.041652239, 28.3532423874], [118.05295109, 28.3846173653], [117.8837016, 28.3621415883]]]}}, {"type": "Feature", "properties": {"area_id": 3321201, "parent_id": 33212, "name": "三清山", "kind": "polygon", "radius_m": 14443, "lat": 28.42669874725, "lng": 118.01167640899999}, "geometry": {"type": "Polygon", "coordinates": [[[118.139651218, 28.4328412694], [118.100101175, 28.4912559062], [118.025104641, 28.4345890165], [117.997659796, 28.4470905916], [117.978945004, 28.4492668697], [117.960227666, 28.4471075802], [117.917816183, 28.4307758571], [117.89332611, 28.4100628627], [117.885345298, 28.3950222789], [117.8837016, 28.3621415883], [118.05295109, 28.3846173653], [118.051334332, 28.4011545561], [118.139651218, 28.4328412694]]]}}, {"type": "Feature", "properties": {"area_id": 807700, "parent_id": 8077, "name": "Nanping Wuyishan Airport", "kind": "polygon", "radius_m": 14152, "lat": 27.7504324644, "lng": 118.013327067}, "geometry": {"type": "Polygon", "coordinates": [[[118.110166531, 27.8308923706], [118.034248477, 27.8604901252], [118.009681277, 27.7775726831], [117.973484853, 27.7732407035], [117.957229309, 27.7649570794], [117.934562094, 27.7388642924], [117.92295501, 27.7155221313], [117.916487603, 27.6837353381], [117.920385158, 27.6674999535], [117.941429304, 27.6403748036], [118.057508789, 27.758909652], [118.110166531, 27.8308923706]]]}}, {"type": "Feature", "properties": {"area_id": 807701, "parent_id": 8077, "name": "Nanping Wuyishan Airport", "kind": "polygon", "radius_m": 14153, "lat": 27.6488594147, "lng": 117.98564756549999}, "geometry": {"type": "Polygon", "coordinates": [[[117.941429304, 27.6403748036], [117.88890864, 27.5684030129], [117.964666952, 27.5388091774], [117.989164233, 27.6217452917], [118.025247944, 27.6260454162], [118.041498254, 27.6343052339], [118.054784667, 27.6460084441], [118.075868789, 27.6837637456], [118.082386491, 27.7155125852], [118.078520736, 27.7317542489], [118.057508789, 27.758909652], [117.941429304, 27.6403748036]]]}}, {"type": "Feature", "properties": {"area_id": 261900, "parent_id": 2619, "name": "Jingdezhen Airport", "kind": "polygon", "radius_m": 14413, "lat": 29.2901630479, "lng": 117.146933138}, "geometry": {"type": "Polygon", "coordinates": [[[117.105250506, 29.2984302654], [117.033567298, 29.2418162953], [117.088627617, 29.1954341035], [117.142050982, 29.2687864041], [117.172923392, 29.2653044286], [117.208389781, 29.2765327083], [117.252963397, 29.3214497036], [117.259068476, 29.3371714178], [117.260298978, 29.3537349639], [117.248129718, 29.3848919923], [117.105250506, 29.2984302654]]]}}, {"type": "Feature", "properties": {"area_id": 261901, "parent_id": 2619, "name": "Jingdezhen Airport", "kind": "polygon", "radius_m": 14233, "lat": 29.38982778195, "lng": 117.2078673945}, "geometry": {"type": "Polygon", "coordinates": [[[117.321442208, 29.4399120968], [117.26466736, 29.4812252985], [117.211330894, 29.4112246027], [117.176636335, 29.41543509], [117.158105791, 29.4115698698], [117.12753391, 29.3922345793], [117.109209696, 29.3705783061], [117.096157661, 29.3464437311], [117.094292581, 29.3299253145], [117.09739474, 29.3135489283], [117.105250506, 29.2984302654], [117.248129718, 29.3848919923], [117.321442208, 29.4399120968]]]}}, {"type": "Feature", "properties": {"area_id": 274100, "parent_id": 2741, "name": "Jiuhuashan Airport", "kind": "polygon", "radius_m": 14124, "lat": 30.765215546649998, "lng": 117.6284596765}, "geometry": {"type": "Polygon", "coordinates": [[[117.629956505, 30.8029112502], [117.558287688, 30.8595917737], [117.516942242, 30.8079362398], [117.601939633, 30.7696111809], [117.599820621, 30.7381535225], [117.605958172, 30.7224160445], [117.61662228, 30.7085795794], [117.654382772, 30.6826073779], [117.684723656, 30.671578281], [117.704002361, 30.6708393196], [117.739977111, 30.6820605325], [117.629956505, 30.8029112502]]]}}, {"type": "Feature", "properties": {"area_id": 274101, "parent_id": 2741, "name": "Jiuhuashan Airport", "kind": "polygon", "radius_m": 14295, "lat": 30.718327116, "lng": 117.742346527}, "geometry": {"type": "Polygon", "coordinates": [[[117.809999843, 30.6220742831], [117.854736549, 30.6736919786], [117.768071033, 30.7120235902], [117.770821425, 30.742868533], [117.765111041, 30.7587246986], [117.754817185, 30.7727697938], [117.717270737, 30.8024012159], [117.685104979, 30.8140733453], [117.665787453, 30.8145799489], [117.629956505, 30.8029112502], [117.739977111, 30.6820605325], [117.809999843, 30.6220742831]]]}}, {"type": "Feature", "properties": {"area_id": 114300, "parent_id": 1143, "name": "Anqing Airport", "kind": "polygon", "radius_m": 14280, "lat": 30.538257926900002, "lng": 117.00375158}, "geometry": {"type": "Polygon", "coordinates": [[[116.965377955, 30.5672048986], [116.872010369, 30.5338687981], [116.90813052, 30.4770864748], [116.986510191, 30.5270815185], [117.016082452, 30.5131998511], [117.03516527, 30.5109153469], [117.072139758, 30.5191975203], [117.100534827, 30.5342276186], [117.122390242, 30.5519278093], [117.135492791, 30.5828463194], [117.134668343, 30.599429379], [116.965377955, 30.5672048986]]]}}, {"type": "Feature", "properties": {"area_id": 114301, "parent_id": 1143, "name": "Anqing Airport", "kind": "polygon", "radius_m": 14349, "lat": 30.62922615535, "lng": 117.096690319}, "geometry": {"type": "Polygon", "coordinates": [[[117.228002683, 30.6328198255], [117.191865279, 30.6912474121], [117.110125443, 30.6362544153], [117.080575308, 30.6501078074], [117.061465161, 30.6523928439], [117.042319099, 30.6503421822], [116.999506141, 30.6357925993], [116.974953304, 30.6151653228], [116.966878722, 30.6000920082], [116.965377955, 30.5672048986], [117.134668343, 30.599429379], [117.228002683, 30.6328198255]]]}}, {"type": "Feature", "properties": {"area_id": 140600, "parent_id": 1406, "name": "Hefei Xinqiao Airport", "kind": "polygon", "radius_m": 14879, "lat": 32.0274932094, "lng": 116.924789562}, "geometry": {"type": "Polygon", "coordinates": [[[116.952259861, 32.0644807458], [116.917294252, 32.1444747521], [116.848520074, 32.1101176707], [116.908519415, 32.0434340807], [116.891630037, 32.0158817536], [116.889644607, 31.999369121], [116.892766138, 31.9829833807], [116.919089668, 31.9412062037], [116.944530401, 31.9186181585], [116.962312794, 31.911714184], [117.00105905, 31.9105116667], [116.952259861, 32.0644807458]]]}}, {"type": "Feature", "properties": {"area_id": 140601, "parent_id": 1406, "name": "Hefei Xinqiao Airport", "kind": "polygon", "radius_m": 14720, "lat": 31.94916668785, "lng": 117.0285346645}, "geometry": {"type": "Polygon", "coordinates": [[[117.036056468, 31.8338526299], [117.104809468, 31.8665501914], [117.041480477, 31.9349184386], [117.058643798, 31.9603680292], [117.061689143, 31.9767639786], [117.052598831, 32.0087607414], [117.03424387, 32.0354614953], [117.008997773, 32.0569962906], [116.991086057, 32.0637096694], [116.952259861, 32.0644807458], [117.00105905, 31.9105116667], [117.036056468, 31.8338526299]]]}}, {"type": "Feature", "properties": {"area_id": 960001575, "parent_id": 960001575, "name": "无人机管控区域", "kind": "circle", "radius_m": 730, "lat": 31.738012427000164, "lng": 117.32384712311034}, "geometry": {"type": "Polygon", "coordinates": [[[117.32384712311034, 31.744570098577597], [117.32485357324761, 31.74451399678819], [117.32584280274399, 31.74434665133713], [117.32679788560854, 31.744070925551487], [117.32770248010863, 31.7436915371759], [117.32854110838159, 31.743214977650656], [117.32929942126512, 31.742649401041362], [117.32996444381556, 31.742004484520614], [117.3305247973127, 31.74129126278888], [117.33097089395284, 31.74052193926774], [117.33129510089877, 31.73970967729593], [117.33149187087977, 31.738868374900996], [117.33155783710693, 31.738012427000164], [117.33149187087977, 31.737156479099333], [117.33129510089877, 31.736315176704398], [117.33097089395284, 31.73550291473259], [117.3305247973127, 31.734733591211448], [117.32996444381556, 31.734020369479715], [117.32929942126512, 31.733375452958967], [117.32854110838159, 31.732809876349673], [117.32770248010863, 31.73233331682443], [117.32679788560854, 31.731953928448842], [117.32584280274399, 31.7316782026632], [117.32485357324761, 31.73151085721214], [117.32384712311034, 31.73145475542273], [117.32284067297307, 31.73151085721214], [117.32185144347669, 31.7316782026632], [117.32089636061214, 31.731953928448842], [117.31999176611205, 31.73233331682443], [117.3191531378391, 31.732809876349673], [117.31839482495556, 31.733375452958967], [117.31772980240513, 31.734020369479715], [117.31716944890798, 31.734733591211448], [117.31672335226784, 31.73550291473259], [117.31639914532191, 31.736315176704398], [117.31620237534091, 31.737156479099333], [117.31613640911375, 31.738012427000164], [117.31620237534091, 31.738868374900996], [117.31639914532191, 31.73970967729593], [117.31672335226784, 31.74052193926774], [117.31716944890798, 31.74129126278888], [117.31772980240513, 31.742004484520614], [117.31839482495556, 31.742649401041362], [117.3191531378391, 31.743214977650656], [117.31999176611205, 31.7436915371759], [117.32089636061214, 31.744070925551487], [117.32185144347669, 31.74434665133713], [117.32284067297307, 31.74451399678819], [117.32384712311034, 31.744570098577597]]]}}, {"type": "Feature", "properties": {"area_id": 960001596, "parent_id": 960001596, "name": "无人机管控区域", "kind": "circle", "radius_m": 500, "lat": 31.863077034882505, "lng": 117.28934900285412}, "geometry": {"type": "Polygon", "coordinates": [[[117.28934900285412, 31.86756859075746], [117.29003928587144, 31.867530164874303], [117.29071775795497, 31.867415544702343], [117.2913728102592, 31.867226691424506], [117.29199323465765, 31.866966836372733], [117.29256841551681, 31.866640425739003], [117.29308851133273, 31.866253044499764], [117.29354462312179, 31.865811320855414], [117.29392894668483, 31.865322812819983], [117.29423490613911, 31.864795878901393], [117.29445726643357, 31.864239535085083], [117.2945922229219, 31.863663300568007], [117.29463746646118, 31.863077034882505], [117.2945922229219, 31.862490769197002], [117.29445726643357, 31.861914534679926], [117.29423490613911, 31.861358190863616], [117.29392894668483, 31.860831256945026], [117.29354462312179, 31.860342748909595], [117.29308851133273, 31.859901025265245], [117.29256841551681, 31.859513644026006], [117.29199323465765, 31.859187233392277], [117.2913728102592, 31.858927378340503], [117.29071775795497, 31.858738525062666], [117.29003928587144, 31.858623904890706], [117.28934900285412, 31.858585479007548], [117.2886587198368, 31.858623904890706], [117.28798024775328, 31.858738525062666], [117.28732519544904, 31.858927378340503], [117.2867047710506, 31.859187233392277], [117.28612959019144, 31.859513644026006], [117.28560949437552, 31.859901025265245], [117.28515338258646, 31.860342748909595], [117.28476905902342, 31.860831256945026], [117.28446309956914, 31.861358190863616], [117.28424073927468, 31.861914534679926], [117.28410578278634, 31.862490769197002], [117.28406053924706, 31.863077034882505], [117.28410578278634, 31.863663300568007], [117.28424073927468, 31.864239535085083], [117.28446309956914, 31.864795878901393], [117.28476905902342, 31.865322812819983], [117.28515338258646, 31.865811320855414], [117.28560949437552, 31.866253044499764], [117.28612959019144, 31.866640425739003], [117.2867047710506, 31.866966836372733], [117.28732519544904, 31.867226691424506], [117.28798024775328, 31.867415544702343], [117.2886587198368, 31.867530164874303], [117.28934900285412, 31.86756859075746]]]}}, {"type": "Feature", "properties": {"area_id": 960003803, "parent_id": 960003803, "name": "蚌埠滕湖机场 1", "kind": "polygon", "radius_m": 14200, "lat": 33.14416742751994, "lng": 116.9991674034163}, "geometry": {"type": "Polygon", "coordinates": [[[116.99333388031286, 33.1133322389486], [116.91166678705171, 33.06166743591906], [116.87666709402438, 33.11999927856745], [116.96999934791532, 33.14833353728241], [117.00833277146407, 33.21500039480239], [117.0366675745964, 33.226667419120815], [117.1216677128082, 33.22000013665949], [116.99333388031286, 33.1133322389486]]]}}, {"type": "Feature", "properties": {"area_id": 784000, "parent_id": 7840, "name": "Xuzhou Guanyin Airport", "kind": "polygon", "radius_m": 14383, "lat": 34.0358514716, "lng": 117.50582491200001}, "geometry": {"type": "Polygon", "coordinates": [[[117.46067472, 34.0725819456], [117.358979515, 34.079266492], [117.367564279, 34.0139142542], [117.467572429, 34.03391023], [117.486882782, 34.009741679], [117.503118014, 34.000027715], [117.541745493, 33.9924364512], [117.617787759, 34.0065410596], [117.645343981, 34.030238247], [117.652670309, 34.0456863363], [117.46067472, 34.0725819456]]]}}, {"type": "Feature", "properties": {"area_id": 784001, "parent_id": 7840, "name": "Xuzhou Guanyin Airport", "kind": "polygon", "radius_m": 14374, "lat": 34.0808028447, "lng": 117.607497092}, "geometry": {"type": "Polygon", "coordinates": [[[117.754319464, 34.0373755061], [117.745761396, 34.1044231664], [117.645791033, 34.0877418516], [117.624574804, 34.1103288473], [117.607500781, 34.1190282018], [117.588286451, 34.1237696782], [117.529919513, 34.1242301833], [117.492779147, 34.1133409411], [117.477853408, 34.1022605701], [117.466903597, 34.0883580504], [117.46067472, 34.0725819456], [117.652670309, 34.0456863363], [117.754319464, 34.0373755061]]]}}, {"type": "Feature", "properties": {"area_id": 960003804, "parent_id": 960003804, "name": "蚌埠滕湖机场 2", "kind": "polygon", "radius_m": 14149, "lat": 33.18749977491602, "lng": 117.11666660810673}, "geometry": {"type": "Polygon", "coordinates": [[[117.2033325574326, 33.27166714504162], [117.23999933590059, 33.213333680026665], [117.14666788805368, 33.1816678832387], [117.10833210066164, 33.11500012363375], [117.08333326441614, 33.10333240479042], [116.99333388031286, 33.1133322389486], [117.1216677128082, 33.22000013665949], [117.2033325574326, 33.27166714504162]]]}}, {"type": "Feature", "properties": {"area_id": 4004291900, "parent_id": 40042919, "name": "济宁大安机场", "kind": "polygon", "radius_m": 13033, "lat": 35.679695027600005, "lng": 116.7932875005}, "geometry": {"type": "Polygon", "coordinates": [[[116.825751484, 35.6426688429], [116.931979835, 35.6478361571], [116.915267692, 35.7124762624], [116.815440706, 35.6825576842], [116.802917974, 35.6975150188], [116.76876958, 35.7152442788], [116.728273849, 35.7167212123], [116.696342378, 35.7087910096], [116.666590047, 35.6864432091], [116.658044116, 35.6713663287], [116.654595166, 35.655006328], [116.825751484, 35.6426688429]]]}}, {"type": "Feature", "properties": {"area_id": 4004291901, "parent_id": 40042919, "name": "济宁大安机场", "kind": "polygon", "radius_m": 13034, "lat": 35.618047037699995, "lng": 116.68710145099999}, "geometry": {"type": "Polygon", "coordinates": [[[116.548451418, 35.6497611218], [116.565205218, 35.5851251536], [116.664909198, 35.6152186933], [116.677451994, 35.6002633074], [116.711571255, 35.582559481], [116.751999322, 35.5810877474], [116.783861788, 35.5889751506], [116.813647955, 35.6112611436], [116.822242041, 35.6263175149], [116.825751484, 35.6426688429], [116.654595166, 35.655006328], [116.548451418, 35.6497611218]]]}}, {"type": "Feature", "properties": {"area_id": 751300, "parent_id": 7513, "name": "Yaoqiang Airport", "kind": "polygon", "radius_m": 14415, "lat": 36.90084797670001, "lng": 117.1984143315}, "geometry": {"type": "Polygon", "coordinates": [[[117.241285199, 36.9357437682], [117.259619042, 37.0207289914], [117.175395807, 37.0207454052], [117.188712167, 36.9357249676], [117.159363923, 36.9202719274], [117.147058571, 36.9069039608], [117.139503281, 36.891444439], [117.137209621, 36.8400007398], [117.144327973, 36.8141824428], [117.155295224, 36.8000971481], [117.188723166, 36.7809505482], [117.241285199, 36.9357437682]]]}}, {"type": "Feature", "properties": {"area_id": 751301, "parent_id": 7513, "name": "Yaoqiang Airport", "kind": "polygon", "radius_m": 14506, "lat": 36.814990156549996, "lng": 117.23660447750001}, "geometry": {"type": "Polygon", "coordinates": [[[117.175418062, 36.6942365449], [117.256253949, 36.6942421969], [117.241278227, 36.7809337884], [117.272871457, 36.7955603832], [117.285971631, 36.8084240157], [117.29778844, 36.8399479213], [117.297790893, 36.8750007404], [117.288377116, 36.9049099733], [117.276271408, 36.9183937883], [117.241285199, 36.9357437682], [117.188723166, 36.7809505482], [117.175418062, 36.6942365449]]]}}, {"type": "Feature", "properties": {"area_id": 960001584, "parent_id": 960001584, "name": "无人机管控区域", "kind": "circle", "radius_m": 500, "lat": 36.65060817559666, "lng": 116.99776721671105}, "geometry": {"type": "Polygon", "coordinates": [[[116.99776721671105, 36.655099731471616], [116.99849795659182, 36.655061305588454], [116.99921619331063, 36.6549466854165], [116.99990963763808, 36.654757832138664], [117.00056642454948, 36.65449797708689], [117.00117531623869, 36.65417156645316], [117.00172589440005, 36.653784185213915], [117.00220873848862, 36.65334246156957], [117.00261558690815, 36.652853953534134], [117.00293947836938, 36.65232701961555], [117.00317487099963, 36.65177067579924], [117.0033177371657, 36.65119444128216], [117.00336563238791, 36.65060817559666], [117.0033177371657, 36.65002190991116], [117.00317487099963, 36.64944567539408], [117.00293947836938, 36.64888933157777], [117.00261558690815, 36.648362397659184], [117.00220873848862, 36.647873889623746], [117.00172589440005, 36.6474321659794], [117.00117531623869, 36.64704478474016], [117.00056642454948, 36.64671837410643], [116.99990963763808, 36.646458519054654], [116.99921619331063, 36.64626966577682], [116.99849795659182, 36.646155045604864], [116.99776721671105, 36.6461166197217], [116.99703647683029, 36.646155045604864], [116.99631824011148, 36.64626966577682], [116.99562479578402, 36.646458519054654], [116.99496800887263, 36.64671837410643], [116.99435911718342, 36.64704478474016], [116.99380853902206, 36.6474321659794], [116.99332569493349, 36.647873889623746], [116.99291884651396, 36.648362397659184], [116.99259495505272, 36.64888933157777], [116.99235956242248, 36.64944567539408], [116.9922166962564, 36.65002190991116], [116.9921688010342, 36.65060817559666], [116.9922166962564, 36.65119444128216], [116.99235956242248, 36.65177067579924], [116.99259495505272, 36.65232701961555], [116.99291884651396, 36.652853953534134], [116.99332569493349, 36.65334246156957], [116.99380853902206, 36.653784185213915], [116.99435911718342, 36.65417156645316], [116.99496800887263, 36.65449797708689], [116.99562479578402, 36.654757832138664], [116.99631824011148, 36.6549466854165], [116.99703647683029, 36.655061305588454], [116.99776721671105, 36.655099731471616]]]}}, {"type": "Feature", "properties": {"area_id": 960001561, "parent_id": 960001561, "name": "无人机管控区域", "kind": "circle", "radius_m": 500, "lat": 36.66983182795279, "lng": 117.01493489907423}, "geometry": {"type": "Polygon", "coordinates": [[[117.01493489907423, 36.67432338382775], [117.0156658214609, 36.674284957944586], [117.01638423756287, 36.67417033777263], [117.01707785508148, 36.673981484494796], [117.01773480602867, 36.67372162944302], [117.01834384979158, 36.67339521880929], [117.01889456546257, 36.67300783757005], [117.01937753014384, 36.672566113925704], [117.01978448017577, 36.672077605890266], [117.02010845253051, 36.67155067197168], [117.02034390395121, 36.67099432815537], [117.02048680579883, 36.67041809363829], [117.02053471298309, 36.66983182795279], [117.02048680579883, 36.66924556226729], [117.02034390395121, 36.66866932775021], [117.02010845253051, 36.6681129839339], [117.01978448017577, 36.667586050015316], [117.01937753014384, 36.66709754197988], [117.01889456546257, 36.666655818335535], [117.01834384979158, 36.66626843709629], [117.01773480602867, 36.66594202646256], [117.01707785508148, 36.665682171410786], [117.01638423756287, 36.66549331813295], [117.0156658214609, 36.665378697960996], [117.01493489907423, 36.665340272077835], [117.01420397668757, 36.665378697960996], [117.0134855605856, 36.66549331813295], [117.01279194306699, 36.665682171410786], [117.0121349921198, 36.66594202646256], [117.01152594835689, 36.66626843709629], [117.0109752326859, 36.666655818335535], [117.01049226800463, 36.66709754197988], [117.0100853179727, 36.667586050015316], [117.00976134561796, 36.6681129839339], [117.00952589419725, 36.66866932775021], [117.00938299234964, 36.66924556226729], [117.00933508516538, 36.66983182795279], [117.00938299234964, 36.67041809363829], [117.00952589419725, 36.67099432815537], [117.00976134561796, 36.67155067197168], [117.0100853179727, 36.672077605890266], [117.01049226800463, 36.672566113925704], [117.0109752326859, 36.67300783757005], [117.01152594835689, 36.67339521880929], [117.0121349921198, 36.67372162944302], [117.01279194306699, 36.673981484494796], [117.0134855605856, 36.67417033777263], [117.01420397668757, 36.674284957944586], [117.01493489907423, 36.67432338382775]]]}}, {"type": "Feature", "properties": {"area_id": 33237, "parent_id": 33237, "name": "QC", "kind": "circle", "radius_m": 500, "lat": 40.24184507215573, "lng": 116.38340248973627}, "geometry": {"type": "Polygon", "coordinates": [[[116.38340248973627, 40.24633662803069], [116.38417053234859, 40.24629820214753], [116.38492543353888, 40.24618358197557], [116.38565427673845, 40.24599472869774], [116.38634459123811, 40.245734873645965], [116.38698456556537, 40.24540846301223], [116.38756324958206, 40.24502108177299], [116.3880707418442, 40.24457935812865], [116.3884983590185, 40.24409085009321], [116.38883878445652, 40.24356391617462], [116.38908619338467, 40.243007572358316], [116.38923635256756, 40.24243133784123], [116.38928669273996, 40.24184507215573], [116.38923635256756, 40.241258806470235], [116.38908619338467, 40.24068257195315], [116.38883878445652, 40.240126228136845], [116.3884983590185, 40.23959929421826], [116.3880707418442, 40.23911078618282], [116.38756324958206, 40.23866906253848], [116.38698456556537, 40.238281681299235], [116.38634459123811, 40.2379552706655], [116.38565427673845, 40.23769541561373], [116.38492543353888, 40.237506562335895], [116.38417053234859, 40.23739194216394], [116.38340248973627, 40.23735351628078], [116.38263444712395, 40.23739194216394], [116.38187954593366, 40.237506562335895], [116.38115070273409, 40.23769541561373], [116.38046038823443, 40.2379552706655], [116.37982041390717, 40.238281681299235], [116.37924172989048, 40.23866906253848], [116.37873423762834, 40.23911078618282], [116.37830662045404, 40.23959929421826], [116.37796619501601, 40.240126228136845], [116.37771878608787, 40.24068257195315], [116.37756862690497, 40.241258806470235], [116.37751828673258, 40.24184507215573], [116.37756862690497, 40.24243133784123], [116.37771878608787, 40.243007572358316], [116.37796619501601, 40.24356391617462], [116.37830662045404, 40.24409085009321], [116.37873423762834, 40.24457935812865], [116.37924172989048, 40.24502108177299], [116.37982041390717, 40.24540846301223], [116.38046038823443, 40.245734873645965], [116.38115070273409, 40.24599472869774], [116.38187954593366, 40.24618358197557], [116.38263444712395, 40.24629820214753], [116.38340248973627, 40.24633662803069]]]}}, {"type": "Feature", "properties": {"area_id": 768100, "parent_id": 7681, "name": "Tangshan Sannühe Airport", "kind": "polygon", "radius_m": 13759, "lat": 39.70675838105, "lng": 117.9457294745}, "geometry": {"type": "Polygon", "coordinates": [[[117.910751358, 39.7426715713], [117.80249402, 39.7627478439], [117.79732652, 39.6923408552], [117.905630713, 39.7023586784], [117.925467217, 39.6754628599], [117.942258565, 39.6650489013], [117.961975193, 39.6583318905], [118.014930943, 39.6507689182], [118.049830639, 39.6558103431], [118.068403151, 39.6642406446], [118.094132429, 39.6905292172], [117.910751358, 39.7426715713]]]}}, {"type": "Feature", "properties": {"area_id": 768101, "parent_id": 7681, "name": "Tangshan Sannühe Airport", "kind": "polygon", "radius_m": 13954, "lat": 39.7282477902, "lng": 118.060041353}, "geometry": {"type": "Polygon", "coordinates": [[[118.205863642, 39.6722640726], [118.209331348, 39.7426648152], [118.097651842, 39.7360056066], [118.081241712, 39.7601019586], [118.065321741, 39.7713159563], [118.046163767, 39.7789777584], [117.991725758, 39.7842315078], [117.95368365, 39.7784338441], [117.935427205, 39.7695670193], [117.910751358, 39.7426715713], [118.094132429, 39.6905292172], [118.205863642, 39.6722640726]]]}}, {"type": "Feature", "properties": {"area_id": 580300, "parent_id": 5803, "name": "Beijing Capital International Airport", "kind": "polygon", "radius_m": 13300, "lat": 40.0423726686, "lng": 116.5333727447834}, "geometry": {"type": "Polygon", "coordinates": [[[116.5812988535668, 39.9286734239874], [116.531887323, 40.1589365693], [116.501807358, 40.1402111079], [116.491004429, 40.1258137412], [116.485446636, 40.1097688773], [116.485509238, 40.0931707072], [116.504197026, 40.0378780032], [116.51778496, 40.0249453024], [116.52834976037578, 40.020515502264765], [116.530146019, 40.0168743728], [116.54482453, 40.0046635138], [116.55515280455059, 40.00099394347831], [116.552131659, 39.9258087679], [116.5812988535668, 39.9286734239874]]]}}, {"type": "Feature", "properties": {"area_id": 580301, "parent_id": 5803, "name": "Beijing Capital International Airport", "kind": "polygon", "radius_m": 20170, "lat": 40.0800130148, "lng": 116.60273027950001}, "geometry": {"type": "Polygon", "coordinates": [[[116.66765921511806, 39.91731939897748], [116.686475069, 39.9194473909], [116.653096442, 39.9993790512], [116.688448291, 40.0210059869], [116.703564066, 40.051816582], [116.702842015, 40.0684056186], [116.682696313, 40.1288537117], [116.651507256, 40.1515415703], [116.631241313, 40.1575064069], [116.634575351, 40.2408284607], [116.58898831779446, 40.23812489537414], [116.589528167, 40.2525347862], [116.501896493, 40.2439516828], [116.531887323, 40.1589365693], [116.5812988535668, 39.9286734239874], [116.580446452, 39.9074912434], [116.668122456, 39.9160848651], [116.66765921511806, 39.91731939897748]]]}}, {"type": "Feature", "properties": {"area_id": 762000, "parent_id": 7620, "name": "Tianjin Binhai International Airport", "kind": "polygon", "radius_m": 19034, "lat": 39.12666740995, "lng": 117.31656555143029}, "geometry": {"type": "Polygon", "coordinates": [[[117.41806954586058, 38.974897163335214], [117.2974514319037, 39.281735580245034], [117.295824527, 39.2860853241], [117.215061557, 39.2568678994], [117.276745436, 39.1885988531], [117.254443524, 39.1595070795], [117.251545693, 39.1430616677], [117.254234695, 39.1265949999], [117.262323575, 39.1112288808], [117.303006875, 39.0606700361], [117.320915998, 39.0516092295], [117.362571787, 39.0455525319], [117.394175941, 38.9672494958], [117.41806954586058, 38.974897163335214]]]}}, {"type": "Feature", "properties": {"area_id": 762001, "parent_id": 7620, "name": "Tianjin Binhai International Airport", "kind": "polygon", "radius_m": 19208, "lat": 39.1283278786, "lng": 117.39702609595184}, "geometry": {"type": "Polygon", "coordinates": [[[117.420940008, 38.9672081627], [117.49660076, 38.9998060729], [117.434929083, 39.0681091661], [117.456939244, 39.0933803485], [117.4616381, 39.1095730912], [117.454409495, 39.1420043284], [117.434375027, 39.1737290966], [117.412758443, 39.1942092746], [117.394436084, 39.2028050139], [117.352447537, 39.2077666159], [117.317424066, 39.2894475945], [117.2974514319037, 39.281735580245034], [117.41806954586058, 38.974897163335214], [117.420940008, 38.9672081627]]]}}, {"type": "Feature", "properties": {"area_id": 4000006200, "parent_id": 40000062, "name": "Daxing International airport", "kind": "polygon", "radius_m": 12513, "lat": 39.51227819891716, "lng": 116.5569310072936}, "geometry": {"type": "Polygon", "coordinates": [[[116.547088756, 39.4743880119], [116.651080156, 39.4422558812], [116.670903609, 39.5065151324], [116.559325971, 39.5140391356], [116.555688831, 39.5318627533], [116.546726983, 39.5469536785], [116.51544547, 39.5693497352], [116.4429584055872, 39.58230051663433], [116.547088756, 39.4743880119]]]}}, {"type": "Feature", "properties": {"area_id": 4000006201, "parent_id": 40000062, "name": "Daxing International airport", "kind": "polygon", "radius_m": 16964, "lat": 39.44909500806716, "lng": 116.45122563749999}, "geometry": {"type": "Polygon", "coordinates": [[[116.4429584055872, 39.58230051663433], [116.358395627, 39.4023028038], [116.355362519, 39.3158894995], [116.41287165089976, 39.32124640747934], [116.412842078, 39.3202193017], [116.49758383, 39.3284369147], [116.49001260297698, 39.3494658186825], [116.500322841, 39.3519949317], [116.4742023575843, 39.39337840131824], [116.467602524, 39.411709283], [116.487926609, 39.4205796059], [116.513807477, 39.4467264333], [116.51470080036361, 39.44931727063865], [116.518221772, 39.450169412], [116.534717644, 39.4608125462], [116.547088756, 39.4743880119], [116.4429584055872, 39.58230051663433]]]}}, {"type": "Feature", "properties": {"area_id": 4000006202, "parent_id": 40000062, "name": "Daxing International airport", "kind": "polygon", "radius_m": 9972, "lat": 39.49887968785, "lng": 116.2789777572419}, "geometry": {"type": "Polygon", "coordinates": [[[116.32402972148381, 39.5613199545154], [116.253710972, 39.5829737485], [116.233925793, 39.518710279], [116.28436144187216, 39.515391759656794], [116.281798778, 39.5079982734], [116.287011688, 39.4583421827], [116.292905202, 39.4408154625], [116.31898082, 39.4147856272], [116.32402972148381, 39.5613199545154]]]}}, {"type": "Feature", "properties": {"area_id": 4000006203, "parent_id": 40000062, "name": "Daxing International airport", "kind": "polygon", "radius_m": 15197, "lat": 39.53546905515, "lng": 116.3667557925}, "geometry": {"type": "Polygon", "coordinates": [[[116.40563422660986, 39.6491955311697], [116.406221668, 39.6685535322], [116.37098093557353, 39.66517499114933], [116.37025512, 39.6686353065], [116.34648450350923, 39.66282650984302], [116.321092257, 39.6603921465], [116.32234376916566, 39.656927267936254], [116.288494629, 39.6486555947], [116.3191724847598, 39.60034848683243], [116.33150206862405, 39.565675593372326], [116.33146143711711, 39.56564135515534], [116.32402972148381, 39.5613199545154], [116.31898082, 39.4147856272], [116.358395627, 39.4023028038], [116.4429584055872, 39.58230051663433], [116.445016956, 39.6529995708], [116.40563422660986, 39.6491955311697]]]}}, {"type": "Feature", "properties": {"area_id": 960001570, "parent_id": 960001570, "name": "无人机管控区域", "kind": "circle", "radius_m": 500, "lat": 39.08428468336079, "lng": 117.19519567571481}, "geometry": {"type": "Polygon", "coordinates": [[[117.19519567571481, 39.08877623923575], [117.19595095922625, 39.08873781335259], [117.1966933196274, 39.08862319318063], [117.19741005492598, 39.0884343399028], [117.19808890158231, 39.088174484851024], [117.1987182443419, 39.08784807421729], [117.19928731497563, 39.08746069297805], [117.19978637652721, 39.087018969333705], [117.2002068899151, 39.08653046129827], [117.20054166003865, 39.08600352737968], [117.20078495888822, 39.085447183563375], [117.20093262355307, 39.08487094904629], [117.20098212744982, 39.08428468336079], [117.20093262355307, 39.08369841767529], [117.20078495888822, 39.08312218315821], [117.20054166003865, 39.0825658393419], [117.2002068899151, 39.08203890542332], [117.19978637652721, 39.08155039738788], [117.19928731497563, 39.081108673743536], [117.1987182443419, 39.08072129250429], [117.19808890158231, 39.08039488187056], [117.19741005492598, 39.08013502681879], [117.1966933196274, 39.079946173540954], [117.19595095922625, 39.079831553369], [117.19519567571481, 39.079793127485836], [117.19444039220338, 39.079831553369], [117.19369803180223, 39.079946173540954], [117.19298129650365, 39.08013502681879], [117.19230244984732, 39.08039488187056], [117.19167310708772, 39.08072129250429], [117.19110403645399, 39.081108673743536], [117.19060497490241, 39.08155039738788], [117.19018446151453, 39.08203890542332], [117.18984969139098, 39.0825658393419], [117.1896063925414, 39.08312218315821], [117.18945872787656, 39.08369841767529], [117.18940922397981, 39.08428468336079], [117.18945872787656, 39.08487094904629], [117.1896063925414, 39.085447183563375], [117.18984969139098, 39.08600352737968], [117.19018446151453, 39.08653046129827], [117.19060497490241, 39.087018969333705], [117.19110403645399, 39.08746069297805], [117.19167310708772, 39.08784807421729], [117.19230244984732, 39.088174484851024], [117.19298129650365, 39.0884343399028], [117.19369803180223, 39.08862319318063], [117.19444039220338, 39.08873781335259], [117.19519567571481, 39.08877623923575]]]}}, {"type": "Feature", "properties": {"area_id": 960003587, "parent_id": 960003587, "name": "禁飞区-2", "kind": "polygon", "radius_m": 74414, "lat": 40.55000338637325, "lng": 117.13333556394946}, "geometry": {"type": "Polygon", "coordinates": [[[116.66666648852464, 41.11667176601925], [116.91666236572294, 39.983335006727245], [117.24999862851126, 40.016661470499], [117.4833364321322, 40.18333571010814], [117.33333114325005, 40.43333542738354], [117.60000463937428, 40.68332778286769], [116.9833294734379, 40.816669605219246], [116.66666648852464, 41.11667176601925]]]}}, {"type": "Feature", "properties": {"area_id": 3276400, "parent_id": 32764, "name": "西郊", "kind": "polygon", "radius_m": 13578, "lat": 49.57204257945, "lng": 117.256157793}, "geometry": {"type": "Polygon", "coordinates": [[[117.229295458, 49.607799505], [117.111021222, 49.6445209893], [117.083445149, 49.5825790271], [117.210099099, 49.5675906], [117.223359919, 49.5369920712], [117.238987213, 49.5238533857], [117.259312799, 49.5137843894], [117.319588274, 49.5024746786], [117.363834375, 49.4995641696], [117.410724181, 49.5120580557], [117.428870437, 49.5237506067], [117.229295458, 49.607799505]]]}}, {"type": "Feature", "properties": {"area_id": 3276401, "parent_id": 32764, "name": "西郊", "kind": "polygon", "radius_m": 13567, "lat": 49.56122990745, "lng": 117.40292431}, "geometry": {"type": "Polygon", "coordinates": [[[117.547305323, 49.4888112631], [117.576553162, 49.5507548709], [117.448233681, 49.5640764362], [117.436759683, 49.5949214568], [117.421880416, 49.6084310792], [117.37878068, 49.6258518387], [117.342078411, 49.6308588679], [117.292938363, 49.6336485518], [117.268441073, 49.6287762485], [117.229295458, 49.607799505], [117.428870437, 49.5237506067], [117.547305323, 49.4888112631]]]}}, {"type": "Feature", "properties": {"area_id": 500200, "parent_id": 5002, "name": "Kinmen Airport", "kind": "polygon", "radius_m": 5632, "lat": 24.42888, "lng": 118.36101}, "geometry": {"type": "Polygon", "coordinates": [[[118.30566, 24.42971], [118.39337, 24.47001], [118.41636, 24.42804], [118.32867, 24.38775], [118.30566, 24.42971]]]}}, {"type": "Feature", "properties": {"area_id": 500201, "parent_id": 5002, "name": "Kinmen Airport", "kind": "polygon", "radius_m": 2918, "lat": 24.407185499999997, "lng": 118.314638}, "geometry": {"type": "Polygon", "coordinates": [[[118.30566, 24.42971], [118.32867, 24.38775], [118.326485, 24.384047], [118.322793, 24.386065], [118.319307, 24.388371], [118.316054, 24.390946], [118.313058, 24.393771], [118.310342, 24.396825], [118.307926, 24.400083], [118.30583, 24.403522], [118.30407, 24.407115], [118.302657, 24.410835], [118.301604, 24.414653], [118.300919, 24.418541], [118.300606, 24.422468], [118.300668, 24.426406], [118.301105, 24.430324], [118.30566, 24.42971]]]}}, {"type": "Feature", "properties": {"area_id": 500202, "parent_id": 5002, "name": "Kinmen Airport", "kind": "polygon", "radius_m": 2918, "lat": 24.4505775, "lng": 118.407399}, "geometry": {"type": "Polygon", "coordinates": [[[118.39337, 24.47001], [118.395566, 24.473724], [118.398536, 24.472131], [118.402746, 24.469396], [118.406621, 24.466273], [118.410117, 24.462797], [118.412219, 24.460301], [118.414125, 24.457677], [118.416598, 24.45353], [118.417977, 24.450643], [118.418584, 24.449168], [118.419626, 24.446165], [118.420436, 24.443103], [118.421012, 24.439996], [118.421349, 24.43686], [118.421428, 24.435286], [118.421304, 24.430562], [118.420921, 24.427431], [118.41636, 24.42804], [118.39337, 24.47001]]]}}, {"type": "Feature", "properties": {"area_id": 500203, "parent_id": 5002, "name": "Kinmen Airport", "kind": "polygon", "radius_m": 17382, "lat": 24.42884, "lng": 118.361035}, "geometry": {"type": "Polygon", "coordinates": [[[118.47791, 24.54311], [118.5309, 24.44622], [118.24432, 24.31457], [118.19117, 24.41136], [118.47791, 24.54311]]]}}, {"type": "Feature", "properties": {"area_id": 780200, "parent_id": 7802, "name": "Xiamen Gaoqi International Airport", "kind": "polygon", "radius_m": 14841, "lat": 24.49668270945, "lng": 118.08882455700001}, "geometry": {"type": "Polygon", "coordinates": [[[118.048683746, 24.5119919335], [117.967002715, 24.4703441621], [118.010014587, 24.4170743531], [118.075062887, 24.4820755846], [118.105368578, 24.4708894179], [118.123601879, 24.4705854994], [118.157261826, 24.48261593], [118.185619277, 24.5042991075], [118.205073709, 24.5276411786], [118.210646399, 24.5601609394], [118.206342614, 24.5762910658], [118.048683746, 24.5119919335]]]}}, {"type": "Feature", "properties": {"area_id": 780201, "parent_id": 7802, "name": "Xiamen Gaoqi International Airport", "kind": "polygon", "radius_m": 14932, "lat": 24.5907912639, "lng": 118.16805484400001}, "geometry": {"type": "Polygon", "coordinates": [[[118.291334461, 24.6179965233], [118.243259495, 24.6695905943], [118.178252243, 24.6095902232], [118.147337586, 24.6195555183], [118.129086293, 24.6191067027], [118.09603002, 24.6056884414], [118.069387937, 24.5840397293], [118.049896296, 24.5606430066], [118.044775227, 24.5447117671], [118.048683746, 24.5119919335], [118.206342614, 24.5762910658], [118.291334461, 24.6179965233]]]}}, {"type": "Feature", "properties": {"area_id": 802200, "parent_id": 8022, "name": "Wang-an Airport", "kind": "polygon", "radius_m": 4900, "lat": 23.36919, "lng": 119.50359499999999}, "geometry": {"type": "Polygon", "coordinates": [[[119.4943, 23.41237], [119.5418, 23.39554], [119.51287, 23.32601], [119.46539, 23.34284], [119.4943, 23.41237]]]}}, {"type": "Feature", "properties": {"area_id": 802201, "parent_id": 8022, "name": "Wang-an Airport", "kind": "polygon", "radius_m": 2890, "lat": 23.3317155, "lng": 119.48779250000001}, "geometry": {"type": "Polygon", "coordinates": [[[119.51287, 23.32601], [119.513974, 23.321924], [119.509794, 23.321139], [119.505557, 23.320694], [119.501293, 23.320591], [119.497036, 23.320832], [119.492818, 23.321414], [119.488671, 23.322334], [119.484626, 23.323584], [119.480714, 23.325154], [119.476966, 23.327033], [119.473409, 23.329207], [119.47007, 23.331659], [119.466976, 23.33437], [119.464149, 23.337319], [119.461611, 23.340485], [119.46539, 23.34284], [119.51287, 23.32601]]]}}, {"type": "Feature", "properties": {"area_id": 802202, "parent_id": 8022, "name": "Wang-an Airport", "kind": "polygon", "radius_m": 2890, "lat": 23.406672, "lng": 119.519396}, "geometry": {"type": "Polygon", "coordinates": [[[119.4943, 23.41237], [119.493202, 23.416471], [119.497385, 23.417256], [119.501626, 23.417702], [119.505892, 23.417804], [119.510153, 23.417563], [119.514374, 23.41698], [119.518524, 23.41606], [119.522571, 23.41481], [119.526484, 23.413238], [119.530235, 23.411358], [119.533793, 23.409183], [119.537132, 23.40673], [119.540227, 23.404017], [119.543053, 23.401066], [119.54559, 23.397899], [119.5418, 23.39554], [119.4943, 23.41237]]]}}, {"type": "Feature", "properties": {"area_id": 802203, "parent_id": 8022, "name": "Wang-an Airport", "kind": "polygon", "radius_m": 16624, "lat": 23.369194999999998, "lng": 119.503675}, "geometry": {"type": "Polygon", "coordinates": [[[119.50284, 23.51853], [119.6125, 23.47964], [119.50434, 23.21986], [119.39485, 23.25866], [119.50284, 23.51853]]]}}, {"type": "Feature", "properties": {"area_id": 3255700, "parent_id": 32557, "name": "Jinjiang Airport", "kind": "polygon", "radius_m": 14397, "lat": 24.73994783575, "lng": 118.56788163050001}, "geometry": {"type": "Polygon", "coordinates": [[[118.530305056, 24.7431909176], [118.468620055, 24.6765531983], [118.535585032, 24.6421920844], [118.56718942, 24.7221672562], [118.600133705, 24.7230347108], [118.616983619, 24.7294578533], [118.642492909, 24.7528349183], [118.667143206, 24.8052494692], [118.666481964, 24.8218368533], [118.661112373, 24.8377035871], [118.530305056, 24.7431909176]]]}}, {"type": "Feature", "properties": {"area_id": 3255701, "parent_id": 32557, "name": "Jinjiang Airport", "kind": "polygon", "radius_m": 14167, "lat": 24.848007, "lng": 118.6098530575}, "geometry": {"type": "Polygon", "coordinates": [[[118.708045257, 24.9184818891], [118.646117502, 24.9528230824], [118.611119693, 24.8694904589], [118.578025813, 24.8700681391], [118.560842141, 24.8643726723], [118.534132931, 24.8421046008], [118.514722208, 24.8051787269], [118.511660858, 24.7888147973], [118.513369136, 24.7722891807], [118.530305056, 24.7431909176], [118.661112373, 24.8377035871], [118.651398821, 24.8517679063], [118.708045257, 24.9184818891]]]}}, {"type": "Feature", "properties": {"area_id": 682500, "parent_id": 6825, "name": "Magong Airport", "kind": "polygon", "radius_m": 5855, "lat": 23.568620000000003, "lng": 119.62824499999999}, "geometry": {"type": "Polygon", "coordinates": [[[119.58808, 23.53124], [119.62001, 23.62067], [119.66841, 23.60599], [119.63645, 23.51657], [119.58808, 23.53124]]]}}, {"type": "Feature", "properties": {"area_id": 682501, "parent_id": 6825, "name": "Magong Airport", "kind": "polygon", "radius_m": 2879, "lat": 23.616308264849998, "lng": 119.645382799}, "geometry": {"type": "Polygon", "coordinates": [[[119.62001, 23.62067], [119.66841, 23.60599], [119.672076294, 23.6085141811], [119.667746834, 23.613160385], [119.662774534, 23.6172238005], [119.657250891, 23.6206296077], [119.651277581, 23.6233150891], [119.644964583, 23.6252307877], [119.638428149, 23.6263414204], [119.631788661, 23.6266265297], [119.625168402, 23.6260808619], [119.618689304, 23.6247144643], [119.62001, 23.62067]]]}}, {"type": "Feature", "properties": {"area_id": 682502, "parent_id": 6825, "name": "Magong Airport", "kind": "polygon", "radius_m": 2879, "lat": 23.52093016235, "lng": 119.6111035285}, "geometry": {"type": "Polygon", "coordinates": [[[119.58808, 23.53124], [119.58442703, 23.528720126], [119.588756786, 23.5240761894], [119.593727988, 23.5200151192], [119.599249183, 23.51661158], [119.605218831, 23.5139281412], [119.611527168, 23.5120141304], [119.618058224, 23.5109047283], [119.624691949, 23.5106203247], [119.631306409, 23.5111661445], [119.637780027, 23.5125321525], [119.63645, 23.51657], [119.58808, 23.53124]]]}}, {"type": "Feature", "properties": {"area_id": 682503, "parent_id": 6825, "name": "Magong Airport", "kind": "polygon", "radius_m": 17648, "lat": 23.568620000000003, "lng": 119.62833499999999}, "geometry": {"type": "Polygon", "coordinates": [[[119.62294, 23.72708], [119.7347, 23.69316], [119.63352, 23.41016], [119.52197, 23.444], [119.62294, 23.72708]]]}}, {"type": "Feature", "properties": {"area_id": 191300, "parent_id": 1913, "name": "Chi Mei Airport", "kind": "polygon", "radius_m": 4883, "lat": 23.21309, "lng": 119.417555}, "geometry": {"type": "Polygon", "coordinates": [[[119.38048, 23.18568], [119.40659, 23.25578], [119.45463, 23.24048], [119.4285, 23.1704], [119.38048, 23.18568]]]}}, {"type": "Feature", "properties": {"area_id": 191301, "parent_id": 1913, "name": "Chi Mei Airport", "kind": "polygon", "radius_m": 2882, "lat": 23.1751425, "lng": 119.4032765}, "geometry": {"type": "Polygon", "coordinates": [[[119.38048, 23.18568], [119.4285, 23.1704], [119.429762, 23.166346], [119.425619, 23.165427], [119.421406, 23.164845], [119.417153, 23.164605], [119.412895, 23.164709], [119.408662, 23.165155], [119.404487, 23.16594], [119.400403, 23.167059], [119.396439, 23.168502], [119.392626, 23.17026], [119.388993, 23.172318], [119.385568, 23.17466], [119.382377, 23.17727], [119.379444, 23.180127], [119.376791, 23.183209], [119.38048, 23.18568]]]}}, {"type": "Feature", "properties": {"area_id": 191302, "parent_id": 1913, "name": "Chi Mei Airport", "kind": "polygon", "radius_m": 2882, "lat": 23.2510305, "lng": 119.4318315}, "geometry": {"type": "Polygon", "coordinates": [[[119.40659, 23.25578], [119.405333, 23.259839], [119.409478, 23.260759], [119.413695, 23.261341], [119.41795, 23.261581], [119.422212, 23.261477], [119.426447, 23.261031], [119.430625, 23.260245], [119.434712, 23.259125], [119.438678, 23.25768], [119.442493, 23.255922], [119.446127, 23.253863], [119.449553, 23.251519], [119.452745, 23.248908], [119.455678, 23.24605], [119.45833, 23.242966], [119.45463, 23.24048], [119.40659, 23.25578]]]}}, {"type": "Feature", "properties": {"area_id": 191303, "parent_id": 1913, "name": "Chi Mei Airport", "kind": "polygon", "radius_m": 16607, "lat": 23.21309, "lng": 119.41763499999999}, "geometry": {"type": "Polygon", "coordinates": [[[119.41109, 23.36215], [119.52203, 23.32682], [119.42399, 23.06403], [119.31324, 23.09928], [119.41109, 23.36215]]]}}, {"type": "Feature", "properties": {"area_id": 411100, "parent_id": 4111, "name": "Matsu Nangan Airport", "kind": "polygon", "radius_m": 5224, "lat": 26.15977, "lng": 119.958465}, "geometry": {"type": "Polygon", "coordinates": [[[119.91521, 26.13372], [119.95508, 26.2066], [120.00172, 26.18582], [119.96184, 26.11294], [119.91521, 26.13372]]]}}, {"type": "Feature", "properties": {"area_id": 411101, "parent_id": 4111, "name": "Matsu Nangan Airport", "kind": "polygon", "radius_m": 2908, "lat": 26.1209955, "lng": 119.93683899999999}, "geometry": {"type": "Polygon", "coordinates": [[[119.91521, 26.13372], [119.96184, 26.11294], [119.962552, 26.108782], [119.958217, 26.108355], [119.953857, 26.108271], [119.949506, 26.10853], [119.945196, 26.109131], [119.940961, 26.110068], [119.936832, 26.111334], [119.932841, 26.112921], [119.929018, 26.114816], [119.925392, 26.117004], [119.921991, 26.119469], [119.918842, 26.122192], [119.915966, 26.125152], [119.913388, 26.128327], [119.911126, 26.131694], [119.91521, 26.13372]]]}}, {"type": "Feature", "properties": {"area_id": 411102, "parent_id": 4111, "name": "Matsu Nangan Airport", "kind": "polygon", "radius_m": 2907, "lat": 26.198552, "lng": 119.9800995}, "geometry": {"type": "Polygon", "coordinates": [[[119.95508, 26.2066], [119.954374, 26.210773], [119.958712, 26.2112], [119.963076, 26.211284], [119.967431, 26.211024], [119.971744, 26.210423], [119.975983, 26.209485], [119.980115, 26.208217], [119.984109, 26.206629], [119.987934, 26.204733], [119.991561, 26.202543], [119.994962, 26.200077], [119.998112, 26.197352], [120.000987, 26.19439], [120.003565, 26.191213], [120.005825, 26.187845], [120.00172, 26.18582], [119.95508, 26.2066]]]}}, {"type": "Feature", "properties": {"area_id": 411103, "parent_id": 4111, "name": "Matsu Nangan Airport", "kind": "polygon", "radius_m": 16971, "lat": 26.15977, "lng": 119.95857000000001}, "geometry": {"type": "Polygon", "coordinates": [[[119.97459, 26.31153], [120.08229, 26.26353], [119.94238, 26.00801], [119.83485, 26.05591], [119.97459, 26.31153]]]}}, {"type": "Feature", "properties": {"area_id": 633900, "parent_id": 6339, "name": "Matsu Beigan Airport", "kind": "polygon", "radius_m": 5039, "lat": 26.22428, "lng": 120.00279}, "geometry": {"type": "Polygon", "coordinates": [[[119.95961, 26.20121], [120.00007, 26.26948], [120.04597, 26.24734], [120.00549, 26.17908], [119.95961, 26.20121]]]}}, {"type": "Feature", "properties": {"area_id": 633901, "parent_id": 6339, "name": "Matsu Beigan Airport", "kind": "polygon", "radius_m": 2913, "lat": 26.1879065, "lng": 119.9807515}, "geometry": {"type": "Polygon", "coordinates": [[[119.95961, 26.20121], [119.955448, 26.199304], [119.95759, 26.195874], [119.960055, 26.192625], [119.962824, 26.189582], [119.965876, 26.186768], [119.969189, 26.184205], [119.972736, 26.181912], [119.976491, 26.179907], [119.980425, 26.178205], [119.984509, 26.176818], [119.988711, 26.175758], [119.993, 26.175032], [119.997342, 26.174646], [120.001705, 26.174603], [120.006055, 26.174903], [120.00549, 26.17908], [119.95961, 26.20121]]]}}, {"type": "Feature", "properties": {"area_id": 633902, "parent_id": 6339, "name": "Matsu Beigan Airport", "kind": "polygon", "radius_m": 2913, "lat": 26.260653, "lng": 120.02482850000001}, "geometry": {"type": "Polygon", "coordinates": [[[120.04597, 26.24734], [120.00007, 26.26948], [119.999514, 26.273666], [120.003868, 26.273966], [120.008235, 26.273922], [120.012581, 26.273536], [120.016872, 26.272809], [120.021078, 26.271748], [120.025164, 26.27036], [120.029101, 26.268656], [120.032857, 26.266649], [120.036406, 26.264355], [120.039719, 26.26179], [120.042771, 26.258975], [120.045539, 26.255931], [120.048003, 26.25268], [120.050143, 26.249249], [120.04597, 26.24734]]]}}, {"type": "Feature", "properties": {"area_id": 633903, "parent_id": 6339, "name": "Matsu Beigan Airport", "kind": "polygon", "radius_m": 16770, "lat": 26.224275, "lng": 120.002885}, "geometry": {"type": "Polygon", "coordinates": [[[120.02335, 26.37378], [120.12932, 26.32266], [119.98227, 26.07477], [119.87645, 26.12579], [120.02335, 26.37378]]]}}, {"type": "Feature", "properties": {"area_id": 39300, "parent_id": 393, "name": "Fuzhou Changle International Airport", "kind": "polygon", "radius_m": 14399, "lat": 25.98630346165, "lng": 119.6813324145}, "geometry": {"type": "Polygon", "coordinates": [[[119.779721484, 26.0635072027], [119.712701317, 26.096123855], [119.682707568, 26.0127931395], [119.649226776, 26.0096968126], [119.632793092, 26.0021234443], [119.619102845, 25.9909840223], [119.590789973, 25.9520995402], [119.582943345, 25.9207969762], [119.585961542, 25.9044222498], [119.60529877, 25.8764830683], [119.724734586, 25.9935179562], [119.779721484, 26.0635072027]]]}}, {"type": "Feature", "properties": {"area_id": 39301, "parent_id": 393, "name": "Fuzhou Changle International Airport", "kind": "polygon", "radius_m": 14528, "lat": 25.88368741425, "lng": 119.6463802995}, "geometry": {"type": "Polygon", "coordinates": [[[119.60529877, 25.8764830683], [119.550282539, 25.8064864581], [119.613919332, 25.7738568723], [119.643957232, 25.8572063904], [119.675454461, 25.8589616425], [119.692313647, 25.8656960981], [119.717527353, 25.8895414324], [119.734229344, 25.9212674698], [119.74247806, 25.9475431146], [119.735096643, 25.9797795705], [119.724734586, 25.9935179562], [119.60529877, 25.8764830683]]]}}, {"type": "Feature", "properties": {"area_id": 960001560, "parent_id": 960001560, "name": "无人机管控区域", "kind": "circle", "radius_m": 500, "lat": 26.1062045202463, "lng": 119.29233919412854}, "geometry": {"type": "Polygon", "coordinates": [[[119.29233919412854, 26.110696076121258], [119.29299206583097, 26.1106576502381], [119.29363376671755, 26.11054303006614], [119.29425331710821, 26.110354176788302], [119.294840116324, 26.11009432173653], [119.29538412406764, 26.1097679111028], [119.2958760322158, 26.10938052986356], [119.2963074240837, 26.10893880621921], [119.29667091843685, 26.10845029818378], [119.2969602957861, 26.10792336426519], [119.2971706048048, 26.10736702044888], [119.2972982470473, 26.106790785931803], [119.29734103851945, 26.1062045202463], [119.2972982470473, 26.1056182545608], [119.2971706048048, 26.105042020043722], [119.2969602957861, 26.104485676227412], [119.29667091843685, 26.103958742308823], [119.2963074240837, 26.10347023427339], [119.2958760322158, 26.10302851062904], [119.29538412406764, 26.102641129389802], [119.294840116324, 26.102314718756073], [119.29425331710821, 26.1020548637043], [119.29363376671755, 26.101866010426463], [119.29299206583097, 26.101751390254503], [119.29233919412854, 26.101712964371345], [119.29168632242612, 26.101751390254503], [119.29104462153954, 26.101866010426463], [119.29042507114887, 26.1020548637043], [119.28983827193309, 26.102314718756073], [119.28929426418945, 26.102641129389802], [119.28880235604129, 26.10302851062904], [119.2883709641734, 26.10347023427339], [119.28800746982024, 26.103958742308823], [119.28771809247098, 26.104485676227412], [119.28750778345228, 26.105042020043722], [119.2873801412098, 26.1056182545608], [119.28733734973764, 26.1062045202463], [119.2873801412098, 26.106790785931803], [119.28750778345228, 26.10736702044888], [119.28771809247098, 26.10792336426519], [119.28800746982024, 26.10845029818378], [119.2883709641734, 26.10893880621921], [119.28880235604129, 26.10938052986356], [119.28929426418945, 26.1097679111028], [119.28983827193309, 26.11009432173653], [119.29042507114887, 26.110354176788302], [119.29104462153954, 26.11054303006614], [119.29168632242612, 26.1106576502381], [119.29233919412854, 26.110696076121258]]]}}, {"type": "Feature", "properties": {"area_id": 275200, "parent_id": 2752, "name": "Quzhou Airport", "kind": "polygon", "radius_m": 14334, "lat": 28.92081672725, "lng": 118.857800781}, "geometry": {"type": "Polygon", "coordinates": [[[118.816983825, 28.9403669235], [118.731964838, 28.900387095], [118.774985161, 28.8487410168], [118.845, 28.9054076164], [118.87849612, 28.8934982817], [118.897454159, 28.8934393839], [118.932240725, 28.905919558], [118.966401886, 28.9303856555], [118.97674586, 28.944298002], [118.983636724, 28.9766535286], [118.979709856, 28.9928924377], [118.816983825, 28.9403669235]]]}}, {"type": "Feature", "properties": {"area_id": 275201, "parent_id": 2752, "name": "Quzhou Airport", "kind": "polygon", "radius_m": 14568, "lat": 29.0124795248, "lng": 118.9418524845}, "geometry": {"type": "Polygon", "coordinates": [[[119.069692536, 29.0295842938], [119.021637529, 29.0845921261], [118.951666667, 29.0279257169], [118.920066527, 29.0391467998], [118.901084701, 29.0394448278], [118.882662496, 29.0354349034], [118.84440445, 29.0140665016], [118.819866293, 28.988965108], [118.814012433, 28.9731765504], [118.816983825, 28.9403669235], [118.979709856, 28.9928924377], [119.069692536, 29.0295842938]]]}}, {"type": "Feature", "properties": {"area_id": 960003073, "parent_id": 960003073, "name": "丽水机场2", "kind": "polygon", "radius_m": 4541, "lat": 28.374006067091827, "lng": 119.84968488594589}, "geometry": {"type": "Polygon", "coordinates": [[[119.82393363149956, 28.407903105446394], [119.84678808936383, 28.334067046422838], [119.87103169903942, 28.349099056279776], [119.87543614039224, 28.403819466476314], [119.86936770594706, 28.408906582699366], [119.85447722154868, 28.413945087760816], [119.8385163803823, 28.4135987185362], [119.82393363149956, 28.407903105446394]]]}}, {"type": "Feature", "properties": {"area_id": 960003075, "parent_id": 960003075, "name": "丽水机场4", "kind": "polygon", "radius_m": 4423, "lat": 28.356911702286613, "lng": 119.78056756749805}, "geometry": {"type": "Polygon", "coordinates": [[[119.76142036571473, 28.337665448397374], [119.77480840811812, 28.320931787253755], [119.79532735553872, 28.338161941421056], [119.79971476928137, 28.39289161731947], [119.78871318451107, 28.382724995494144], [119.78296658009143, 28.369627069082178], [119.78337328022053, 28.35560162198398], [119.78675235375962, 28.348873143681487], [119.76142036571473, 28.337665448397374]]]}}, {"type": "Feature", "properties": {"area_id": 960003072, "parent_id": 960003072, "name": "丽水机场1", "kind": "polygon", "radius_m": 4423, "lat": 28.385075403803135, "lng": 119.89019215212194}, "geometry": {"type": "Polygon", "coordinates": [[[119.87103169903942, 28.349099056279776], [119.88203734811441, 28.359267011833808], [119.88777829419192, 28.37235894208728], [119.88739093856955, 28.38638506658149], [119.88399122656224, 28.393119781483335], [119.90935260520446, 28.40431860442527], [119.89595676757544, 28.421051751326495], [119.87543614039224, 28.403819466476314], [119.87103169903942, 28.349099056279776]]]}}, {"type": "Feature", "properties": {"area_id": 960003074, "parent_id": 960003074, "name": "丽水机场3", "kind": "polygon", "radius_m": 4542, "lat": 28.367974585584268, "lng": 119.82105772245127}, "geometry": {"type": "Polygon", "coordinates": [[[119.79532735553872, 28.338161941421056], [119.80138051589998, 28.333097172186854], [119.81625092912707, 28.32804214779223], [119.83220347513384, 28.32837290867503], [119.84678222056615, 28.334063125466905], [119.84678808936383, 28.334067046422838], [119.82393363149956, 28.407903105446394], [119.82393949404539, 28.407907023376303], [119.79971476928137, 28.39289161731947], [119.79532735553872, 28.338161941421056]]]}}, {"type": "Feature", "properties": {"area_id": 1589200, "parent_id": 15892, "name": "Tunxi International Airport", "kind": "polygon", "radius_m": 14558, "lat": 29.76068618555, "lng": 118.1975870875}, "geometry": {"type": "Polygon", "coordinates": [[[118.203332274, 29.7962466976], [118.138434249, 29.8579226713], [118.088608954, 29.804641874], [118.173597256, 29.7630133134], [118.170980905, 29.7320149227], [118.176714216, 29.7161810442], [118.186968551, 29.7021747188], [118.222688971, 29.6759628535], [118.251134384, 29.6634496998], [118.289007777, 29.6638601368], [118.306565221, 29.6703990915], [118.203332274, 29.7962466976]]]}}, {"type": "Feature", "properties": {"area_id": 1589201, "parent_id": 15892, "name": "Tunxi International Airport", "kind": "polygon", "radius_m": 14369, "lat": 29.70852428545, "lng": 118.3123564155}, "geometry": {"type": "Polygon", "coordinates": [[[118.37665188, 29.610407682], [118.421380557, 29.6637155564], [118.336397484, 29.7036676383], [118.340771685, 29.7329336314], [118.336301503, 29.7490716805], [118.327170766, 29.7636548049], [118.292311075, 29.7907042867], [118.258399226, 29.805453069], [118.23931955, 29.8066408889], [118.203332274, 29.7962466976], [118.306565221, 29.6703990915], [118.37665188, 29.610407682]]]}}, {"type": "Feature", "properties": {"area_id": 10243, "parent_id": 10243, "name": "杭州西湖西子国宾馆", "kind": "circle", "radius_m": 151, "lat": 30.233528, "lng": 120.152342}, "geometry": {"type": "Polygon", "coordinates": [[[120.152342, 30.234884449874237], [120.15254692624319, 30.234872845257524], [120.15274834614154, 30.23483822996559], [120.15294281334474, 30.234781196275684], [120.15312700046503, 30.23470272005005], [120.15329775600972, 30.234604144038663], [120.1534521583041, 30.23448715490441], [120.15358756548211, 30.23435375436382], [120.15370166068939, 30.234206224937118], [120.1537924917253, 30.234047090893704], [120.15385850444564, 30.23387907506118], [120.15389856935445, 30.23370505223702], [120.15391200093005, 30.233528], [120.15389856935445, 30.23335094776298], [120.15385850444564, 30.23317692493882], [120.1537924917253, 30.233008909106296], [120.15370166068939, 30.23284977506288], [120.15358756548211, 30.23270224563618], [120.1534521583041, 30.23256884509559], [120.15329775600972, 30.232451855961337], [120.15312700046503, 30.23235327994995], [120.15294281334474, 30.232274803724316], [120.15274834614154, 30.23221777003441], [120.15254692624319, 30.232183154742476], [120.152342, 30.232171550125763], [120.15213707375682, 30.232183154742476], [120.15193565385847, 30.23221777003441], [120.15174118665527, 30.232274803724316], [120.15155699953498, 30.23235327994995], [120.15138624399029, 30.232451855961337], [120.1512318416959, 30.23256884509559], [120.1510964345179, 30.23270224563618], [120.15098233931062, 30.23284977506288], [120.15089150827471, 30.233008909106296], [120.15082549555437, 30.23317692493882], [120.15078543064556, 30.23335094776298], [120.15077199906996, 30.233528], [120.15078543064556, 30.23370505223702], [120.15082549555437, 30.23387907506118], [120.15089150827471, 30.234047090893704], [120.15098233931062, 30.234206224937118], [120.1510964345179, 30.23435375436382], [120.1512318416959, 30.23448715490441], [120.15138624399029, 30.234604144038663], [120.15155699953498, 30.23470272005005], [120.15174118665527, 30.234781196275684], [120.15193565385847, 30.23483822996559], [120.15213707375682, 30.234872845257524], [120.152342, 30.234884449874237]]]}}, {"type": "Feature", "properties": {"area_id": 960001559, "parent_id": 960001559, "name": "无人机管控区域", "kind": "circle", "radius_m": 500, "lat": 30.269092441718925, "lng": 120.14835369508685}, "geometry": {"type": "Polygon", "coordinates": [[[120.14835369508685, 30.27358399759388], [120.1490325044975, 30.273545571710724], [120.14969969929092, 30.273430951538764], [120.15034386357922, 30.273242098260926], [120.15095397553286, 30.272982243209153], [120.15151959596712, 30.272655832575424], [120.15203104695956, 30.272268451336185], [120.15247957744191, 30.271826727691835], [120.15285751293325, 30.271338219656403], [120.15315838685255, 30.270811285737814], [120.15337705116363, 30.270254941921504], [120.1535097644595, 30.269678707404427], [120.15355425597886, 30.269092441718925], [120.1535097644595, 30.268506176033423], [120.15337705116363, 30.267929941516346], [120.15315838685255, 30.267373597700036], [120.15285751293325, 30.266846663781447], [120.15247957744191, 30.266358155746016], [120.15203104695956, 30.265916432101665], [120.15151959596712, 30.265529050862426], [120.15095397553286, 30.265202640228697], [120.15034386357922, 30.264942785176924], [120.14969969929092, 30.264753931899087], [120.1490325044975, 30.264639311727127], [120.14835369508685, 30.26460088584397], [120.14767488567621, 30.264639311727127], [120.14700769088279, 30.264753931899087], [120.14636352659448, 30.264942785176924], [120.14575341464085, 30.265202640228697], [120.14518779420659, 30.265529050862426], [120.14467634321414, 30.265916432101665], [120.1442278127318, 30.266358155746016], [120.14384987724046, 30.266846663781447], [120.14354900332116, 30.267373597700036], [120.14333033901008, 30.267929941516346], [120.14319762571421, 30.268506176033423], [120.14315313419485, 30.269092441718925], [120.14319762571421, 30.269678707404427], [120.14333033901008, 30.270254941921504], [120.14354900332116, 30.270811285737814], [120.14384987724046, 30.271338219656403], [120.1442278127318, 30.271826727691835], [120.14467634321414, 30.272268451336185], [120.14518779420659, 30.272655832575424], [120.14575341464085, 30.272982243209153], [120.14636352659448, 30.273242098260926], [120.14700769088279, 30.273430951538764], [120.14767488567621, 30.273545571710724], [120.14835369508685, 30.27358399759388]]]}}, {"type": "Feature", "properties": {"area_id": 4000154300, "parent_id": 40001543, "name": "安徽芜湖机场", "kind": "polygon", "radius_m": 14701, "lat": 31.151922378800002, "lng": 118.706465405}, "geometry": {"type": "Polygon", "coordinates": [[[118.749674301, 31.13662425], [118.835960079, 31.1816223481], [118.786542702, 31.2323727175], [118.719205852, 31.1679361505], [118.681526164, 31.1798775568], [118.662149918, 31.1790449828], [118.627398792, 31.1649332785], [118.589688948, 31.134873412], [118.580940582, 31.1200605845], [118.576970731, 31.103814061], [118.584095176, 31.0714720401], [118.749674301, 31.13662425]]]}}, {"type": "Feature", "properties": {"area_id": 4000154301, "parent_id": 40001543, "name": "安徽芜湖机场", "kind": "polygon", "radius_m": 14746, "lat": 31.05616842665, "lng": 118.62683609300001}, "geometry": {"type": "Polygon", "coordinates": [[[118.497989972, 31.0264556145], [118.547335013, 30.9757126033], [118.614495104, 31.0402296927], [118.633155879, 31.0317918141], [118.671437844, 31.0291164752], [118.689878697, 31.0341967815], [118.729624768, 31.0599285383], [118.752699036, 31.0880296269], [118.755682214, 31.1208428389], [118.749674301, 31.13662425], [118.584095176, 31.0714720401], [118.497989972, 31.0264556145]]]}}, {"type": "Feature", "properties": {"area_id": 425600, "parent_id": 4256, "name": "Nanjing Lukou Airport", "kind": "polygon", "radius_m": 14947, "lat": 31.67578203915, "lng": 118.817501252}, "geometry": {"type": "Polygon", "coordinates": [[[118.95305205, 31.7444882252], [118.773641083, 31.7170979236], [118.681987776, 31.6855236318], [118.69413876380273, 31.666763984091695], [118.681950454, 31.6621136072], [118.724926193, 31.6070758531], [118.80156537, 31.6620772387], [118.830722336, 31.6499514608], [118.85011335, 31.6482148198], [118.869372261, 31.6508068112], [118.918887237, 31.6742341249], [118.94482918, 31.6963299481], [118.952534769, 31.7115786879], [118.95305205, 31.7444882252]]]}}, {"type": "Feature", "properties": {"area_id": 425601, "parent_id": 4256, "name": "Nanjing Lukou Airport", "kind": "polygon", "radius_m": 14821, "lat": 31.7858443278, "lng": 118.907773048}, "geometry": {"type": "Polygon", "coordinates": [[[119.03359172756116, 31.795683094414095], [119.04470683, 31.799528245], [119.001742566, 31.854590732], [118.9251013, 31.8029227701], [118.895996518, 31.8150149318], [118.876571696, 31.816760707], [118.839431783, 31.8074254762], [118.804429277, 31.7874239225], [118.780364314, 31.765424439], [118.773131554, 31.7500075487], [118.770839266, 31.7335241849], [118.773641083, 31.7170979236], [118.95305205, 31.7444882252], [119.044706175, 31.7795274919], [119.03359172756116, 31.795683094414095]]]}}, {"type": "Feature", "properties": {"area_id": 218500, "parent_id": 2185, "name": "Changzhou Airport", "kind": "polygon", "radius_m": 14070, "lat": 31.9115978815, "lng": 119.8345662115}, "geometry": {"type": "Polygon", "coordinates": [[[119.940381804, 31.8321167862], [119.967901271, 31.8956974884], [119.869555519, 31.9157134082], [119.861039647, 31.9463101792], [119.849788662, 31.9598884927], [119.834775646, 31.9705318412], [119.785357694, 31.98751327], [119.751643544, 31.9910789768], [119.732614554, 31.9872032822], [119.701231152, 31.9678501096], [119.852063779, 31.8754332901], [119.940381804, 31.8321167862]]]}}, {"type": "Feature", "properties": {"area_id": 218501, "parent_id": 2185, "name": "Changzhou Airport", "kind": "polygon", "radius_m": 14088, "lat": 31.9292231108, "lng": 119.71708809649999}, "geometry": {"type": "Polygon", "coordinates": [[[119.701231152, 31.9678501096], [119.609582716, 32.0062083021], [119.582112414, 31.9426179136], [119.683788412, 31.9259401775], [119.691527979, 31.8995279087], [119.702409484, 31.8857385799], [119.717120219, 31.8748088202], [119.767990587, 31.855815768], [119.801693322, 31.8522379195], [119.820696657, 31.8561056469], [119.852063779, 31.8754332901], [119.701231152, 31.9678501096]]]}}, {"type": "Feature", "properties": {"area_id": 3223600, "parent_id": 32236, "name": "扬州泰州机场", "kind": "polygon", "radius_m": 13918, "lat": 32.6083069254, "lng": 119.6798062095}, "geometry": {"type": "Polygon", "coordinates": [[[119.724336782, 32.6442698432], [119.716013192, 32.7292600098], [119.635275637, 32.7137974428], [119.675288014, 32.6371538585], [119.650919847, 32.6162097893], [119.643038414, 32.6009971641], [119.642305511, 32.5680904799], [119.650627895, 32.539795246], [119.666565751, 32.5103750927], [119.680907233, 32.499007767], [119.717400146, 32.487353841], [119.724336782, 32.6442698432]]]}}, {"type": "Feature", "properties": {"area_id": 3223601, "parent_id": 32236, "name": "扬州泰州机场", "kind": "polygon", "radius_m": 13886, "lat": 32.5233266013, "lng": 119.7602241665}, "geometry": {"type": "Polygon", "coordinates": [[[119.724021331, 32.4023833594], [119.803048187, 32.4178588522], [119.76470763, 32.4995083118], [119.788070092, 32.5203008716], [119.795745523, 32.5355855953], [119.798468838, 32.5520243088], [119.791040308, 32.5968682346], [119.775668687, 32.6219220719], [119.761102747, 32.6331030324], [119.724336782, 32.6442698432], [119.717400146, 32.487353841], [119.724021331, 32.4023833594]]]}}, {"type": "Feature", "properties": {"area_id": 960001574, "parent_id": 960001574, "name": "无人机管控区域", "kind": "circle", "radius_m": 500, "lat": 32.06364105873644, "lng": 118.75654869914442}, "geometry": {"type": "Polygon", "coordinates": [[[118.75654869914442, 32.06813261461139], [118.7572404915592, 32.06809418872823], [118.75792044721396, 32.067979568556275], [118.75857693187893, 32.06779071527844], [118.75919871291948, 32.06753086022667], [118.75977515148962, 32.067204449592936], [118.76029638456559, 32.06681706835369], [118.76075349370495, 32.06637534470935], [118.76113865764358, 32.06588683667391], [118.76144528611972, 32.065359902755326], [118.76166813263514, 32.06480355893902], [118.76180338422414, 32.064227324421935], [118.76184872669455, 32.06364105873644], [118.76180338422414, 32.06305479305094], [118.76166813263514, 32.062478558533854], [118.76144528611972, 32.06192221471755], [118.76113865764358, 32.06139528079896], [118.76075349370495, 32.06090677276352], [118.76029638456559, 32.06046504911918], [118.75977515148962, 32.06007766787994], [118.75919871291948, 32.059751257246205], [118.75857693187893, 32.05949140219443], [118.75792044721396, 32.0593025489166], [118.7572404915592, 32.05918792874464], [118.75654869914442, 32.05914950286148], [118.75585690672963, 32.05918792874464], [118.75517695107487, 32.0593025489166], [118.7545204664099, 32.05949140219443], [118.75389868536935, 32.059751257246205], [118.75332224679921, 32.06007766787994], [118.75280101372324, 32.06046504911918], [118.75234390458388, 32.06090677276352], [118.75195874064525, 32.06139528079896], [118.75165211216911, 32.06192221471755], [118.7514292656537, 32.062478558533854], [118.7512940140647, 32.06305479305094], [118.75124867159428, 32.06364105873644], [118.7512940140647, 32.064227324421935], [118.7514292656537, 32.06480355893902], [118.75165211216911, 32.065359902755326], [118.75195874064525, 32.06588683667391], [118.75234390458388, 32.06637534470935], [118.75280101372324, 32.06681706835369], [118.75332224679921, 32.067204449592936], [118.75389868536935, 32.06753086022667], [118.7545204664099, 32.06779071527844], [118.75517695107487, 32.067979568556275], [118.75585690672963, 32.06809418872823], [118.75654869914442, 32.06813261461139]]]}}, {"type": "Feature", "properties": {"area_id": 4000174800, "parent_id": 40001748, "name": "Lianyungang Huaguoshan Airport", "kind": "polygon", "radius_m": 14130, "lat": 34.4637201385, "lng": 119.1953831655}, "geometry": {"type": "Polygon", "coordinates": [[[119.241593186, 34.4722845786], [119.301360439, 34.5433479916], [119.229464393, 34.572600445], [119.197284141, 34.4903326383], [119.155629316, 34.4881640354], [119.137659892, 34.4806733122], [119.111648255, 34.4557065111], [119.09042352, 34.4147403762], [119.089405892, 34.3981633853], [119.09362202, 34.3819338836], [119.116259307, 34.354839832], [119.241593186, 34.4722845786]]]}}, {"type": "Feature", "properties": {"area_id": 4000174801, "parent_id": 40001748, "name": "Lianyungang Huaguoshan Airport", "kind": "polygon", "radius_m": 14131, "lat": 34.363409888899994, "lng": 119.1625248455}, "geometry": {"type": "Polygon", "coordinates": [[[119.056694827, 34.2837809363], [119.128375774, 34.2545351992], [119.160439816, 34.3368327969], [119.182259086, 34.3355949951], [119.219898194, 34.346428438], [119.234908513, 34.3574707137], [119.260257756, 34.3952128269], [119.268354864, 34.4289124169], [119.25505672, 34.4599440756], [119.241593186, 34.4722845786], [119.116259307, 34.354839832], [119.056694827, 34.2837809363]]]}}, {"type": "Feature", "properties": {"area_id": 143200, "parent_id": 1432, "name": "Lianshui Airport", "kind": "polygon", "radius_m": 14381, "lat": 33.732800025299994, "lng": 119.098174365}, "geometry": {"type": "Polygon", "coordinates": [[[119.055179539, 33.7433032237], [118.983488571, 33.6850591804], [119.048798618, 33.6421353497], [119.093781755, 33.7187974643], [119.129692699, 33.716794416], [119.148748958, 33.7217205751], [119.179175652, 33.7427665558], [119.199227915, 33.7661609728], [119.211685703, 33.7906376982], [119.212860159, 33.8072072194], [119.208832866, 33.8234647009], [119.055179539, 33.7433032237]]]}}, {"type": "Feature", "properties": {"area_id": 143201, "parent_id": 1432, "name": "Lianshui Airport", "kind": "polygon", "radius_m": 14373, "lat": 33.84141614445, "lng": 119.1562308375}, "geometry": {"type": "Polygon", "coordinates": [[[119.271516905, 33.9000004887], [119.206191457, 33.9395290652], [119.15614782, 33.862849707], [119.120266557, 33.8648229177], [119.101182789, 33.8598851053], [119.070745283, 33.8388083753], [119.041440321, 33.7906074878], [119.04094477, 33.7740143598], [119.055179539, 33.7433032237], [119.208832866, 33.8234647009], [119.199875572, 33.8383017407], [119.271516905, 33.9000004887]]]}}, {"type": "Feature", "properties": {"area_id": 972100, "parent_id": 9721, "name": "Linyi Airport", "kind": "polygon", "radius_m": 14293, "lat": 35.094156152, "lng": 118.393411695}, "geometry": {"type": "Polygon", "coordinates": [[[118.436278064, 35.1273851595], [118.454590019, 35.21239537], [118.372091492, 35.212412164], [118.385406737, 35.1273900897], [118.356041128, 35.1128788162], [118.335263278, 35.0846964936], [118.332233371, 35.0682845172], [118.333744161, 35.0233126386], [118.35185626, 34.9939331551], [118.38546111, 34.97590014], [118.436278064, 35.1273851595]]]}}, {"type": "Feature", "properties": {"area_id": 972101, "parent_id": 9721, "name": "Linyi Airport", "kind": "polygon", "radius_m": 14207, "lat": 35.009148601250004, "lng": 118.4307699145}, "geometry": {"type": "Polygon", "coordinates": [[[118.372104613, 34.890912043], [118.45123398, 34.8909178391], [118.436223498, 34.9759049849], [118.469881363, 34.9939982855], [118.48127393, 35.0077246322], [118.487944218, 35.0233981073], [118.489435216, 35.0399513847], [118.48943212, 35.0683340273], [118.48123741, 35.0955182523], [118.454533205, 35.1201350383], [118.436278064, 35.1273851595], [118.38546111, 34.97590014], [118.372104613, 34.890912043]]]}}, {"type": "Feature", "properties": {"area_id": 791200, "parent_id": 7912, "name": "Weifang Airport", "kind": "polygon", "radius_m": 13812, "lat": 36.6908532669, "lng": 119.0714015055}, "geometry": {"type": "Polygon", "coordinates": [[[119.117612654, 36.7243394551], [119.102613374, 36.8093386629], [119.025190357, 36.7904329264], [119.06686107, 36.712105114], [119.043566792, 36.6899040101], [119.036700568, 36.6742457695], [119.035122956, 36.6576958396], [119.047256285, 36.6164187942], [119.063037395, 36.5939874354], [119.078552013, 36.5830184715], [119.117331123, 36.5723678709], [119.117612654, 36.7243394551]]]}}, {"type": "Feature", "properties": {"area_id": 791201, "parent_id": 7912, "name": "Weifang Airport", "kind": "polygon", "radius_m": 13884, "lat": 36.6058374387, "lng": 119.1660722595}, "geometry": {"type": "Polygon", "coordinates": [[[119.134045115, 36.4873354223], [119.214813396, 36.5062544543], [119.168154483, 36.5846025761], [119.191262477, 36.6038461444], [119.199781041, 36.6189704787], [119.203134659, 36.6353490603], [119.201091588, 36.651866151], [119.185230182, 36.6911114834], [119.156982115, 36.7149926963], [119.117612654, 36.7243394551], [119.117331123, 36.5723678709], [119.134045115, 36.4873354223]]]}}, {"type": "Feature", "properties": {"area_id": 4000160400, "parent_id": 40001604, "name": "青岛胶东国际机场", "kind": "polygon", "radius_m": 13838, "lat": 36.33001631060905, "lng": 120.1468368415}, "geometry": {"type": "Polygon", "coordinates": [[[120.093900605, 36.4467796713], [120.17568673203117, 36.21325294991809], [120.199773078, 36.2194122422], [120.152798214, 36.2971034205], [120.169965743, 36.308674533], [120.188479053, 36.3380130089], [120.190079809, 36.3545610956], [120.186307524, 36.3708789891], [120.164552115, 36.418292279], [120.13397702, 36.4401566175], [120.093900605, 36.4467796713]]]}}, {"type": "Feature", "properties": {"area_id": 4000160401, "parent_id": 40001604, "name": "青岛胶东国际机场", "kind": "polygon", "radius_m": 19191, "lat": 36.360674050499995, "lng": 120.0775818415}, "geometry": {"type": "Polygon", "coordinates": [[[120.100099727, 36.1892349356], [120.178149574, 36.2091750475], [120.17568673203117, 36.21325294991809], [120.093900605, 36.4467796713], [120.07677932, 36.5321131654], [119.998446244, 36.5121488458], [120.00095322938971, 36.50802513830771], [119.977014109, 36.5019295772], [120.024189184, 36.4242434577], [120.006903042, 36.4125721633], [119.988478565, 36.3831902328], [119.986941538, 36.3666381928], [119.990776534, 36.3503298129], [120.012537201, 36.303055692], [120.043079574, 36.2812104947], [120.083071209, 36.2745889677], [120.100099727, 36.1892349356]]]}}, {"type": "Feature", "properties": {"area_id": 3325000, "parent_id": 33250, "name": "山字河", "kind": "polygon", "radius_m": 14533, "lat": 35.425485153050005, "lng": 119.263462025}, "geometry": {"type": "Polygon", "coordinates": [[[119.264909494, 35.4645731846], [119.186622579, 35.5195918721], [119.138561283, 35.4628728493], [119.236894118, 35.4295417911], [119.235717733, 35.3993809541], [119.242482407, 35.3837255985], [119.253983297, 35.3700301161], [119.299420327, 35.3409016891], [119.330617866, 35.3315097214], [119.350962688, 35.331378434], [119.388362767, 35.3437236899], [119.264909494, 35.4645731846]]]}}, {"type": "Feature", "properties": {"area_id": 3325001, "parent_id": 33250, "name": "山字河", "kind": "polygon", "radius_m": 14538, "lat": 35.381171171, "lng": 119.3881741945}, "geometry": {"type": "Polygon", "coordinates": [[[119.468404606, 35.2854089613], [119.511438895, 35.3421222643], [119.419776522, 35.3787812107], [119.423148498, 35.3974483171], [119.412589099, 35.429215766], [119.400141233, 35.4423549985], [119.353925998, 35.4674254715], [119.322745539, 35.4768005231], [119.302363996, 35.4769333807], [119.264909494, 35.4645731846], [119.388362767, 35.3437236899], [119.468404606, 35.2854089613]]]}}, {"type": "Feature", "properties": {"area_id": 68400, "parent_id": 684, "name": "Dongying Shengli Airport", "kind": "polygon", "radius_m": 14087, "lat": 37.461666159399996, "lng": 118.802981171}, "geometry": {"type": "Polygon", "coordinates": [[[118.755430043, 37.3408801544], [118.842991324, 37.3443099419], [118.819651492, 37.4309669736], [118.85003652, 37.4464516029], [118.862558556, 37.4597439052], [118.872800556, 37.4916369152], [118.859348915, 37.5506092429], [118.831769501, 37.5752119694], [118.812923296, 37.5824521644], [118.733161786, 37.4460962074], [118.768757582, 37.4292320437], [118.755430043, 37.3408801544]]]}}, {"type": "Feature", "properties": {"area_id": 68401, "parent_id": 684, "name": "Dongying Shengli Airport", "kind": "polygon", "radius_m": 13282, "lat": 37.556784272049995, "lng": 118.76504573849999}, "geometry": {"type": "Polygon", "coordinates": [[[118.812923296, 37.5824521644], [118.821222278, 37.6674723367], [118.738668204, 37.6640216166], [118.757007787, 37.5773606204], [118.730127407, 37.5622401192], [118.718037887, 37.5486885163], [118.710788025, 37.5331175265], [118.708869199, 37.5165891973], [118.71053364, 37.4883104872], [118.720668978, 37.4594057959], [118.733161786, 37.4460962074], [118.812923296, 37.5824521644]]]}}, {"type": "Feature", "properties": {"area_id": 3320000, "parent_id": 33200, "name": "北戴河", "kind": "polygon", "radius_m": 13511, "lat": 39.69705440045, "lng": 119.1149781395}, "geometry": {"type": "Polygon", "coordinates": [[[119.267930998, 39.6775343906], [119.243840501, 39.7445304691], [119.145541873, 39.7061880304], [119.11438875, 39.7272456839], [119.094014576, 39.7327212532], [119.051287198, 39.7308506835], [118.990659295, 39.7107596104], [118.976243495, 39.6984106715], [118.962025281, 39.6673703832], [119.15702473, 39.6495783318], [119.161297749, 39.6658473085], [119.267930998, 39.6775343906]]]}}, {"type": "Feature", "properties": {"area_id": 3320001, "parent_id": 33200, "name": "北戴河", "kind": "polygon", "radius_m": 13334, "lat": 39.628919534800005, "lng": 119.00452257500001}, "geometry": {"type": "Polygon", "coordinates": [[[118.962025281, 39.6673703832], [118.85202042, 39.6524172513], [118.87949733, 39.5904686864], [118.977772098, 39.6238174877], [119.008872105, 39.6045030178], [119.029430249, 39.5995431396], [119.050952897, 39.598848038], [119.102023477, 39.6091437202], [119.133174418, 39.6222677446], [119.147431579, 39.6347145652], [119.15702473, 39.6495783318], [118.962025281, 39.6673703832]]]}}, {"type": "Feature", "properties": {"area_id": 960003786, "parent_id": 960003786, "name": "临时禁飞区", "kind": "circle", "radius_m": 50000, "lat": 39.80491655381218, "lng": 119.31352226090576}, "geometry": {"type": "Polygon", "coordinates": [[[119.31352226090576, 40.25407214130769], [119.389836224081, 40.25022955299193], [119.46484443418808, 40.23876753579613], [119.53726347995587, 40.21988220801236], [119.60585425143293, 40.19389670283501], [119.66944314150233, 40.16125563946221], [119.7269421266248, 40.12251751553808], [119.7773673832232, 40.07834515110319], [119.81985612117657, 40.02949434755993], [119.85368134639843, 39.97680095570092], [119.87826429990713, 39.92116657407023], [119.89318436055244, 39.86354312236232], [119.8981862419601, 39.80491655381218], [119.89318436055244, 39.74628998526203], [119.87826429990713, 39.68866653355413], [119.85368134639843, 39.63303215192344], [119.81985612117657, 39.58033876006442], [119.7773673832232, 39.53148795652116], [119.7269421266248, 39.487315592086276], [119.66944314150233, 39.44857746816214], [119.60585425143293, 39.41593640478934], [119.53726347995587, 39.389950899611996], [119.46484443418808, 39.371065571828225], [119.389836224081, 39.35960355463242], [119.31352226090576, 39.355760966316666], [119.23720829773052, 39.35960355463242], [119.16220008762343, 39.371065571828225], [119.08978104185564, 39.389950899611996], [119.02119027037858, 39.41593640478934], [118.95760138030919, 39.44857746816214], [118.9001023951867, 39.487315592086276], [118.84967713858832, 39.53148795652116], [118.80718840063494, 39.58033876006442], [118.77336317541308, 39.63303215192344], [118.74878022190438, 39.68866653355413], [118.73386016125907, 39.74628998526203], [118.72885827985141, 39.80491655381218], [118.73386016125907, 39.86354312236232], [118.74878022190438, 39.92116657407023], [118.77336317541308, 39.97680095570092], [118.80718840063494, 40.02949434755993], [118.84967713858832, 40.07834515110319], [118.9001023951867, 40.12251751553808], [118.95760138030919, 40.16125563946221], [119.02119027037858, 40.19389670283501], [119.08978104185564, 40.21988220801236], [119.16220008762343, 40.23876753579613], [119.23720829773052, 40.25022955299193], [119.31352226090576, 40.25407214130769]]]}}, {"type": "Feature", "properties": {"area_id": 182900, "parent_id": 1829, "name": "Chifeng Airport", "kind": "polygon", "radius_m": 13782, "lat": 42.20955776235, "lng": 118.85543049750001}, "geometry": {"type": "Polygon", "coordinates": [[[118.905031455, 42.2169253962], [118.961670424, 42.2902413999], [118.880825082, 42.3194278562], [118.852443008, 42.2360726983], [118.810980955, 42.229880862], [118.792221015, 42.2207969567], [118.767178868, 42.1936095042], [118.755545037, 42.1720098222], [118.749190571, 42.1432661842], [118.753628022, 42.1269974068], [118.77838971, 42.0996876685], [118.905031455, 42.2169253962]]]}}, {"type": "Feature", "properties": {"area_id": 182901, "parent_id": 1829, "name": "Chifeng Airport", "kind": "polygon", "radius_m": 13649, "lat": 42.10960166785, "lng": 118.825124085}, "geometry": {"type": "Polygon", "coordinates": [[[118.716691759, 42.0263532575], [118.802590552, 42.0022779395], [118.827551529, 42.0855924387], [118.868559508, 42.0894021451], [118.888203497, 42.0973403974], [118.916089698, 42.1229383532], [118.92779418, 42.146335115], [118.933556411, 42.1730900645], [118.919657512, 42.2043499137], [118.905031455, 42.2169253962], [118.77838971, 42.0996876685], [118.716691759, 42.0263532575]]]}}, {"type": "Feature", "properties": {"area_id": 3277600, "parent_id": 32776, "name": "伊尔施", "kind": "polygon", "radius_m": 13703, "lat": 47.272318952250004, "lng": 119.85083587049999}, "geometry": {"type": "Polygon", "coordinates": [[[119.800200465, 47.3107036192], [119.678527066, 47.2974330387], [119.706070777, 47.2338077337], [119.819375892, 47.2704809704], [119.852453715, 47.2496282205], [119.875208269, 47.2435538609], [119.923681362, 47.2441322319], [119.994232345, 47.2662932644], [120.009547808, 47.2792360063], [120.019410605, 47.2944262183], [120.023144675, 47.3108301708], [119.800200465, 47.3107036192]]]}}, {"type": "Feature", "properties": {"area_id": 3277601, "parent_id": 32776, "name": "伊尔施", "kind": "polygon", "radius_m": 13808, "lat": 47.34928063975, "lng": 119.97419126700001}, "geometry": {"type": "Polygon", "coordinates": [[[120.148182069, 47.3259385712], [120.118936459, 47.3878576603], [120.002253779, 47.3511945639], [119.972663722, 47.3686857819], [119.949862684, 47.3747729621], [119.901269704, 47.3741918039], [119.832403464, 47.354198413], [119.816121883, 47.3417964816], [119.805139232, 47.3269606763], [119.800200465, 47.3107036192], [120.023144675, 47.3108301708], [120.148182069, 47.3259385712]]]}}, {"type": "Feature", "properties": {"area_id": 3324400, "parent_id": 33244, "name": "海拉尔", "kind": "polygon", "radius_m": 13783, "lat": 49.18002855305, "lng": 119.76249986350001}, "geometry": {"type": "Polygon", "coordinates": [[[119.713713275, 49.2175402528], [119.583739793, 49.2209527367], [119.594049309, 49.1539051914], [119.717380686, 49.1755724305], [119.745250421, 49.1524455946], [119.767025915, 49.1439235377], [119.816793717, 49.1391043694], [119.899112579, 49.153872788], [119.918406432, 49.1646571851], [119.932782898, 49.1783376408], [119.941259934, 49.193983825], [119.713713275, 49.2175402528]]]}}, {"type": "Feature", "properties": {"area_id": 3324401, "parent_id": 33244, "name": "海拉尔", "kind": "polygon", "radius_m": 13948, "lat": 49.2299774592, "lng": 119.894166735}, "geometry": {"type": "Polygon", "coordinates": [[[120.074620195, 49.1873964171], [120.060948291, 49.254429736], [119.93425477, 49.2361059934], [119.9065132, 49.2591592826], [119.884711716, 49.2677083557], [119.834821339, 49.2725585013], [119.755729016, 49.2577344253], [119.736443872, 49.2469157156], [119.722113894, 49.2332055595], [119.713713275, 49.2175402528], [119.941259934, 49.193983825], [120.074620195, 49.1873964171]]]}}, {"type": "Feature", "properties": {"area_id": 488000, "parent_id": 4880, "name": "Kaohsiung International Airport", "kind": "polygon", "radius_m": 5630, "lat": 22.5771, "lng": 120.34879000000001}, "geometry": {"type": "Polygon", "coordinates": [[[120.30115, 22.60206], [120.39809, 22.59907], [120.3964, 22.55214], [120.29949, 22.55513], [120.30115, 22.60206]]]}}, {"type": "Feature", "properties": {"area_id": 488001, "parent_id": 4880, "name": "Kaohsiung International Airport", "kind": "polygon", "radius_m": 2898, "lat": 22.57549087055, "lng": 120.4030772885}, "geometry": {"type": "Polygon", "coordinates": [[[120.39809, 22.59907], [120.3964, 22.55214], [120.400031208, 22.5496062183], [120.403626058, 22.5547408865], [120.406439951, 22.5602801396], [120.408421037, 22.5661220995], [120.409532768, 22.5721593075], [120.409754577, 22.5782806993], [120.409082266, 22.5843736473], [120.40752809, 22.5903260328], [120.40512054, 22.5960283098], [120.401903831, 22.6013755228], [120.39809, 22.59907]]]}}, {"type": "Feature", "properties": {"area_id": 488002, "parent_id": 4880, "name": "Kaohsiung International Airport", "kind": "polygon", "radius_m": 2898, "lat": 22.57871251035, "lng": 120.2944874575}, "geometry": {"type": "Polygon", "coordinates": [[[120.30115, 22.60206], [120.297526571, 22.6045972951], [120.293934476, 22.5994603479], [120.291124383, 22.5939192401], [120.289147916, 22.588075963], [120.288041345, 22.5820380565], [120.287824915, 22.5759166282], [120.288502492, 22.5698243079], [120.290061494, 22.5638731755], [120.292473135, 22.5581726995], [120.295692958, 22.5528277256], [120.29949, 22.55513], [120.30115, 22.60206]]]}}, {"type": "Feature", "properties": {"area_id": 488003, "parent_id": 4880, "name": "Kaohsiung International Airport", "kind": "polygon", "radius_m": 17362, "lat": 22.577025, "lng": 120.348845}, "geometry": {"type": "Polygon", "coordinates": [[[120.1925, 22.63606], [120.50894, 22.6263], [120.50494, 22.51799], [120.18875, 22.52776], [120.1925, 22.63606]]]}}, {"type": "Feature", "properties": {"area_id": 136800, "parent_id": 1368, "name": "Hengchun Airport", "kind": "polygon", "radius_m": 5279, "lat": 22.040895, "lng": 120.730185}, "geometry": {"type": "Polygon", "coordinates": [[[120.71994, 22.08736], [120.77828, 22.02542], [120.74043, 21.99443], [120.68209, 22.05636], [120.71994, 22.08736]]]}}, {"type": "Feature", "properties": {"area_id": 136801, "parent_id": 1368, "name": "Hengchun Airport", "kind": "polygon", "radius_m": 2892, "lat": 22.00783227915, "lng": 120.7615555805}, "geometry": {"type": "Polygon", "coordinates": [[[120.77828, 22.02542], [120.74043, 21.99443], [120.74093133, 21.9902445583], [120.747396174, 21.9913264525], [120.753644704, 21.9932140954], [120.759562041, 21.9958727872], [120.765039383, 21.9992536516], [120.769975994, 22.0032945316], [120.774281058, 22.00792113], [120.777875348, 22.0130483727], [120.780692685, 22.0185819698], [120.782681161, 22.0244201474], [120.77828, 22.02542]]]}}, {"type": "Feature", "properties": {"area_id": 136802, "parent_id": 1368, "name": "Hengchun Airport", "kind": "polygon", "radius_m": 2893, "lat": 22.0739576566, "lng": 120.6988181645}, "geometry": {"type": "Polygon", "coordinates": [[[120.71994, 22.08736], [120.71945029, 22.0915553132], [120.712981126, 22.0904722847], [120.706728898, 22.0885830744], [120.700808735, 22.0859224741], [120.695329633, 22.0825394785], [120.690392446, 22.078496381], [120.686088027, 22.0738676232], [120.682495558, 22.0687384225], [120.679681088, 22.0632031994], [120.677696329, 22.0573638372], [120.68209, 22.05636], [120.71994, 22.08736]]]}}, {"type": "Feature", "properties": {"area_id": 136803, "parent_id": 1368, "name": "Hengchun Airport", "kind": "polygon", "radius_m": 17028, "lat": 22.040885, "lng": 120.73011500000001}, "geometry": {"type": "Polygon", "coordinates": [[[120.58512, 22.11264], [120.67248, 22.18421], [120.87511, 21.96903], [120.78778, 21.89756], [120.58512, 22.11264]]]}}, {"type": "Feature", "properties": {"area_id": 520900, "parent_id": 5209, "name": "Lanyu Airport", "kind": "polygon", "radius_m": 5031, "lat": 22.0286, "lng": 121.53384}, "geometry": {"type": "Polygon", "coordinates": [[[121.5184, 22.07147], [121.58176, 22.02162], [121.54927, 21.98573], [121.48592, 22.03557], [121.5184, 22.07147]]]}}, {"type": "Feature", "properties": {"area_id": 520901, "parent_id": 5209, "name": "Lanyu Airport", "kind": "polygon", "radius_m": 2900, "lat": 22.001639781149997, "lng": 121.567770198}, "geometry": {"type": "Polygon", "coordinates": [[[121.58176, 22.02162], [121.54927, 21.98573], [121.550437463, 21.9816595623], [121.556657397, 21.9836258675], [121.562535006, 21.986358939], [121.567962217, 21.9898085308], [121.572839219, 21.9939112207], [121.577076292, 21.9985915739], [121.580595461, 22.0037635276], [121.583331931, 22.0093319701], [121.585235281, 22.0151944877], [121.586270396, 22.0212432458], [121.58176, 22.02162]]]}}, {"type": "Feature", "properties": {"area_id": 520902, "parent_id": 5209, "name": "Lanyu Airport", "kind": "polygon", "radius_m": 2899, "lat": 22.055559978399998, "lng": 121.499910615}, "geometry": {"type": "Polygon", "coordinates": [[[121.5184, 22.07147], [121.517249333, 22.0755499568], [121.511025864, 22.0735822465], [121.505145562, 22.0708474077], [121.499716691, 22.0673958], [121.494839181, 22.0632909781], [121.490602789, 22.0586085193], [121.487085443, 22.0534346292], [121.484351813, 22.0478645514], [121.482452122, 22.0420008117], [121.48142123, 22.035951329], [121.48592, 22.03557], [121.5184, 22.07147]]]}}, {"type": "Feature", "properties": {"area_id": 520903, "parent_id": 5209, "name": "Lanyu Airport", "kind": "polygon", "radius_m": 16750, "lat": 22.028585, "lng": 121.53379}, "geometry": {"type": "Polygon", "coordinates": [[[121.38107, 22.07778], [121.45602, 22.16066], [121.68651, 21.97929], [121.61153, 21.89651], [121.38107, 22.07778]]]}}, {"type": "Feature", "properties": {"area_id": 10059, "parent_id": 10059, "name": "Pingtung Airport", "kind": "circle", "radius_m": 3282, "lat": 22.691635, "lng": 120.466101}, "geometry": {"type": "Polygon", "coordinates": [[[120.466101, 22.721117572763205], [120.47027211557734, 22.720865345266162], [120.47437186221073, 22.72011297845743], [120.47833009209856, 22.718873345541702], [120.48207907883004, 22.71716765698186], [120.48555467620278, 22.71502509758207], [120.48869741578211, 22.712482327127688], [120.49145352442251, 22.709582853126182], [120.49377584434099, 22.706376286381605], [120.49562463999986, 22.702917492139978], [120.49696827799285, 22.69926565132974], [120.49778376830136, 22.695483247959633], [120.4980571576601, 22.691635], [120.49778376830136, 22.68778675204037], [120.49696827799285, 22.684004348670264], [120.49562463999986, 22.680352507860025], [120.49377584434099, 22.676893713618398], [120.49145352442251, 22.67368714687382], [120.48869741578211, 22.670787672872315], [120.48555467620278, 22.668244902417932], [120.48207907883004, 22.666102343018142], [120.47833009209856, 22.6643966544583], [120.47437186221073, 22.663157021542574], [120.47027211557734, 22.66240465473384], [120.466101, 22.662152427236798], [120.46192988442264, 22.66240465473384], [120.45783013778926, 22.663157021542574], [120.45387190790143, 22.6643966544583], [120.45012292116995, 22.666102343018142], [120.44664732379721, 22.668244902417932], [120.44350458421788, 22.670787672872315], [120.44074847557748, 22.67368714687382], [120.438426155659, 22.676893713618398], [120.43657736000013, 22.680352507860025], [120.43523372200714, 22.684004348670264], [120.43441823169863, 22.68778675204037], [120.43414484233989, 22.691635], [120.43441823169863, 22.695483247959633], [120.43523372200714, 22.69926565132974], [120.43657736000013, 22.702917492139978], [120.438426155659, 22.706376286381605], [120.44074847557748, 22.709582853126182], [120.44350458421788, 22.712482327127688], [120.44664732379721, 22.71502509758207], [120.45012292116995, 22.71716765698186], [120.45387190790143, 22.718873345541702], [120.45783013778926, 22.72011297845743], [120.46192988442264, 22.720865345266162], [120.466101, 22.721117572763205]]]}}, {"type": "Feature", "properties": {"area_id": 239800, "parent_id": 2398, "name": "Lyudao Airport", "kind": "polygon", "radius_m": 4940, "lat": 22.673225000000002, "lng": 121.46618000000001}, "geometry": {"type": "Polygon", "coordinates": [[[121.43087, 22.70317], [121.47962, 22.71583], [121.50149, 22.64327], [121.45277, 22.63062], [121.43087, 22.70317]]]}}, {"type": "Feature", "properties": {"area_id": 239801, "parent_id": 2398, "name": "Lyudao Airport", "kind": "polygon", "radius_m": 2871, "lat": 22.63372842145, "lng": 121.4781392635}, "geometry": {"type": "Polygon", "coordinates": [[[121.50149, 22.64327], [121.45277, 22.63062], [121.451271063, 22.6266402608], [121.457629833, 22.6250067327], [121.464168137, 22.6241868429], [121.470765787, 22.6241956604], [121.477301512, 22.6250330212], [121.483655171, 22.6266835312], [121.489709966, 22.6291168483], [121.495354575, 22.6322882393], [121.500485198, 22.6361393997], [121.505007464, 22.6405995235], [121.50149, 22.64327]]]}}, {"type": "Feature", "properties": {"area_id": 239802, "parent_id": 2398, "name": "Lyudao Airport", "kind": "polygon", "radius_m": 2871, "lat": 22.7127205762, "lng": 121.454245676}, "geometry": {"type": "Polygon", "coordinates": [[[121.43087, 22.70317], [121.47962, 22.71583], [121.481128258, 22.7198162529], [121.474765434, 22.7214507635], [121.468222601, 22.7222711524], [121.461620255, 22.7222623088], [121.455079993, 22.7214243936], [121.448722266, 22.7197728366], [121.442664152, 22.7173380515], [121.4370172, 22.7141648747], [121.431885364, 22.7103117371], [121.427363094, 22.705849586], [121.43087, 22.70317]]]}}, {"type": "Feature", "properties": {"area_id": 239803, "parent_id": 2398, "name": "Lyudao Airport", "kind": "polygon", "radius_m": 16670, "lat": 22.67322, "lng": 121.466105}, "geometry": {"type": "Polygon", "coordinates": [[[121.36933, 22.79303], [121.48188, 22.82226], [121.56288, 22.55337], [121.45053, 22.52418], [121.36933, 22.79303]]]}}, {"type": "Feature", "properties": {"area_id": 764800, "parent_id": 7648, "name": "Taitung Airport", "kind": "polygon", "radius_m": 5604, "lat": 22.754865000000002, "lng": 121.10165}, "geometry": {"type": "Polygon", "coordinates": [[[121.05187, 22.73476], [121.1119, 22.80431], [121.15143, 22.77496], [121.09139, 22.70542], [121.05187, 22.73476]]]}}, {"type": "Feature", "properties": {"area_id": 764801, "parent_id": 7648, "name": "Taitung Airport", "kind": "polygon", "radius_m": 2904, "lat": 22.717987049100003, "lng": 121.06945114050001}, "geometry": {"type": "Polygon", "coordinates": [[[121.05187, 22.73476], [121.047512281, 22.7335804397], [121.049795176, 22.7278331504], [121.052895316, 22.7224252635], [121.056755595, 22.7174562352], [121.061304948, 22.7130174405], [121.066459666, 22.7091904957], [121.072124932, 22.7060457609], [121.078196564, 22.7036410489], [121.084562931, 22.7020205654], [121.091107, 22.7012140982], [121.09139, 22.70542], [121.05187, 22.73476]]]}}, {"type": "Feature", "properties": {"area_id": 764802, "parent_id": 7648, "name": "Taitung Airport", "kind": "polygon", "radius_m": 2903, "lat": 22.7917442122, "lng": 121.13385229650001}, "geometry": {"type": "Polygon", "coordinates": [[[121.1119, 22.80431], [121.15143, 22.77496], [121.155804593, 22.7761446958], [121.153525346, 22.7818934512], [121.150427845, 22.7873032407], [121.146569013, 22.7922744839], [121.142019811, 22.7967156627], [121.136863935, 22.8005450087], [121.131196273, 22.8036920119], [121.125121162, 22.8060987218], [121.118750461, 22.8077208171], [121.112201487, 22.8085284244], [121.1119, 22.80431]]]}}, {"type": "Feature", "properties": {"area_id": 764803, "parent_id": 7648, "name": "Taitung Airport", "kind": "polygon", "radius_m": 17377, "lat": 22.75486, "lng": 121.10173}, "geometry": {"type": "Polygon", "coordinates": [[[121.15481, 22.90307], [121.24605, 22.83528], [121.0486, 22.60665], [120.95741, 22.67433], [121.15481, 22.90307]]]}}, {"type": "Feature", "properties": {"area_id": 1569, "parent_id": 1569, "name": "Hsinchu Airport", "kind": "circle", "radius_m": 2120, "lat": 24.819628, "lng": 120.937542}, "geometry": {"type": "Polygon", "coordinates": [[[120.937542, 24.838672196909812], [120.94028073305749, 24.838509271165222], [120.94297260563307, 24.838023281636122], [120.9455715590406, 24.83722254373809], [120.94803312446675, 24.836120758318568], [120.95031518384458, 24.834736777231562], [120.95237869050543, 24.83309428077718], [120.95418833727821, 24.83122137252514], [120.95571316060494, 24.829150098454907], [120.95692707033572, 24.826915898640085], [120.95780929613849, 24.824557000858942], [120.95834474288519, 24.82211376650653], [120.9585242489335, 24.819628], [120.95834474288519, 24.817142233493474], [120.95780929613849, 24.81469899914106], [120.95692707033572, 24.81234010135992], [120.95571316060494, 24.810105901545096], [120.95418833727821, 24.808034627474864], [120.95237869050543, 24.806161719222825], [120.95031518384458, 24.80451922276844], [120.94803312446675, 24.803135241681435], [120.9455715590406, 24.802033456261913], [120.94297260563307, 24.80123271836388], [120.94028073305749, 24.80074672883478], [120.937542, 24.80058380309019], [120.9348032669425, 24.80074672883478], [120.93211139436691, 24.80123271836388], [120.92951244095939, 24.802033456261913], [120.92705087553324, 24.803135241681435], [120.9247688161554, 24.80451922276844], [120.92270530949456, 24.806161719222825], [120.92089566272178, 24.808034627474864], [120.91937083939504, 24.810105901545096], [120.91815692966426, 24.81234010135992], [120.9172747038615, 24.81469899914106], [120.9167392571148, 24.817142233493474], [120.91655975106649, 24.819628], [120.9167392571148, 24.82211376650653], [120.9172747038615, 24.824557000858942], [120.91815692966426, 24.826915898640085], [120.91937083939504, 24.829150098454907], [120.92089566272178, 24.83122137252514], [120.92270530949456, 24.83309428077718], [120.9247688161554, 24.834736777231562], [120.92705087553324, 24.836120758318568], [120.92951244095939, 24.83722254373809], [120.93211139436691, 24.838023281636122], [120.9348032669425, 24.838509271165222], [120.937542, 24.838672196909812]]]}}, {"type": "Feature", "properties": {"area_id": 159700, "parent_id": 1597, "name": "Hualien Airport", "kind": "polygon", "radius_m": 5744, "lat": 24.023699999999998, "lng": 121.61694}, "geometry": {"type": "Polygon", "coordinates": [[[121.57186, 23.99291], [121.61619, 24.07529], [121.66202, 24.05447], [121.61767, 23.97211], [121.57186, 23.99291]]]}}, {"type": "Feature", "properties": {"area_id": 159701, "parent_id": 1597, "name": "Hualien Airport", "kind": "polygon", "radius_m": 2908, "lat": 24.0672227636, "lng": 121.6407746925}, "geometry": {"type": "Polygon", "coordinates": [[[121.61619, 24.07529], [121.66202, 24.05447], [121.666052357, 24.0565009306], [121.662463415, 24.0616621392], [121.658146532, 24.0663297651], [121.653181113, 24.0704178713], [121.647658527, 24.0738511821], [121.641680432, 24.0765664728], [121.635356893, 24.0785137365], [121.62880436, 24.0796571083], [121.622143511, 24.0799755272], [121.615497028, 24.0794631261], [121.61619, 24.07529]]]}}, {"type": "Feature", "properties": {"area_id": 159702, "parent_id": 1597, "name": "Hualien Airport", "kind": "polygon", "radius_m": 2908, "lat": 23.9801714528, "lng": 121.5930999935}, "geometry": {"type": "Polygon", "coordinates": [[[121.57186, 23.99291], [121.567835031, 23.9908917938], [121.571425907, 23.9857327181], [121.575743358, 23.9810674781], [121.580707923, 23.9769818542], [121.586228268, 23.9735509612], [121.59220287, 23.9708378708], [121.598521875, 23.9688924545], [121.605069118, 23.9677504701], [121.611724253, 23.9674329056], [121.618364956, 23.9679455956], [121.61767, 23.97211], [121.57186, 23.99291]]]}}, {"type": "Feature", "properties": {"area_id": 159703, "parent_id": 1597, "name": "Hualien Airport", "kind": "polygon", "radius_m": 17529, "lat": 24.023699999999998, "lng": 121.61703}, "geometry": {"type": "Polygon", "coordinates": [[[121.63543, 24.18025], [121.74125, 24.13217], [121.59848, 23.86715], [121.49281, 23.91512], [121.63543, 24.18025]]]}}, {"type": "Feature", "properties": {"area_id": 31501, "parent_id": 31501, "name": "成功嶺", "kind": "circle", "radius_m": 915, "lat": 24.128778, "lng": 120.590959}, "geometry": {"type": "Polygon", "coordinates": [[[120.590959, 24.13699754725117], [120.59213457763362, 24.13692722788499], [120.593290040808, 24.136717472970307], [120.59440561922786, 24.136371871471862], [120.59546222503715, 24.135896336727118], [120.59644177941753, 24.135299005267395], [120.59732752192197, 24.134590097599585], [120.59810429725061, 24.133781743330427], [120.59875881456227, 24.132887773625583], [120.59927987488425, 24.131923484554566], [120.59965856272996, 24.130905375370723], [120.59988839864539, 24.129850866204468], [120.59996545007431, 24.128778], [120.59988839864539, 24.127705133795533], [120.59965856272996, 24.126650624629278], [120.59927987488425, 24.125632515445435], [120.59875881456227, 24.124668226374418], [120.59810429725061, 24.123774256669574], [120.59732752192197, 24.122965902400416], [120.59644177941753, 24.122256994732606], [120.59546222503715, 24.121659663272883], [120.59440561922786, 24.12118412852814], [120.593290040808, 24.120838527029694], [120.59213457763362, 24.120628772115012], [120.590959, 24.12055845274883], [120.58978342236638, 24.120628772115012], [120.588627959192, 24.120838527029694], [120.58751238077214, 24.12118412852814], [120.58645577496284, 24.121659663272883], [120.58547622058246, 24.122256994732606], [120.58459047807803, 24.122965902400416], [120.58381370274938, 24.123774256669574], [120.58315918543772, 24.124668226374418], [120.58263812511575, 24.125632515445435], [120.58225943727004, 24.126650624629278], [120.5820296013546, 24.127705133795533], [120.58195254992569, 24.128778], [120.5820296013546, 24.129850866204468], [120.58225943727004, 24.130905375370723], [120.58263812511575, 24.131923484554566], [120.58315918543772, 24.132887773625583], [120.58381370274938, 24.133781743330427], [120.58459047807803, 24.134590097599585], [120.58547622058246, 24.135299005267395], [120.58645577496284, 24.135896336727118], [120.58751238077214, 24.136371871471862], [120.588627959192, 24.136717472970307], [120.58978342236638, 24.13692722788499], [120.590959, 24.13699754725117]]]}}, {"type": "Feature", "properties": {"area_id": 215600, "parent_id": 2156, "name": "Chiayi Airport", "kind": "polygon", "radius_m": 5868, "lat": 23.463605, "lng": 120.39054}, "geometry": {"type": "Polygon", "coordinates": [[[120.36452, 23.51059], [120.41543, 23.51112], [120.41656, 23.41662], [120.36568, 23.41609], [120.36452, 23.51059]]]}}, {"type": "Feature", "properties": {"area_id": 215601, "parent_id": 2156, "name": "Chiayi Airport", "kind": "polygon", "radius_m": 2880, "lat": 23.410681500000003, "lng": 120.391171}, "geometry": {"type": "Polygon", "coordinates": [[[120.41656, 23.41662], [120.41923, 23.413195], [120.415656, 23.411042], [120.411892, 23.409185], [120.407968, 23.407637], [120.403912, 23.406411], [120.399756, 23.405516], [120.395531, 23.404958], [120.39127, 23.404743], [120.387005, 23.40487], [120.382767, 23.405341], [120.378591, 23.40615], [120.374506, 23.407292], [120.370545, 23.408758], [120.366737, 23.410537], [120.363112, 23.412615], [120.36568, 23.41609], [120.41656, 23.41662]]]}}, {"type": "Feature", "properties": {"area_id": 215602, "parent_id": 2156, "name": "Chiayi Airport", "kind": "polygon", "radius_m": 2880, "lat": 23.5165345, "lng": 120.3899395}, "geometry": {"type": "Polygon", "coordinates": [[[120.36452, 23.51059], [120.361859, 23.514022], [120.365435, 23.516176], [120.369201, 23.518034], [120.373128, 23.519582], [120.377187, 23.520809], [120.381347, 23.521705], [120.385575, 23.522263], [120.38984, 23.522479], [120.394109, 23.522351], [120.39835, 23.521881], [120.40253, 23.521071], [120.406618, 23.519929], [120.410582, 23.518462], [120.414392, 23.516682], [120.41802, 23.514603], [120.41543, 23.51112], [120.36452, 23.51059]]]}}, {"type": "Feature", "properties": {"area_id": 215603, "parent_id": 2156, "name": "Chiayi Airport", "kind": "polygon", "radius_m": 17660, "lat": 23.463594999999998, "lng": 120.39048}, "geometry": {"type": "Polygon", "coordinates": [[[120.32994, 23.61215], [120.44753, 23.61336], [120.45102, 23.31504], [120.3337, 23.31383], [120.32994, 23.61215]]]}}, {"type": "Feature", "properties": {"area_id": 769700, "parent_id": 7697, "name": "Taichung Airport", "kind": "polygon", "radius_m": 6149, "lat": 24.265055, "lng": 120.6207}, "geometry": {"type": "Polygon", "coordinates": [[[120.59183, 24.31358], [120.64297, 24.31643], [120.64957, 24.21652], [120.59847, 24.21368], [120.59183, 24.31358]]]}}, {"type": "Feature", "properties": {"area_id": 769701, "parent_id": 7697, "name": "Taichung Airport", "kind": "polygon", "radius_m": 2884, "lat": 24.209973834499998, "lng": 120.6242569755}, "geometry": {"type": "Polygon", "coordinates": [[[120.64957, 24.21652], [120.59847, 24.21368], [120.596075153, 24.2100865107], [120.601990779, 24.2072470578], [120.608270736, 24.205167731], [120.614799579, 24.2038867525], [120.621457301, 24.203427669], [120.628121532, 24.2037989204], [120.634669784, 24.2049936843], [120.640981691, 24.2069900018], [120.646941221, 24.209751179], [120.652438798, 24.2132264601], [120.64957, 24.21652]]]}}, {"type": "Feature", "properties": {"area_id": 769702, "parent_id": 7697, "name": "Taichung Airport", "kind": "polygon", "radius_m": 2884, "lat": 24.3201370603, "lng": 120.6171769345}, "geometry": {"type": "Polygon", "coordinates": [[[120.59183, 24.31358], [120.64297, 24.31643], [120.645382191, 24.3200316582], [120.639462246, 24.322872705], [120.633176964, 24.3249532231], [120.626642088, 24.3262348964], [120.619977975, 24.3266941206], [120.613307366, 24.3263224393], [120.606753126, 24.3251266997], [120.600435965, 24.3231289263], [120.594472214, 24.3203659141], [120.588971678, 24.3168885482], [120.59183, 24.31358]]]}}, {"type": "Feature", "properties": {"area_id": 769703, "parent_id": 7697, "name": "Taichung Airport", "kind": "polygon", "radius_m": 17955, "lat": 24.265050000000002, "lng": 120.62063}, "geometry": {"type": "Polygon", "coordinates": [[[120.55159, 24.41343], [120.6697, 24.42001], [120.68967, 24.11665], [120.57184, 24.11009], [120.55159, 24.41343]]]}}, {"type": "Feature", "properties": {"area_id": 31502, "parent_id": 31502, "name": "總統府", "kind": "circle", "radius_m": 292, "lat": 25.039892, "lng": 121.511997}, "geometry": {"type": "Polygon", "coordinates": [[[121.511997, 25.042515068630973], [121.5123748963868, 25.04249262791521], [121.51274632686166, 25.042425689734785], [121.51310493614616, 25.042315399420527], [121.51344458833603, 25.042163644070293], [121.51375947188812, 25.041973020260194], [121.51404419905755, 25.04174678961648], [121.51429389808352, 25.041488823008176], [121.51450429654646, 25.041203534315486], [121.51467179447033, 25.040895804907027], [121.51479352591922, 25.040570900118304], [121.51486740803429, 25.04023437916033], [121.51489217667208, 25.039892], [121.51486740803429, 25.039549620839665], [121.51479352591922, 25.039213099881692], [121.51467179447033, 25.03888819509297], [121.51450429654646, 25.03858046568451], [121.51429389808352, 25.03829517699182], [121.51404419905755, 25.038037210383518], [121.51375947188812, 25.037810979739803], [121.51344458833603, 25.037620355929704], [121.51310493614616, 25.03746860057947], [121.51274632686166, 25.037358310265212], [121.5123748963868, 25.037291372084788], [121.511997, 25.037268931369024], [121.51161910361319, 25.037291372084788], [121.51124767313833, 25.037358310265212], [121.51088906385382, 25.03746860057947], [121.51054941166396, 25.037620355929704], [121.51023452811187, 25.037810979739803], [121.50994980094244, 25.038037210383518], [121.50970010191647, 25.03829517699182], [121.50948970345353, 25.03858046568451], [121.50932220552966, 25.03888819509297], [121.50920047408077, 25.039213099881692], [121.5091265919657, 25.039549620839665], [121.50910182332791, 25.039892], [121.5091265919657, 25.04023437916033], [121.50920047408077, 25.040570900118304], [121.50932220552966, 25.040895804907027], [121.50948970345353, 25.041203534315486], [121.50970010191647, 25.041488823008176], [121.50994980094244, 25.04174678961648], [121.51023452811187, 25.041973020260194], [121.51054941166396, 25.042163644070293], [121.51088906385382, 25.042315399420527], [121.51124767313833, 25.042425689734785], [121.51161910361319, 25.04249262791521], [121.511997, 25.042515068630973]]]}}, {"type": "Feature", "properties": {"area_id": 756400, "parent_id": 7564, "name": "Taiwan Taoyuan International Airport", "kind": "polygon", "radius_m": 6148, "lat": 25.083695, "lng": 121.22971899999999}, "geometry": {"type": "Polygon", "coordinates": [[[121.171286, 25.06873], [121.254453, 25.134175], [121.288152, 25.098641], [121.204991, 25.033215], [121.171286, 25.06873]]]}}, {"type": "Feature", "properties": {"area_id": 756401, "parent_id": 7564, "name": "Taiwan Taoyuan International Airport", "kind": "polygon", "radius_m": 6007, "lat": 25.071315, "lng": 121.23681350000001}, "geometry": {"type": "Polygon", "coordinates": [[[121.179552, 25.057261], [121.260376, 25.120881], [121.294075, 25.08535], [121.213257, 25.021749], [121.179552, 25.057261]]]}}, {"type": "Feature", "properties": {"area_id": 756402, "parent_id": 7564, "name": "Taiwan Taoyuan International Airport", "kind": "polygon", "radius_m": 2895, "lat": 25.118451999999998, "lng": 121.273606}, "geometry": {"type": "Polygon", "coordinates": [[[121.255588, 25.138263], [121.259732, 25.137132], [121.263752, 25.135677], [121.267617, 25.133908], [121.271298, 25.131839], [121.274767, 25.129486], [121.277997, 25.126867], [121.280964, 25.124001], [121.283645, 25.120911], [121.28602, 25.117619], [121.28807, 25.114152], [121.289781, 25.110535], [121.291139, 25.106796], [121.292134, 25.102964], [121.292759, 25.099067], [121.288152, 25.098641], [121.254453, 25.134175], [121.255588, 25.138263]]]}}, {"type": "Feature", "properties": {"area_id": 756403, "parent_id": 7564, "name": "Taiwan Taoyuan International Airport", "kind": "polygon", "radius_m": 2895, "lat": 25.0489285, "lng": 121.1858355}, "geometry": {"type": "Polygon", "coordinates": [[[121.203858, 25.029127], [121.199718, 25.030256], [121.1957, 25.031709], [121.191837, 25.033476], [121.188158, 25.035543], [121.18469, 25.037894], [121.181461, 25.040511], [121.178493, 25.043375], [121.175811, 25.046464], [121.173435, 25.049753], [121.171382, 25.053219], [121.169668, 25.056835], [121.168307, 25.060572], [121.167308, 25.064404], [121.16668, 25.0683], [121.171286, 25.06873], [121.204991, 25.033215], [121.203858, 25.029127]]]}}, {"type": "Feature", "properties": {"area_id": 756404, "parent_id": 7564, "name": "Taiwan Taoyuan International Airport", "kind": "polygon", "radius_m": 2895, "lat": 25.1051595, "lng": 121.2795285}, "geometry": {"type": "Polygon", "coordinates": [[[121.26151, 25.124969], [121.265654, 25.123839], [121.269673, 25.122384], [121.273538, 25.120615], [121.277219, 25.118547], [121.280688, 25.116194], [121.283918, 25.113575], [121.286885, 25.11071], [121.289566, 25.10762], [121.291941, 25.104329], [121.293992, 25.100862], [121.295703, 25.097245], [121.297061, 25.093506], [121.298057, 25.089674], [121.298681, 25.085777], [121.294075, 25.08535], [121.260376, 25.120881], [121.26151, 25.124969]]]}}, {"type": "Feature", "properties": {"area_id": 756405, "parent_id": 7564, "name": "Taiwan Taoyuan International Airport", "kind": "polygon", "radius_m": 2895, "lat": 25.0374605, "lng": 121.194102}, "geometry": {"type": "Polygon", "coordinates": [[[121.212125, 25.01766], [121.207985, 25.018789], [121.203968, 25.020242], [121.200105, 25.022009], [121.196426, 25.024075], [121.192958, 25.026426], [121.189729, 25.029043], [121.186761, 25.031907], [121.184079, 25.034995], [121.181702, 25.038284], [121.179649, 25.04175], [121.177936, 25.045365], [121.176574, 25.049103], [121.175575, 25.052934], [121.174947, 25.056831], [121.179552, 25.057261], [121.213257, 25.021749], [121.212125, 25.01766]]]}}, {"type": "Feature", "properties": {"area_id": 756406, "parent_id": 7564, "name": "Taiwan Taoyuan International Airport", "kind": "polygon", "radius_m": 17788, "lat": 25.071285, "lng": 121.23688}, "geometry": {"type": "Polygon", "coordinates": [[[121.32308, 25.2107], [121.40083, 25.12867], [121.15072, 24.93187], [121.07293, 25.01378], [121.32308, 25.2107]]]}}, {"type": "Feature", "properties": {"area_id": 756407, "parent_id": 7564, "name": "Taiwan Taoyuan International Airport", "kind": "polygon", "radius_m": 17934, "lat": 25.083665, "lng": 121.22978499999999}, "geometry": {"type": "Polygon", "coordinates": [[[121.31717, 25.22399], [121.39492, 25.14195], [121.14244, 24.94334], [121.06465, 25.02525], [121.31717, 25.22399]]]}}, {"type": "Feature", "properties": {"area_id": 760800, "parent_id": 7608, "name": "Taipei Songshan Airport", "kind": "polygon", "radius_m": 5656, "lat": 25.069585, "lng": 121.55253}, "geometry": {"type": "Polygon", "coordinates": [[[121.50383, 25.0948], [121.60321, 25.09128], [121.60119, 25.04437], [121.50185, 25.04788], [121.50383, 25.0948]]]}}, {"type": "Feature", "properties": {"area_id": 760801, "parent_id": 7608, "name": "Taipei Songshan Airport", "kind": "polygon", "radius_m": 2898, "lat": 25.06769021585, "lng": 121.6080773955}, "geometry": {"type": "Polygon", "coordinates": [[[121.60321, 25.09128], [121.60119, 25.04437], [121.604875408, 25.0418192618], [121.608571416, 25.0469332527], [121.611473997, 25.0524557884], [121.613529663, 25.0582853073], [121.614700484, 25.0643145882], [121.614964791, 25.0704327203], [121.614317588, 25.0765271421], [121.61277065, 25.0824857123], [121.610352317, 25.088198773], [121.607106983, 25.0935611699], [121.60321, 25.09128]]]}}, {"type": "Feature", "properties": {"area_id": 760802, "parent_id": 7608, "name": "Taipei Songshan Airport", "kind": "polygon", "radius_m": 2898, "lat": 25.071477717249998, "lng": 121.496956438}, "geometry": {"type": "Polygon", "coordinates": [[[121.50383, 25.0948], [121.500148073, 25.0973498374], [121.496454957, 25.0922331316], [121.493556515, 25.0867083059], [121.491505993, 25.080877061], [121.490341011, 25.0748467238], [121.490082876, 25.0687282704], [121.490736205, 25.0626342819], [121.492288843, 25.0566768733], [121.494712102, 25.0509656306], [121.497961295, 25.0456055971], [121.50185, 25.04788], [121.50383, 25.0948]]]}}, {"type": "Feature", "properties": {"area_id": 760803, "parent_id": 7608, "name": "Taipei Songshan Airport", "kind": "polygon", "radius_m": 17389, "lat": 25.069505, "lng": 121.55258}, "geometry": {"type": "Polygon", "coordinates": [[[121.39328, 25.12935], [121.71636, 25.11791], [121.7116, 25.00966], [121.3888, 25.02109], [121.39328, 25.12935]]]}}, {"type": "Feature", "properties": {"area_id": 960003726, "parent_id": 960003726, "name": "RCR48", "kind": "polygon", "radius_m": 1180, "lat": 25.039583335, "lng": 121.51319445}, "geometry": {"type": "Polygon", "coordinates": [[[121.5025, 25.04305556], [121.5094444, 25.03055556], [121.5238889, 25.03527778], [121.5188889, 25.04861111], [121.5025, 25.04305556]]]}}, {"type": "Feature", "properties": {"area_id": 162500, "parent_id": 1625, "name": "Huangyan Luqiao Airport", "kind": "polygon", "radius_m": 13778, "lat": 28.513733382799998, "lng": 121.412960989}, "geometry": {"type": "Polygon", "coordinates": [[[121.373620641, 28.5047197526], [121.316934408, 28.4330652414], [121.389072151, 28.4072549553], [121.414036964, 28.4889032966], [121.450965102, 28.4925762973], [121.467511007, 28.500579563], [121.481139076, 28.5120721816], [121.502591431, 28.5462808146], [121.50898757, 28.5764412407], [121.505410371, 28.5927395391], [121.484765507, 28.6202118103], [121.373620641, 28.5047197526]]]}}, {"type": "Feature", "properties": {"area_id": 162501, "parent_id": 1625, "name": "Huangyan Luqiao Airport", "kind": "polygon", "radius_m": 13775, "lat": 28.611232899050002, "lng": 121.4453765155}, "geometry": {"type": "Polygon", "coordinates": [[[121.541403282, 28.6919310468], [121.469260904, 28.7177460455], [121.440932169, 28.6360814914], [121.411406077, 28.6334261008], [121.394293066, 28.6263634219], [121.379848585, 28.6156520952], [121.355729924, 28.5786967739], [121.349349749, 28.5484623863], [121.352952976, 28.532168768], [121.373620641, 28.5047197526], [121.484765507, 28.6202118103], [121.541403282, 28.6919310468]]]}}, {"type": "Feature", "properties": {"area_id": 800900, "parent_id": 8009, "name": "Wenzhou Yongqiang Airport", "kind": "polygon", "radius_m": 14442, "lat": 27.8527504954, "lng": 120.83284813700001}, "geometry": {"type": "Polygon", "coordinates": [[[120.791942764, 27.8531485257], [120.73192081, 27.7848465553], [120.802318488, 27.7522141981], [120.833994249, 27.8338848193], [120.864634901, 27.8357546384], [120.896451278, 27.8528363089], [120.930574706, 27.9048227803], [120.933775464, 27.9211782628], [120.932076587, 27.9377084939], [120.925591695, 27.9532867927], [120.791942764, 27.8531485257]]]}}, {"type": "Feature", "properties": {"area_id": 800901, "parent_id": 8009, "name": "Wenzhou Yongqiang Airport", "kind": "polygon", "radius_m": 14239, "lat": 27.9604700965, "lng": 120.8707342445}, "geometry": {"type": "Polygon", "coordinates": [[[120.96974561, 28.0351769088], [120.902692674, 28.0677916673], [120.872740424, 27.9844783509], [120.839241395, 27.9820912444], [120.822294628, 27.9749136651], [120.808031607, 27.9641055389], [120.779097595, 27.9254159888], [120.771722879, 27.8984108361], [120.773865981, 27.8819210316], [120.791942764, 27.8531485257], [120.925591695, 27.9532867927], [120.914761053, 27.9668508978], [120.96974561, 28.0351769088]]]}}, {"type": "Feature", "properties": {"area_id": 903000, "parent_id": 9030, "name": "Yiwu Airport", "kind": "polygon", "radius_m": 14031, "lat": 29.288009114250002, "lng": 120.02412878300001}, "geometry": {"type": "Polygon", "coordinates": [[[119.983636671, 29.2796312127], [119.93694874, 29.2029805129], [120.012500026, 29.1789724783], [120.029199591, 29.2673262763], [120.057462026, 29.2727666304], [120.086836261, 29.2934261485], [120.107645999, 29.3363839872], [120.111308826, 29.3667217213], [120.106259442, 29.3827260927], [120.09662627, 29.3970457502], [119.983636671, 29.2796312127]]]}}, {"type": "Feature", "properties": {"area_id": 903001, "parent_id": 9030, "name": "Yiwu Airport", "kind": "polygon", "radius_m": 13695, "lat": 29.3928172452, "lng": 120.038973766}, "geometry": {"type": "Polygon", "coordinates": [[[120.124704647, 29.4854003455], [120.050792626, 29.5060032777], [120.034122319, 29.4193337025], [120.004649006, 29.413129765], [119.988684645, 29.4040693301], [119.975959228, 29.3917168141], [119.955695876, 29.3519712658], [119.953242885, 29.3204430176], [119.959127696, 29.3046578669], [119.983636671, 29.2796312127], [120.09662627, 29.3970457502], [120.083064639, 29.4087039368], [120.124704647, 29.4854003455]]]}}, {"type": "Feature", "properties": {"area_id": 141300, "parent_id": 1413, "name": "Hangzhou Xiaoshan International Airport", "kind": "polygon", "radius_m": 14866, "lat": 30.18572870845, "lng": 120.387495629}, "geometry": {"type": "Polygon", "coordinates": [[[120.526292343, 30.2443667911], [120.24922874970913, 30.187369492180633], [120.248698915, 30.1872326905], [120.25515697254484, 30.176463908142317], [120.274746548, 30.1404268415], [120.27623365737367, 30.141318629524523], [120.284766216, 30.1270906258], [120.368149065, 30.1770844006], [120.394246432, 30.1632841273], [120.413027075, 30.1598446701], [120.432197295, 30.1607223448], [120.483794132, 30.1775270456], [120.512245521, 30.1972412276], [120.521685964, 30.2116958488], [120.526292343, 30.2443667911]]]}}, {"type": "Feature", "properties": {"area_id": 141301, "parent_id": 1413, "name": "Hangzhou Xiaoshan International Airport", "kind": "polygon", "radius_m": 19628, "lat": 30.269305090090317, "lng": 120.430000534}, "geometry": {"type": "Polygon", "coordinates": [[[120.617956916, 30.2744138419], [120.585240055, 30.3345752188], [120.58415483796445, 30.333924305990493], [120.57524827, 30.351240688], [120.491845179, 30.301249581], [120.465627368, 30.3137121237], [120.446669399, 30.3164807412], [120.427527521, 30.3149164935], [120.376205859, 30.2974731887], [120.348811914, 30.2778236005], [120.339558963, 30.2632757555], [120.335393177, 30.230560609], [120.242044152, 30.2005863088], [120.24922874970913, 30.187369492180633], [120.526292343, 30.2443667911], [120.617956916, 30.2744138419]]]}}, {"type": "Feature", "properties": {"area_id": 420800, "parent_id": 4208, "name": "Ningbo Lishe International Airport", "kind": "polygon", "radius_m": 14512, "lat": 29.85018571615, "lng": 121.402650733}, "geometry": {"type": "Polygon", "coordinates": [[[121.401583151, 29.8845759559], [121.328276637, 29.9445914247], [121.285303737, 29.8878987227], [121.375311443, 29.8495488119], [121.374291285, 29.819298755], [121.380705425, 29.8036613432], [121.391562772, 29.7899964693], [121.406122565, 29.7792343949], [121.465959696, 29.7557800076], [121.503508935, 29.7603218815], [121.519997729, 29.7687258036], [121.401583151, 29.8845759559]]]}}, {"type": "Feature", "properties": {"area_id": 420801, "parent_id": 4208, "name": "Ningbo Lishe International Airport", "kind": "polygon", "radius_m": 14516, "lat": 29.8031456332, "lng": 121.518960936}, "geometry": {"type": "Polygon", "coordinates": [[[121.593389118, 29.7087418824], [121.636338721, 29.7688179181], [121.546362041, 29.802100598], [121.548983839, 29.8329667179], [121.54327039, 29.8488078208], [121.533022284, 29.8628258536], [121.51893688, 29.8740645639], [121.455682074, 29.897549384], [121.436536425, 29.8974181537], [121.401583151, 29.8845759559], [121.519997729, 29.7687258036], [121.593389118, 29.7087418824]]]}}, {"type": "Feature", "properties": {"area_id": 960003651, "parent_id": 960003651, "name": "嘉兴南湖机场-2A", "kind": "polygon", "radius_m": 4330, "lat": 30.704446336871527, "lng": 120.6247254217922}, "geometry": {"type": "Polygon", "coordinates": [[[120.60460794489782, 30.701980357981974], [120.60840060766672, 30.68832399467678], [120.61797894189185, 30.67696256474465], [120.63188078294255, 30.669605304941296], [120.64484289868659, 30.73928736880176], [120.62895393472817, 30.736033807982167], [120.61573630933938, 30.727795129101715], [120.6112473715763, 30.721527142598898], [120.60596258063191, 30.709252109284854], [120.60460794489782, 30.701980357981974]]]}}, {"type": "Feature", "properties": {"area_id": 960003653, "parent_id": 960003653, "name": "嘉兴南湖机场-4A", "kind": "polygon", "radius_m": 4408, "lat": 30.69446287914928, "lng": 120.72148236105329}, "geometry": {"type": "Polygon", "coordinates": [[[120.69432277605469, 30.726444110974846], [120.71493772858804, 30.674513023321218], [120.74035317080774, 30.662481647323716], [120.74864194605188, 30.681677738060685], [120.7202333241593, 30.6867848637483], [120.72159577125106, 30.694059716309482], [120.71781200922139, 30.707708916613136], [120.7082314608192, 30.719089895456655], [120.69432277605469, 30.726444110974846]]]}}, {"type": "Feature", "properties": {"area_id": 960003650, "parent_id": 960003650, "name": "嘉兴南湖机场-1A", "kind": "polygon", "radius_m": 1793, "lat": 30.721409559798712, "lng": 120.59439677376223}, "geometry": {"type": "Polygon", "coordinates": [[[120.57754617594816, 30.71437369432332], [120.60596258063191, 30.709252109284854], [120.6112473715763, 30.721527142598898], [120.58582244730351, 30.73356701031257], [120.57754617594816, 30.71437369432332]]]}}, {"type": "Feature", "properties": {"area_id": 960003652, "parent_id": 960003652, "name": "嘉兴南湖机场-3A", "kind": "polygon", "radius_m": 5346, "lat": 30.698023770037203, "lng": 120.67340997891556}, "geometry": {"type": "Polygon", "coordinates": [[[120.63188063679638, 30.669604357484634], [120.66525909797049, 30.65897609467173], [120.68136230192732, 30.65676030512958], [120.69723809107526, 30.660011071831534], [120.71045267231739, 30.66824585720785], [120.71493932103473, 30.67451482243107], [120.69432500039326, 30.726441159338165], [120.69431985889634, 30.726442731864005], [120.66097360031397, 30.73706656318788], [120.6448433371385, 30.739287234944825], [120.63188063679638, 30.669604357484634]]]}}, {"type": "Feature", "properties": {"area_id": 807900, "parent_id": 8079, "name": "Sunan Shuofang International Airport", "kind": "polygon", "radius_m": 14286, "lat": 31.4489966386, "lng": 120.4217733605}, "geometry": {"type": "Polygon", "coordinates": [[[120.375217099, 31.4328811608], [120.325958906, 31.3577901539], [120.402342729, 31.3334333378], [120.422799423, 31.4177253138], [120.442744417, 31.4185075451], [120.47760989, 31.4325819313], [120.499570451, 31.4596415327], [120.517587815, 31.5064943198], [120.517066172, 31.5230866006], [120.51152344, 31.5389982854], [120.487194404, 31.5645599394], [120.375217099, 31.4328811608]]]}}, {"type": "Feature", "properties": {"area_id": 807901, "parent_id": 8079, "name": "Sunan Shuofang International Airport", "kind": "polygon", "radius_m": 14285, "lat": 31.5484519936, "lng": 120.4406667875}, "geometry": {"type": "Polygon", "coordinates": [[[120.536609741, 31.6396618452], [120.460014511, 31.6640228264], [120.439494524, 31.5797468687], [120.419433292, 31.5789476992], [120.384544015, 31.5648179659], [120.362634354, 31.5377138661], [120.344723834, 31.4908995617], [120.345285994, 31.4743082474], [120.350862866, 31.4584062149], [120.375217099, 31.4328811608], [120.487194404, 31.5645599394], [120.536609741, 31.6396618452]]]}}, {"type": "Feature", "properties": {"area_id": 827300, "parent_id": 8273, "name": "Shanghai Hongqiao International Airport", "kind": "polygon", "radius_m": 18878, "lat": 31.19664332918931, "lng": 121.3125705657506}, "geometry": {"type": "Polygon", "coordinates": [[[121.36451475774052, 31.359084400233876], [121.28546436598813, 31.359063601875345], [121.30207824312365, 31.272323602407077], [121.27589335135384, 31.25704818115868], [121.26451464990457, 31.243596299605663], [121.25561972415554, 31.211575104187673], [121.25728416082224, 31.18164464954104], [121.2662893981069, 31.15317251717547], [121.27770270238828, 31.139756366835762], [121.2803405141403, 31.138374142005638], [121.28351035254124, 31.135001867845787], [121.31047431703993, 31.12234685440915], [121.30052825286182, 31.034202258144745], [121.30721881911448, 31.03449499138219], [121.35786068413202, 31.274082285618377], [121.36952140734567, 31.359076574249215], [121.36451341789177, 31.359075906481202], [121.36451475774052, 31.359084400233876]]]}}, {"type": "Feature", "properties": {"area_id": 827301, "parent_id": 8273, "name": "Shanghai Hongqiao International Airport", "kind": "polygon", "radius_m": 14238, "lat": 31.15414789452219, "lng": 121.35912108536033}, "geometry": {"type": "Polygon", "coordinates": [[[121.30721881911448, 31.03449499138219], [121.3071888916832, 31.034213503426002], [121.32025821349079, 31.035061826460613], [121.37955546535676, 31.037639139302392], [121.37926730283188, 31.03888920789585], [121.38625713591588, 31.03934387255454], [121.3662378569793, 31.1209870496646], [121.39534027866836, 31.1399141480143], [121.40533942404326, 31.1541389186318], [121.41105327903745, 31.186684077290224], [121.409381646425, 31.218381549569827], [121.40133538403495, 31.2426646200598], [121.37543136316094, 31.26701626033244], [121.35786068413202, 31.274082285618377], [121.30721881911448, 31.03449499138219]]]}}, {"type": "Feature", "properties": {"area_id": 40045152, "parent_id": 40045152, "name": "上海禁飞区", "kind": "polygon", "radius_m": 647, "lat": 31.230966472273053, "lng": 121.43140879170552}, "geometry": {"type": "Polygon", "coordinates": [[[121.43215058501278, 31.236740358461596], [121.42500429380249, 31.230209994991135], [121.43104045203069, 31.225192586084514], [121.43781328960856, 31.22905411701413], [121.43215058501278, 31.236740358461596]]]}}, {"type": "Feature", "properties": {"area_id": 40000128, "parent_id": 40000128, "name": "上海禁飞区", "kind": "polygon", "radius_m": 544, "lat": 31.2310019335, "lng": 121.4701794023}, "geometry": {"type": "Polygon", "coordinates": [[[121.46734438, 31.2352433], [121.4705193852, 31.235728311], [121.474628702, 31.22937758], [121.47407259617, 31.2281321643], [121.472493653, 31.227374494], [121.46937244, 31.226275556], [121.4671290145, 31.230007], [121.4657301026, 31.23310914], [121.46734438, 31.2352433]]]}}, {"type": "Feature", "properties": {"area_id": 40000122, "parent_id": 40000122, "name": "上海禁飞区", "kind": "polygon", "radius_m": 460, "lat": 31.20421209685, "lng": 121.4365253}, "geometry": {"type": "Polygon", "coordinates": [[[121.43334774, 31.2057148], [121.4330458, 31.20222764], [121.435981266, 31.2012572837], [121.4383564, 31.201928843], [121.4400048, 31.207077], [121.4354708729, 31.20716691], [121.43334774, 31.2057148]]]}}, {"type": "Feature", "properties": {"area_id": 437300, "parent_id": 4373, "name": "Nantong Airport", "kind": "polygon", "radius_m": 14422, "lat": 32.0316647442, "lng": 121.002450651}, "geometry": {"type": "Polygon", "coordinates": [[[120.957176617, 31.9958892211], [120.947172218, 31.9108832542], [121.026231728, 31.9126318903], [121.006223462, 31.9992867826], [121.037404397, 32.0161348627], [121.048837481, 32.0296085341], [121.055770541, 32.0451314336], [121.057729084, 32.0616464582], [121.04558313, 32.1215538968], [121.019032163, 32.1455896489], [121.001178809, 32.1524462342], [120.957176617, 31.9958892211]]]}}, {"type": "Feature", "properties": {"area_id": 437301, "parent_id": 4373, "name": "Nantong Airport", "kind": "polygon", "radius_m": 14374, "lat": 32.115807020000005, "lng": 120.959698699}, "geometry": {"type": "Polygon", "coordinates": [[[121.016217084, 32.2357248189], [120.93376902, 32.2357078293], [120.953805257, 32.1524163619], [120.93418252, 32.1441532005], [120.919694303, 32.1329730744], [120.903180314, 32.1031803494], [120.903939202, 32.0583106463], [120.912797746, 32.0267448327], [120.924209947, 32.013258659], [120.957176617, 31.9958892211], [121.001178809, 32.1524462342], [121.016217084, 32.2357248189]]]}}, {"type": "Feature", "properties": {"area_id": 960003505, "parent_id": 960003505, "name": "NFZ-EUCX-02", "kind": "polygon", "radius_m": 114, "lat": 31.50929516914241, "lng": 121.07462960703731}, "geometry": {"type": "Polygon", "coordinates": [[[121.0736284010323, 31.50986189005863], [121.07362790511709, 31.508726990028578], [121.07563081296267, 31.508728448309583], [121.07563130895751, 31.50986334825624], [121.0736284010323, 31.50986189005863]]]}}, {"type": "Feature", "properties": {"area_id": 960003506, "parent_id": 960003506, "name": "NFZ-EUCX-03", "kind": "polygon", "radius_m": 89, "lat": 31.51356437448837, "lng": 121.1022457802919}, "geometry": {"type": "Polygon", "coordinates": [[[121.10301810917875, 31.51310517487895], [121.10262101076344, 31.51283991639182], [121.10147345140503, 31.514018952645223], [121.10185977325749, 31.514288832584924], [121.10301810917875, 31.51310517487895]]]}}, {"type": "Feature", "properties": {"area_id": 960003504, "parent_id": 960003504, "name": "NFZ-EUCX-01", "kind": "polygon", "radius_m": 53, "lat": 31.511322852902982, "lng": 121.07231627107281}, "geometry": {"type": "Polygon", "coordinates": [[[121.07246488749755, 31.5108703015025], [121.07196783012085, 31.511692509658566], [121.0721562171201, 31.511775404303464], [121.07266471202476, 31.51095432385548], [121.07246488749755, 31.5108703015025]]]}}, {"type": "Feature", "properties": {"area_id": 912100, "parent_id": 9121, "name": "Yancheng Airport", "kind": "polygon", "radius_m": 14541, "lat": 33.476750415050006, "lng": 120.2337925175}, "geometry": {"type": "Polygon", "coordinates": [[[120.278823481, 33.4706541735], [120.354668351, 33.5290755521], [120.289296198, 33.5724068943], [120.238100089, 33.4976731305], [120.19842896, 33.5022233228], [120.179194302, 33.4979529341], [120.147853544, 33.4779523564], [120.118972214, 33.4443084695], [120.113378732, 33.4283800787], [120.112916684, 33.4117863203], [120.127149987, 33.3810939358], [120.278823481, 33.4706541735]]]}}, {"type": "Feature", "properties": {"area_id": 912101, "parent_id": 9121, "name": "Yancheng Airport", "kind": "polygon", "radius_m": 14561, "lat": 33.375000106550004, "lng": 120.171991824}, "geometry": {"type": "Polygon", "coordinates": [[[120.051517627, 33.3226701691], [120.116749831, 33.2793460396], [120.167773043, 33.3541379445], [120.187444013, 33.3496269118], [120.226523225, 33.3538275765], [120.243764611, 33.3620808036], [120.276102428, 33.3929134105], [120.292466021, 33.4233407022], [120.288326004, 33.4560713643], [120.278823481, 33.4706541735], [120.127149987, 33.3810939358], [120.051517627, 33.3226701691]]]}}, {"type": "Feature", "properties": {"area_id": 3256800, "parent_id": 32568, "name": "Yantai Penglai International Airport", "kind": "polygon", "radius_m": 14840, "lat": 37.7098418775, "lng": 121.0161278005}, "geometry": {"type": "Polygon", "coordinates": [[[121.148254204, 37.7582337817], [121.082982677, 37.8012281854], [121.024696094, 37.7295692269], [120.98798132, 37.7349030147], [120.967347594, 37.7318687136], [120.948413163, 37.7247110942], [120.904158767, 37.6906046779], [120.887408912, 37.6668832586], [120.884001397, 37.6505056991], [120.893452677, 37.6184555696], [121.061610695, 37.7014812215], [121.148254204, 37.7582337817]]]}}, {"type": "Feature", "properties": {"area_id": 3256801, "parent_id": 32568, "name": "Yantai Penglai International Airport", "kind": "polygon", "radius_m": 14644, "lat": 37.6101279456, "lng": 120.942128809}, "geometry": {"type": "Polygon", "coordinates": [[[120.893452677, 37.6184555696], [120.811750171, 37.5617679648], [120.875364921, 37.5187746697], [120.93537337, 37.5904428698], [120.967609489, 37.5853464135], [120.988350501, 37.5876623914], [121.007631237, 37.594150113], [121.050828456, 37.626051643], [121.069838535, 37.653255327], [121.072507447, 37.6697185469], [121.061610695, 37.7014812215], [120.893452677, 37.6184555696]]]}}, {"type": "Feature", "properties": {"area_id": 61400, "parent_id": 614, "name": "Zhoushuizi Airport", "kind": "polygon", "radius_m": 14258, "lat": 38.95759119025, "lng": 121.482362171}, "geometry": {"type": "Polygon", "coordinates": [[[121.445841496, 38.992712235], [121.335827394, 39.0160770238], [121.330600539, 38.9490525006], [121.440623313, 38.95070394], [121.455333147, 38.927916031], [121.470606902, 38.9163274134], [121.489210902, 38.908206522], [121.551548951, 38.8991053567], [121.590430725, 38.9040411972], [121.608772065, 38.9125147647], [121.634123803, 38.9388633367], [121.445841496, 38.992712235]]]}}, {"type": "Feature", "properties": {"area_id": 61401, "parent_id": 614, "name": "Zhoushuizi Airport", "kind": "polygon", "radius_m": 13956, "lat": 38.97490250855, "lng": 121.597614908}, "geometry": {"type": "Polygon", "coordinates": [[[121.740812871, 38.9172446595], [121.74938832, 38.9859553692], [121.639402202, 38.9776125813], [121.6233088, 39.0040667404], [121.607911915, 39.0155717417], [121.58920302, 39.0235854962], [121.528462684, 39.0325603576], [121.48950678, 39.0275968681], [121.471152684, 39.019101016], [121.445841496, 38.992712235], [121.634123803, 38.9388633367], [121.740812871, 38.9172446595]]]}}, {"type": "Feature", "properties": {"area_id": 269400, "parent_id": 2694, "name": "Jinzhou Airport", "kind": "polygon", "radius_m": 13980, "lat": 40.87142562995, "lng": 121.2523267825}, "geometry": {"type": "Polygon", "coordinates": [[[121.203376505, 40.8849028327], [121.131675038, 40.8182321204], [121.205627077, 40.7838339095], [121.252334457, 40.8621800137], [121.285992882, 40.8622064969], [121.306733944, 40.8676347729], [121.324915264, 40.8769347374], [121.359346686, 40.9111951709], [121.36888836, 40.9261571039], [121.372978527, 40.9424651901], [121.37134212, 40.9590173504], [121.203376505, 40.8849028327]]]}}, {"type": "Feature", "properties": {"area_id": 269401, "parent_id": 2694, "name": "Jinzhou Airport", "kind": "polygon", "radius_m": 14120, "lat": 40.98719408485, "lng": 121.30274487599999}, "geometry": {"type": "Polygon", "coordinates": [[[121.421666799, 41.0517391508], [121.344325943, 41.089485337], [121.300981907, 41.007814791], [121.263625608, 41.0081304131], [121.242916488, 41.0025390063], [121.210616366, 40.9804295221], [121.183822953, 40.9312683364], [121.184851784, 40.9146883113], [121.203376505, 40.8849028327], [121.37134212, 40.9590173504], [121.351702877, 40.9884004496], [121.421666799, 41.0517391508]]]}}, {"type": "Feature", "properties": {"area_id": 180600, "parent_id": 1806, "name": "Chaoyang Airport", "kind": "polygon", "radius_m": 13552, "lat": 41.4991681174, "lng": 120.476875776}, "geometry": {"type": "Polygon", "coordinates": [[[120.427219897, 41.4673963308], [120.442249562, 41.3807054493], [120.526531655, 41.394485221], [120.481532262, 41.4728164817], [120.510884165, 41.4952490555], [120.519415077, 41.5105684019], [120.522363296, 41.5270191992], [120.514494318, 41.5685663616], [120.497021983, 41.5949749306], [120.480725385, 41.606244003], [120.439423218, 41.6176307855], [120.427219897, 41.4673963308]]]}}, {"type": "Feature", "properties": {"area_id": 180601, "parent_id": 1806, "name": "Chaoyang Airport", "kind": "polygon", "radius_m": 13470, "lat": 41.58501493775, "lng": 120.389751019}, "geometry": {"type": "Polygon", "coordinates": [[[120.427746805, 41.7026335447], [120.34007882, 41.6837563787], [120.383436694, 41.6071344831], [120.365613119, 41.5964916881], [120.34450287, 41.5676145624], [120.345528206, 41.5347110302], [120.355496988, 41.5147958174], [120.370761293, 41.4914584813], [120.386532006, 41.4797997271], [120.427219897, 41.4673963308], [120.439423218, 41.6176307855], [120.427746805, 41.7026335447]]]}}, {"type": "Feature", "properties": {"area_id": 737200, "parent_id": 7372, "name": "Tongliao Airport", "kind": "polygon", "radius_m": 13783, "lat": 43.5076715603, "lng": 122.1919593225}, "geometry": {"type": "Polygon", "coordinates": [[[122.139088906, 43.4924386823], [122.086660255, 43.4155006028], [122.181153605, 43.3940620604], [122.198369429, 43.4790136904], [122.242100451, 43.4867701564], [122.260586675, 43.4965496747], [122.27496029, 43.5094650007], [122.294448814, 43.5482309829], [122.29725839, 43.5808612019], [122.289862192, 43.5965711599], [122.259836462, 43.6212810602], [122.139088906, 43.4924386823]]]}}, {"type": "Feature", "properties": {"area_id": 737201, "parent_id": 7372, "name": "Tongliao Airport", "kind": "polygon", "radius_m": 13784, "lat": 43.6060609387, "lng": 122.2070475935}, "geometry": {"type": "Polygon", "coordinates": [[[122.31252599, 43.6982389444], [122.217639296, 43.7196831951], [122.200345305, 43.6347497171], [122.156368033, 43.626914002], [122.137886705, 43.6170900389], [122.11434482, 43.5889366478], [122.104256966, 43.565466937], [122.101569197, 43.5327840852], [122.109024771, 43.5170908272], [122.139088906, 43.4924386823], [122.259836462, 43.6212810602], [122.31252599, 43.6982389444]]]}}, {"type": "Feature", "properties": {"area_id": 146900, "parent_id": 1469, "name": "Ulanhot Airport", "kind": "polygon", "radius_m": 14060, "lat": 46.17865440655, "lng": 122.069978879}, "geometry": {"type": "Polygon", "coordinates": [[[122.153303751, 46.083741117], [122.210050514, 46.138744955], [122.103389834, 46.1754017973], [122.106231953, 46.2043453264], [122.099299223, 46.2202351598], [122.086653604, 46.2343408323], [122.040739519, 46.2624065164], [121.997322926, 46.2735676961], [121.973320626, 46.2730723274], [121.929907244, 46.259562633], [122.068281339, 46.1437115896], [122.153303751, 46.083741117]]]}}, {"type": "Feature", "properties": {"area_id": 146901, "parent_id": 1469, "name": "Ulanhot Airport", "kind": "polygon", "radius_m": 14102, "lat": 46.2246666817, "lng": 121.92743357250001}, "geometry": {"type": "Polygon", "coordinates": [[[121.929907244, 46.259562633], [121.843347969, 46.319592343], [121.786585806, 46.267978578], [121.89494108, 46.2279330967], [121.890323992, 46.2106683105], [121.900575513, 46.178529939], [121.914303655, 46.164923923], [121.957562646, 46.1409430454], [122.001009848, 46.1297410204], [122.02494975, 46.130233176], [122.068281339, 46.1437115896], [121.929907244, 46.259562633]]]}}, {"type": "Feature", "properties": {"area_id": 156400, "parent_id": 1564, "name": "Zhoushan Airport", "kind": "polygon", "radius_m": 14237, "lat": 29.97711330505, "lng": 122.33404021999999}, "geometry": {"type": "Polygon", "coordinates": [[[122.385521302, 30.0969766646], [122.305528465, 30.0906168507], [122.329637335, 30.0070937688], [122.312223216, 29.9989392889], [122.288392248, 29.9733038474], [122.283004282, 29.9573754544], [122.282559138, 29.9407816972], [122.289481869, 29.8982105169], [122.311201435, 29.8712178235], [122.345566331, 29.8572499455], [122.379419097, 30.011052173], [122.385521302, 30.0969766646]]]}}, {"type": "Feature", "properties": {"area_id": 156401, "parent_id": 1564, "name": "Zhoushan Airport", "kind": "polygon", "radius_m": 14237, "lat": 29.89118940745, "lng": 122.390935395}, "geometry": {"type": "Polygon", "coordinates": [[[122.345566331, 29.8572499455], [122.339489197, 29.7713266419], [122.41925997, 29.7776852933], [122.395261357, 29.8612105231], [122.412575325, 29.8693034395], [122.436451906, 29.8948895318], [122.441885019, 29.9108055364], [122.442381593, 29.9273981945], [122.435518651, 29.9700417486], [122.413818812, 29.9970593706], [122.379419097, 30.011052173], [122.345566331, 29.8572499455]]]}}, {"type": "Feature", "properties": {"area_id": 791300, "parent_id": 7913, "name": "Weihai Airport", "kind": "polygon", "radius_m": 14088, "lat": 37.235614276250004, "lng": 122.239303361}, "geometry": {"type": "Polygon", "coordinates": [[[122.339351735, 37.3263574152], [122.252891828, 37.3501106247], [122.234158926, 37.2656427397], [122.194240638, 37.2587104259], [122.177084432, 37.2492751325], [122.154662898, 37.2216242394], [122.143035909, 37.1947454182], [122.139254987, 37.16239979], [122.145336673, 37.1465250764], [122.171579455, 37.1211179278], [122.288515652, 37.2506886198], [122.339351735, 37.3263574152]]]}}, {"type": "Feature", "properties": {"area_id": 791301, "parent_id": 7913, "name": "Weihai Airport", "kind": "polygon", "radius_m": 14088, "lat": 37.13620313015, "lng": 122.22085223100001}, "geometry": {"type": "Polygon", "coordinates": [[[122.171579455, 37.1211179278], [122.120942333, 37.0454661958], [122.207119573, 37.0217176405], [122.225781192, 37.1062025725], [122.265518505, 37.113075917], [122.282674381, 37.1224758136], [122.296199193, 37.1350943273], [122.316894889, 37.1770486224], [122.320762129, 37.2093493556], [122.314725403, 37.2252361777], [122.288515652, 37.2506886198], [122.171579455, 37.1211179278]]]}}, {"type": "Feature", "properties": {"area_id": 52700, "parent_id": 527, "name": "Dandong Airport", "kind": "polygon", "radius_m": 13810, "lat": 39.982493706750006, "lng": 124.30490366800001}, "geometry": {"type": "Polygon", "coordinates": [[[124.258683429, 39.9509318525], [124.238634123, 39.8693026916], [124.326301732, 39.8659005482], [124.309645005, 39.9509089421], [124.346178629, 39.9668594085], [124.359563784, 39.9799086532], [124.371173213, 40.0115966621], [124.369507826, 40.034988834], [124.360972457, 40.0671322807], [124.348860546, 40.0809018877], [124.313002757, 40.0990868653], [124.258683429, 39.9509318525]]]}}, {"type": "Feature", "properties": {"area_id": 52701, "parent_id": 527, "name": "Dandong Airport", "kind": "polygon", "radius_m": 13693, "lat": 40.0683729174, "lng": 124.26592146600001}, "geometry": {"type": "Polygon", "coordinates": [[[124.331350363, 40.1807216659], [124.248742681, 40.1858139823], [124.262028176, 40.0974337604], [124.228007791, 40.0816266123], [124.21484563, 40.068433351], [124.206598534, 40.0530821299], [124.200492569, 40.0133458015], [124.20994549, 39.9821222857], [124.222415267, 39.9685507264], [124.258683429, 39.9509318525], [124.313002757, 40.0990868653], [124.331350363, 40.1807216659]]]}}, {"type": "Feature", "properties": {"area_id": 3336500, "parent_id": 33365, "name": "Yingkou Lanqi Airport", "kind": "polygon", "radius_m": 14051, "lat": 40.4919859512, "lng": 122.33750744349999}, "geometry": {"type": "Polygon", "coordinates": [[[122.290062142, 40.4881568743], [122.221695242, 40.4198251259], [122.299039345, 40.387194687], [122.335677094, 40.4705181347], [122.372544718, 40.4708984597], [122.392914945, 40.4768470446], [122.410571973, 40.4866006166], [122.441025309, 40.5195513549], [122.453319645, 40.5514456776], [122.442969183, 40.5834051858], [122.430020361, 40.5967772154], [122.290062142, 40.4881568743]]]}}, {"type": "Feature", "properties": {"area_id": 3336501, "parent_id": 33365, "name": "Yingkou Lanqi Airport", "kind": "polygon", "radius_m": 14005, "lat": 40.592983757300004, "lng": 122.3816655775}, "geometry": {"type": "Polygon", "coordinates": [[[122.496643712, 40.6651751526], [122.420972445, 40.6978106403], [122.379272687, 40.6144645381], [122.342410585, 40.6140592025], [122.322006903, 40.6080942066], [122.290606299, 40.5854059904], [122.26994384, 40.5498721547], [122.266687443, 40.5334594257], [122.269131368, 40.5169654698], [122.290062142, 40.4881568743], [122.430020361, 40.5967772154], [122.496643712, 40.6651751526]]]}}, {"type": "Feature", "properties": {"area_id": 3278300, "parent_id": 32783, "name": "大长山岛", "kind": "polygon", "radius_m": 13503, "lat": 39.22440873625, "lng": 122.7193136285}, "geometry": {"type": "Polygon", "coordinates": [[[122.670392886, 39.1957052207], [122.691768703, 39.1111636878], [122.775424795, 39.1345273241], [122.722446219, 39.2102298403], [122.738751477, 39.2219016622], [122.756374153, 39.2518503591], [122.757125073, 39.2684384118], [122.752303919, 39.2846116403], [122.737449187, 39.3103801469], [122.705057075, 39.3317176438], [122.663202462, 39.3376537847], [122.670392886, 39.1957052207]]]}}, {"type": "Feature", "properties": {"area_id": 3278301, "parent_id": 32783, "name": "大长山岛", "kind": "polygon", "radius_m": 13506, "lat": 39.3089395099, "lng": 122.6140977295}, "geometry": {"type": "Polygon", "coordinates": [[[122.64174803, 39.4221737991], [122.557802573, 39.3988034347], [122.611073061, 39.3231284148], [122.594659358, 39.31134252], [122.577162548, 39.2813443926], [122.576493729, 39.2647542307], [122.581392685, 39.2485952701], [122.596244105, 39.222940542], [122.628617057, 39.2016313486], [122.670392886, 39.1957052207], [122.663202462, 39.3376537847], [122.64174803, 39.4221737991]]]}}, {"type": "Feature", "properties": {"area_id": 827700, "parent_id": 8277, "name": "Taoxian Airport", "kind": "polygon", "radius_m": 14800, "lat": 41.5900279694, "lng": 123.4377481}, "geometry": {"type": "Polygon", "coordinates": [[[123.385046921, 41.6018626153], [123.291688503, 41.5552649548], [123.351875159, 41.5070840015], [123.421828371, 41.570413442], [123.46028422, 41.56304484], [123.482320007, 41.5649588983], [123.502946142, 41.5710712037], [123.555778691, 41.5993146546], [123.578747996, 41.6243332475], [123.583807697, 41.6404949316], [123.576665494, 41.6729719373], [123.385046921, 41.6018626153]]]}}, {"type": "Feature", "properties": {"area_id": 827701, "parent_id": 8277, "name": "Taoxian Airport", "kind": "polygon", "radius_m": 15026, "lat": 41.685723547950005, "lng": 123.52667809249999}, "geometry": {"type": "Polygon", "coordinates": [[[123.67498046, 41.7197284935], [123.613144488, 41.7695844806], [123.541504955, 41.7045865816], [123.504682193, 41.7136209423], [123.482467789, 41.712902918], [123.442513237, 41.6989935009], [123.407531288, 41.6756707441], [123.383667633, 41.6505152685], [123.378375725, 41.6343950299], [123.385046921, 41.6018626153], [123.576665494, 41.6729719373], [123.67498046, 41.7197284935]]]}}, {"type": "Feature", "properties": {"area_id": 110300, "parent_id": 1103, "name": "Anshan Air Base Airport", "kind": "polygon", "radius_m": 13503, "lat": 41.15524885705, "lng": 122.85494943149999}, "geometry": {"type": "Polygon", "coordinates": [[[122.944882974, 41.252144026], [122.860624361, 41.2693189594], [122.850622899, 41.1826505884], [122.812794223, 41.1740161082], [122.795399956, 41.1638155789], [122.773831864, 41.1351891589], [122.76717912, 41.1118958963], [122.765015889, 41.0819972773], [122.77181853, 41.0662111227], [122.800155137, 41.0411787547], [122.903273414, 41.1704170009], [122.944882974, 41.252144026]]]}}, {"type": "Feature", "properties": {"area_id": 110301, "parent_id": 1103, "name": "Anshan Air Base Airport", "kind": "polygon", "radius_m": 13409, "lat": 41.05806460985, "lng": 122.84864306099999}, "geometry": {"type": "Polygon", "coordinates": [[[122.800155137, 41.0411787547], [122.75679633, 40.9595121622], [122.842753773, 40.9457122188], [122.854364264, 41.0290098574], [122.893414751, 41.0393528461], [122.910013928, 41.0502512508], [122.922312805, 41.0640169297], [122.939481528, 41.0997547627], [122.940489792, 41.1306321098], [122.932897734, 41.1462144361], [122.903273414, 41.1704170009], [122.800155137, 41.0411787547]]]}}, {"type": "Feature", "properties": {"area_id": 960001572, "parent_id": 960001572, "name": "无人机管控区域", "kind": "circle", "radius_m": 500, "lat": 41.83435858673221, "lng": 123.42792592704299}, "geometry": {"type": "Polygon", "coordinates": [[[123.42792592704299, 41.838850142607164], [123.42871278040428, 41.838811716724], [123.4294861704864, 41.838697096552046], [123.43023286437062, 41.83850824327421], [123.43094008591757, 41.83824838822244], [123.43159573437049, 41.83792197758871], [123.43218859140256, 41.837534596349464], [123.43270851306562, 41.83709287270512], [123.43314660335584, 41.83660436466968], [123.43349536642691, 41.8360774307511], [123.43374883484597, 41.83552108693479], [123.43390267169812, 41.834944852417706], [123.43395424479215, 41.83435858673221], [123.43390267169812, 41.83377232104671], [123.43374883484597, 41.833196086529625], [123.43349536642691, 41.83263974271332], [123.43314660335584, 41.83211280879473], [123.43270851306562, 41.831624300759294], [123.43218859140256, 41.83118257711495], [123.43159573437049, 41.83079519587571], [123.43094008591757, 41.830468785241976], [123.43023286437062, 41.8302089301902], [123.4294861704864, 41.83002007691237], [123.42871278040428, 41.82990545674041], [123.42792592704299, 41.82986703085725], [123.4271390736817, 41.82990545674041], [123.42636568359958, 41.83002007691237], [123.42561898971536, 41.8302089301902], [123.42491176816841, 41.830468785241976], [123.4242561197155, 41.83079519587571], [123.42366326268342, 41.83118257711495], [123.42314334102036, 41.831624300759294], [123.42270525073015, 41.83211280879473], [123.42235648765907, 41.83263974271332], [123.42210301924001, 41.833196086529625], [123.42194918238786, 41.83377232104671], [123.42189760929384, 41.83435858673221], [123.42194918238786, 41.834944852417706], [123.42210301924001, 41.83552108693479], [123.42235648765907, 41.8360774307511], [123.42270525073015, 41.83660436466968], [123.42314334102036, 41.83709287270512], [123.42366326268342, 41.837534596349464], [123.4242561197155, 41.83792197758871], [123.42491176816841, 41.83824838822244], [123.42561898971536, 41.83850824327421], [123.42636568359958, 41.838697096552046], [123.4271390736817, 41.838811716724], [123.42792592704299, 41.838850142607164]]]}}, {"type": "Feature", "properties": {"area_id": 960001594, "parent_id": 960001594, "name": "无人机管控区域", "kind": "circle", "radius_m": 500, "lat": 41.77783921302999, "lng": 123.40179276584917}, "geometry": {"type": "Polygon", "coordinates": [[[123.40179276584917, 41.78233076890495], [123.40257892537305, 41.78229234302179], [123.40335163348952, 41.78217772284983], [123.40409766894845, 41.781988869572], [123.40480426687633, 41.781729014520224], [123.40545933718667, 41.78140260388649], [123.40605167144487, 41.78101522264725], [123.40657113464754, 41.780573499002905], [123.40700883863525, 41.78008499096747], [123.40735729417142, 41.77955805704888], [123.40761053908523, 41.779001713232574], [123.40776424028596, 41.77842547871549], [123.40781576790349, 41.77783921302999], [123.40776424028596, 41.77725294734449], [123.40761053908523, 41.77667671282741], [123.40735729417142, 41.7761203690111], [123.40700883863525, 41.77559343509252], [123.40657113464754, 41.77510492705708], [123.40605167144487, 41.774663203412736], [123.40545933718667, 41.77427582217349], [123.40480426687633, 41.77394941153976], [123.40409766894845, 41.77368955648799], [123.40335163348952, 41.77350070321015], [123.40257892537305, 41.7733860830382], [123.40179276584917, 41.773347657155036], [123.40100660632528, 41.7733860830382], [123.40023389820881, 41.77350070321015], [123.39948786274988, 41.77368955648799], [123.398781264822, 41.77394941153976], [123.39812619451166, 41.77427582217349], [123.39753386025346, 41.774663203412736], [123.3970143970508, 41.77510492705708], [123.39657669306308, 41.77559343509252], [123.39622823752691, 41.7761203690111], [123.3959749926131, 41.77667671282741], [123.39582129141237, 41.77725294734449], [123.39576976379485, 41.77783921302999], [123.39582129141237, 41.77842547871549], [123.3959749926131, 41.779001713232574], [123.39622823752691, 41.77955805704888], [123.39657669306308, 41.78008499096747], [123.3970143970508, 41.780573499002905], [123.39753386025346, 41.78101522264725], [123.39812619451166, 41.78140260388649], [123.398781264822, 41.781729014520224], [123.39948786274988, 41.781988869572], [123.40023389820881, 41.78217772284983], [123.40100660632528, 41.78229234302179], [123.40179276584917, 41.78233076890495]]]}}, {"type": "Feature", "properties": {"area_id": 3320600, "parent_id": 33206, "name": "长安", "kind": "polygon", "radius_m": 14348, "lat": 45.45827810475, "lng": 122.9654926895}, "geometry": {"type": "Polygon", "coordinates": [[[122.91836775, 45.4854224398], [122.808334067, 45.4488015934], [122.858221955, 45.3904100483], [122.951582823, 45.450408991], [122.986932681, 45.4375975163], [123.01040265, 45.4355289979], [123.033836845, 45.4377886148], [123.085704637, 45.45591535], [123.114035612, 45.477780263], [123.122651312, 45.4932403854], [123.12170355, 45.5261461612], [122.91836775, 45.4854224398]]]}}, {"type": "Feature", "properties": {"area_id": 3320601, "parent_id": 33206, "name": "长安", "kind": "polygon", "radius_m": 14266, "lat": 45.5516733419, "lng": 123.07501959550001}, "geometry": {"type": "Polygon", "coordinates": [[[123.231671441, 45.5612022056], [123.180087044, 45.617924244], [123.088373938, 45.5612587292], [123.052638186, 45.5727805152], [123.029005878, 45.5741399084], [123.00567777, 45.5711666962], [122.957645374, 45.5524260712], [122.93054084, 45.5333324485], [122.920491896, 45.5183012284], [122.91836775, 45.4854224398], [123.12170355, 45.5261461612], [123.231671441, 45.5612022056]]]}}, {"type": "Feature", "properties": {"area_id": 417700, "parent_id": 4177, "name": "Qiqihar Sanjiazi Airport", "kind": "polygon", "radius_m": 13994, "lat": 47.2816579578, "lng": 123.8561034935}, "geometry": {"type": "Polygon", "coordinates": [[[123.905973475, 47.314400536], [123.877708924, 47.3977094774], [123.784878244, 47.3753441193], [123.848204474, 47.3019870265], [123.822673125, 47.2765660003], [123.817272609, 47.2603773537], [123.818231207, 47.243791873], [123.83543554, 47.2063361294], [123.859940851, 47.182029174], [123.88001523, 47.1725787679], [123.927328743, 47.1656064382], [123.905973475, 47.314400536]]]}}, {"type": "Feature", "properties": {"area_id": 417701, "parent_id": 4177, "name": "Qiqihar Sanjiazi Airport", "kind": "polygon", "radius_m": 13912, "lat": 47.19918486105, "lng": 123.977207579}, "geometry": {"type": "Polygon", "coordinates": [[[123.955604967, 47.0839691861], [124.048441683, 47.1046457332], [123.985115509, 47.1779901707], [124.002166469, 47.1903220328], [124.019200084, 47.2211330361], [124.018385966, 47.237722066], [124.001231577, 47.2753324981], [123.974520778, 47.2999858852], [123.953818985, 47.3088423825], [123.905973475, 47.314400536], [123.927328743, 47.1656064382], [123.955604967, 47.0839691861]]]}}, {"type": "Feature", "properties": {"area_id": 3320400, "parent_id": 33204, "name": "成吉思汗", "kind": "polygon", "radius_m": 13404, "lat": 47.91351872495, "lng": 122.76794735}, "geometry": {"type": "Polygon", "coordinates": [[[122.81839712, 47.9355441923], [122.863367443, 48.0155392915], [122.761993157, 48.0258842145], [122.758714699, 47.9425853008], [122.712321149, 47.9302823226], [122.694611802, 47.9186775367], [122.681995388, 47.9043950564], [122.67532879, 47.8884099805], [122.672527257, 47.8405881295], [122.681340425, 47.8250800801], [122.714993118, 47.8011532354], [122.81839712, 47.9355441923]]]}}, {"type": "Feature", "properties": {"area_id": 3320401, "parent_id": 33204, "name": "成吉思汗", "kind": "polygon", "radius_m": 13387, "lat": 47.819802881499996, "lng": 122.76980319}, "geometry": {"type": "Polygon", "coordinates": [[[122.67328485, 47.719496246], [122.771247306, 47.7040615707], [122.779617737, 47.7924164649], [122.816244254, 47.8016045665], [122.835210031, 47.8122462204], [122.849436365, 47.8258200553], [122.86632153, 47.8665157048], [122.864328323, 47.8978544611], [122.854167697, 47.9129907931], [122.81839712, 47.9355441923], [122.714993118, 47.8011532354], [122.67328485, 47.719496246]]]}}, {"type": "Feature", "properties": {"area_id": 263100, "parent_id": 2631, "name": "Jiagedaqi Airport", "kind": "polygon", "radius_m": 13486, "lat": 50.41415872455, "lng": 124.07682119750001}, "geometry": {"type": "Polygon", "coordinates": [[[124.134768995, 50.445878322], [124.136457844, 50.5291856033], [124.028249645, 50.5222555502], [124.069907214, 50.437240572], [124.037379033, 50.4200209552], [124.024150027, 50.4057229363], [124.017184551, 50.389729613], [124.018610198, 50.3498506212], [124.03551904, 50.3248021178], [124.053307592, 50.3126987658], [124.10025719, 50.2991318458], [124.134768995, 50.445878322]]]}}, {"type": "Feature", "properties": {"area_id": 263101, "parent_id": 2631, "name": "Jiagedaqi Airport", "kind": "polygon", "radius_m": 13789, "lat": 50.3283323542, "lng": 124.16143846649999}, "geometry": {"type": "Polygon", "coordinates": [[[124.100260054, 50.2107863864], [124.206766502, 50.2227785036], [124.165090196, 50.3027623916], [124.205121538, 50.3241957561], [124.222619743, 50.3551555332], [124.221413076, 50.371735914], [124.216398034, 50.3901196472], [124.19910066, 50.4196308306], [124.159608914, 50.4408525309], [124.134768995, 50.445878322], [124.10025719, 50.2991318458], [124.100260054, 50.2107863864]]]}}, {"type": "Feature", "properties": {"area_id": 450900, "parent_id": 4509, "name": "Gu-Lian Airport", "kind": "polygon", "radius_m": 14255, "lat": 52.9488732704, "lng": 122.3404285025}, "geometry": {"type": "Polygon", "coordinates": [[[122.361914514, 52.9828961521], [122.280321051, 53.0529108397], [122.201286395, 53.0014062972], [122.316261747, 52.9531673481], [122.304771692, 52.9242754704], [122.308381907, 52.9078206039], [122.318925651, 52.8924892198], [122.357280051, 52.8626973912], [122.399322722, 52.8476505997], [122.426407157, 52.8448357011], [122.47957061, 52.8520736344], [122.361914514, 52.9828961521]]]}}, {"type": "Feature", "properties": {"area_id": 450901, "parent_id": 4509, "name": "Gu-Lian Airport", "kind": "polygon", "radius_m": 14311, "lat": 52.88602781845, "lng": 122.501990609}, "geometry": {"type": "Polygon", "coordinates": [[[122.562978327, 52.783759393], [122.642066704, 52.8284943557], [122.52871946, 52.8818916704], [122.540751122, 52.9103189057], [122.537628737, 52.9268100309], [122.52752777, 52.9422514119], [122.511130719, 52.955589096], [122.442699404, 52.9845373977], [122.415844079, 52.9882962439], [122.361914514, 52.9828961521], [122.47957061, 52.8520736344], [122.562978327, 52.783759393]]]}}, {"type": "Feature", "properties": {"area_id": 40002548, "parent_id": 40002548, "name": "边境限制区", "kind": "polygon", "radius_m": 18720, "lat": 40.11964993730413, "lng": 124.43555012149045}, "geometry": {"type": "Polygon", "coordinates": [[[124.54270116568202, 40.26649987460826], [124.43399992616858, 40.17839847244555], [124.37909866360428, 40.13059866136288], [124.36269903756833, 40.124700337006644], [124.32130161737021, 40.092201531840225], [124.30580093342681, 40.06110131643847], [124.30839890902472, 40.04419973071184], [124.3381, 40.0208], [124.32, 39.9767], [124.3521, 39.9728], [124.3708, 40.0117], [124.365, 40.0808], [124.39549892275244, 40.11490183378612], [124.40920108013869, 40.13499985814775], [124.4294010169479, 40.14050131636458], [124.45629892911627, 40.17219919838496], [124.4839, 40.1727], [124.51690002128251, 40.219199759266374], [124.56529930955409, 40.25090188733064], [124.54270116568202, 40.26649987460826]]]}}, {"type": "Feature", "properties": {"area_id": 3356500, "parent_id": 33565, "name": "通化三源浦机场", "kind": "polygon", "radius_m": 14217, "lat": 41.9985350927, "lng": 125.6998242185}, "geometry": {"type": "Polygon", "coordinates": [[[125.651678706, 42.005015715], [125.569973332, 41.9416666378], [125.642178467, 41.9038001106], [125.697137437, 41.9771237112], [125.736295124, 41.9745553985], [125.757786616, 41.9790535591], [125.776984441, 41.987530238], [125.80928283, 42.0161085097], [125.828398824, 42.0456230865], [125.829675105, 42.0621942508], [125.815069425, 42.0932700748], [125.651678706, 42.005015715]]]}}, {"type": "Feature", "properties": {"area_id": 3356501, "parent_id": 33565, "name": "通化三源浦机场", "kind": "polygon", "radius_m": 14220, "lat": 42.09977439435, "lng": 125.7671314515}, "geometry": {"type": "Polygon", "coordinates": [[[125.895030332, 42.1532901349], [125.822818975, 42.1945330737], [125.767857495, 42.1195416375], [125.72967082, 42.1212645016], [125.708264022, 42.1164300992], [125.674009561, 42.0955164481], [125.641638942, 42.0531044664], [125.639232571, 42.0366027059], [125.642658386, 42.0202006986], [125.651678706, 42.005015715], [125.815069425, 42.0932700748], [125.895030332, 42.1532901349]]]}}, {"type": "Feature", "properties": {"area_id": 179300, "parent_id": 1793, "name": "Longjia Airport", "kind": "polygon", "radius_m": 14910, "lat": 43.9492037477, "lng": 125.6381095365}, "geometry": {"type": "Polygon", "coordinates": [[[125.588328566, 43.9618827082], [125.484970018, 43.9186359462], [125.546812857, 43.8670787021], [125.623475015, 43.9320784242], [125.663636227, 43.9232475356], [125.686617318, 43.9244800885], [125.708375727, 43.929950476], [125.757471519, 43.9559788526], [125.785684262, 43.9826671915], [125.791249055, 44.0153353237], [125.78507479, 44.0313287933], [125.588328566, 43.9618827082]]]}}, {"type": "Feature", "properties": {"area_id": 179301, "parent_id": 1793, "name": "Longjia Airport", "kind": "polygon", "radius_m": 14840, "lat": 44.044901645799996, "lng": 125.7334401575}, "geometry": {"type": "Polygon", "coordinates": [[[125.886702169, 44.0763669565], [125.824841766, 44.1279205834], [125.746547035, 44.0629227787], [125.704508886, 44.0721922345], [125.681489444, 44.0707892122], [125.659763212, 44.0651491938], [125.610853856, 44.0373502947], [125.585067801, 44.0104896959], [125.580178146, 43.9942683836], [125.588328566, 43.9618827082], [125.78507479, 44.0313287933], [125.886702169, 44.0763669565]]]}}, {"type": "Feature", "properties": {"area_id": 960001558, "parent_id": 960001558, "name": "无人机管控区域", "kind": "circle", "radius_m": 500, "lat": 43.894353870634916, "lng": 125.31583471792439}, "geometry": {"type": "Polygon", "coordinates": [[[125.31583471792439, 43.89884542650987], [125.31664827589162, 43.89880700062671], [125.31744791365648, 43.898692380454754], [125.3182199491951, 43.89850352717692], [125.31895117276535, 43.89824367212515], [125.31962907292925, 43.897917261491415], [125.32024205062702, 43.89752988025217], [125.32077961764028, 43.89708815660783], [125.32123257604844, 43.89659964857239], [125.32159317560752, 43.896072714653805], [125.3218552463591, 43.8955163708375], [125.32201430419995, 43.894940136320415], [125.32206762760633, 43.894353870634916], [125.32201430419995, 43.89376760494942], [125.3218552463591, 43.89319137043233], [125.32159317560752, 43.89263502661603], [125.32123257604844, 43.89210809269744], [125.32077961764028, 43.891619584662], [125.32024205062702, 43.89117786101766], [125.31962907292925, 43.89079047977842], [125.31895117276535, 43.890464069144684], [125.3182199491951, 43.89020421409291], [125.31744791365648, 43.89001536081508], [125.31664827589162, 43.88990074064312], [125.31583471792439, 43.88986231475996], [125.31502115995715, 43.88990074064312], [125.3142215221923, 43.89001536081508], [125.31344948665368, 43.89020421409291], [125.31271826308343, 43.890464069144684], [125.31204036291953, 43.89079047977842], [125.31142738522176, 43.89117786101766], [125.3108898182085, 43.891619584662], [125.31043685980033, 43.89210809269744], [125.31007626024126, 43.89263502661603], [125.30981418948967, 43.89319137043233], [125.30965513164882, 43.89376760494942], [125.30960180824245, 43.894353870634916], [125.30965513164882, 43.894940136320415], [125.30981418948967, 43.8955163708375], [125.31007626024126, 43.896072714653805], [125.31043685980033, 43.89659964857239], [125.3108898182085, 43.89708815660783], [125.31142738522176, 43.89752988025217], [125.31204036291953, 43.897917261491415], [125.31271826308343, 43.89824367212515], [125.31344948665368, 43.89850352717692], [125.3142215221923, 43.898692380454754], [125.31502115995715, 43.89880700062671], [125.31583471792439, 43.89884542650987]]]}}, {"type": "Feature", "properties": {"area_id": 3151400, "parent_id": 31514, "name": "Harbin Taiping International Airport", "kind": "polygon", "radius_m": 19674, "lat": 45.6403637540506, "lng": 126.250907648}, "geometry": {"type": "Polygon", "coordinates": [[[126.08130935723057, 45.51074095690119], [126.39589553449925, 45.70451089095264], [126.433180055, 45.7284737469], [126.359577664, 45.7699865512], [126.296690229, 45.6955442173], [126.248050082, 45.7009474947], [126.22500938, 45.6968805904], [126.187237193, 45.6772090662], [126.148293807, 45.6395898862], [126.14467495121971, 45.630467815317274], [126.132254733, 45.6198365468], [126.112196813, 45.5884350917], [126.111832858, 45.5718388074], [126.12262425801056, 45.55276821375144], [126.068635241, 45.5179131416], [126.08130935723057, 45.51074095690119]]]}}, {"type": "Feature", "properties": {"area_id": 3151401, "parent_id": 31514, "name": "Harbin Taiping International Airport", "kind": "polygon", "radius_m": 19988, "lat": 45.572889186526325, "lng": 126.2238048575}, "geometry": {"type": "Polygon", "coordinates": [[[126.1411703982388, 45.476866055127886], [126.141971954, 45.4764124609], [126.17468256927847, 45.515379557359864], [126.198747967, 45.5102447025], [126.245439211, 45.5138050886], [126.266220227, 45.521772441], [126.314642307, 45.559953396], [126.33018924771966, 45.584108116915026], [126.339359157, 45.5913515696], [126.35923917, 45.6227554484], [126.353683651, 45.655437914], [126.35067387686499, 45.659188733265964], [126.409671137, 45.6966368521], [126.39589553449925, 45.70451089095264], [126.08130935723057, 45.51074095690119], [126.037938578, 45.48308938], [126.110857498, 45.4412674821], [126.1411703982388, 45.476866055127886]]]}}, {"type": "Feature", "properties": {"area_id": 69300, "parent_id": 693, "name": "Saertu Airport", "kind": "polygon", "radius_m": 14347, "lat": 46.7924992501, "lng": 125.07695593849999}, "geometry": {"type": "Polygon", "coordinates": [[[125.124280364, 46.8277419699], [125.094294152, 46.9110744216], [125.003207328, 46.885289882], [125.066539908, 46.8086134664], [125.041864861, 46.7849306222], [125.035688517, 46.7688803815], [125.035789328, 46.7522822861], [125.042154762, 46.7362674513], [125.067191832, 46.7015068188], [125.103572556, 46.680047841], [125.150704549, 46.6739240786], [125.124280364, 46.8277419699]]]}}, {"type": "Feature", "properties": {"area_id": 69301, "parent_id": 693, "name": "Saertu Airport", "kind": "polygon", "radius_m": 14153, "lat": 46.710843001650005, "lng": 125.197193903}, "geometry": {"type": "Polygon", "coordinates": [[[125.179002166, 46.5939440334], [125.270107442, 46.6163500755], [125.206782963, 46.6930339706], [125.229881348, 46.714933524], [125.23660309, 46.7308793213], [125.237076754, 46.747474386], [125.219550901, 46.7853371996], [125.20826157, 46.8005497471], [125.171605609, 46.8218534609], [125.124280364, 46.8277419699], [125.150704549, 46.6739240786], [125.179002166, 46.5939440334]]]}}, {"type": "Feature", "properties": {"area_id": 4000256200, "parent_id": 40002562, "name": "五大连池德都机场", "kind": "polygon", "radius_m": 14166, "lat": 48.48057182785, "lng": 126.19275397199999}, "geometry": {"type": "Polygon", "coordinates": [[[126.244216719, 48.4468412574], [126.372143479, 48.4636861206], [126.338616397, 48.525883002], [126.223527634, 48.4852517314], [126.184087424, 48.507551273], [126.135126695, 48.5131328442], [126.110690813, 48.5094658143], [126.052939889, 48.4931746701], [126.034658993, 48.4818301804], [126.021438753, 48.4677345195], [126.013364465, 48.4352606537], [126.244216719, 48.4468412574]]]}}, {"type": "Feature", "properties": {"area_id": 4000256201, "parent_id": 40002562, "name": "五大连池德都机场", "kind": "polygon", "radius_m": 14177, "lat": 48.40149242525, "lng": 126.0649590555}, "geometry": {"type": "Polygon", "coordinates": [[[125.885701392, 48.4183313965], [125.919254631, 48.3561435931], [126.034013647, 48.3970082812], [126.052280538, 48.3835850226], [126.097282098, 48.3698105703], [126.12224768, 48.3691539487], [126.180139201, 48.3807656283], [126.22263256, 48.4003334413], [126.243288709, 48.4302544403], [126.244216719, 48.4468412574], [126.013364465, 48.4352606537], [125.885701392, 48.4183313965]]]}}, {"type": "Feature", "properties": {"area_id": 415200, "parent_id": 4152, "name": "Changbaishan Airport", "kind": "polygon", "radius_m": 13547, "lat": 42.02240848145, "lng": 127.6156396515}, "geometry": {"type": "Polygon", "coordinates": [[[127.566922292, 41.9976631676], [127.540184454, 41.9143928291], [127.629581045, 41.9058164211], [127.622932606, 41.9908300637], [127.660486077, 42.0067874337], [127.674274622, 42.0198467919], [127.683048793, 42.0351118372], [127.691094849, 42.0890115421], [127.673651222, 42.1192727108], [127.638128734, 42.1390005418], [127.566922292, 41.9976631676]]]}}, {"type": "Feature", "properties": {"area_id": 415201, "parent_id": 4152, "name": "Changbaishan Airport", "kind": "polygon", "radius_m": 13739, "lat": 42.11173885795, "lng": 127.590946937}, "geometry": {"type": "Polygon", "coordinates": [[[127.664769024, 42.2223410722], [127.57703684, 42.2258145483], [127.583737682, 42.1425087685], [127.546284099, 42.1275355181], [127.531963938, 42.1147808434], [127.522587221, 42.0997107201], [127.518790067, 42.0833534066], [127.51712485, 42.0600612919], [127.522303679, 42.0332892753], [127.532776298, 42.0186270459], [127.566922292, 41.9976631676], [127.638128734, 42.1390005418], [127.664769024, 42.2223410722]]]}}, {"type": "Feature", "properties": {"area_id": 960001595, "parent_id": 960001595, "name": "无人机管控区域", "kind": "circle", "radius_m": 500, "lat": 45.75837843827709, "lng": 126.64547821259852}, "geometry": {"type": "Polygon", "coordinates": [[[126.64547821259852, 45.76286999415205], [126.64631851315214, 45.762831568268886], [126.64714443593031, 45.76271694809693], [126.6479418491653, 45.762528094819096], [126.6486971088956, 45.76226823976732], [126.6493972924178, 45.76194182913359], [126.65003041939772, 45.76155444789435], [126.6505856568572, 45.761112724250005], [126.65105350452936, 45.760624216214566], [126.65142595741082, 45.76009728229598], [126.65169664272952, 45.759540938479674], [126.65186092898459, 45.75896470396259], [126.65191600519269, 45.75837843827709], [126.65186092898459, 45.75779217259159], [126.65169664272952, 45.75721593807451], [126.65142595741082, 45.7566595942582], [126.65105350452936, 45.75613266033962], [126.6505856568572, 45.75564415230418], [126.65003041939772, 45.755202428659835], [126.6493972924178, 45.75481504742059], [126.6486971088956, 45.75448863678686], [126.6479418491653, 45.75422878173509], [126.64714443593031, 45.75403992845725], [126.64631851315214, 45.7539253082853], [126.64547821259852, 45.753886882402135], [126.6446379120449, 45.7539253082853], [126.64381198926672, 45.75403992845725], [126.64301457603173, 45.75422878173509], [126.64225931630143, 45.75448863678686], [126.64155913277924, 45.75481504742059], [126.64092600579932, 45.755202428659835], [126.64037076833984, 45.75564415230418], [126.63990292066768, 45.75613266033962], [126.63953046778622, 45.7566595942582], [126.63925978246752, 45.75721593807451], [126.63909549621245, 45.75779217259159], [126.63904042000435, 45.75837843827709], [126.63909549621245, 45.75896470396259], [126.63925978246752, 45.759540938479674], [126.63953046778622, 45.76009728229598], [126.63990292066768, 45.760624216214566], [126.64037076833984, 45.761112724250005], [126.64092600579932, 45.76155444789435], [126.64155913277924, 45.76194182913359], [126.64225931630143, 45.76226823976732], [126.64301457603173, 45.762528094819096], [126.64381198926672, 45.76271694809693], [126.6446379120449, 45.762831568268886], [126.64547821259852, 45.76286999415205]]]}}, {"type": "Feature", "properties": {"area_id": 960001573, "parent_id": 960001573, "name": "无人机管控区域", "kind": "circle", "radius_m": 500, "lat": 45.740141607751156, "lng": 126.65587976168086}, "geometry": {"type": "Polygon", "coordinates": [[[126.65587976168086, 45.74463316362611], [126.65671978772944, 45.74459473774295], [126.65754544069944, 45.744480117570994], [126.6583425934396, 45.74429126429316], [126.65909760644556, 45.74403140924139], [126.65979756123542, 45.743704998607654], [126.6604304813887, 45.74331761736841], [126.66098553746608, 45.74287589372407], [126.66145323230417, 45.74238738568863], [126.66182556351465, 45.741860451770044], [126.66209616040726, 45.74130410795374], [126.66226039299416, 45.740727873436654], [126.66231545121023, 45.740141607751156], [126.66226039299416, 45.73955534206566], [126.66209616040726, 45.73897910754857], [126.66182556351465, 45.73842276373227], [126.66145323230417, 45.73789582981368], [126.66098553746608, 45.73740732177824], [126.6604304813887, 45.7369655981339], [126.65979756123542, 45.73657821689466], [126.65909760644556, 45.736251806260924], [126.6583425934396, 45.73599195120915], [126.65754544069944, 45.73580309793132], [126.65671978772944, 45.73568847775936], [126.65587976168086, 45.7356500518762], [126.65503973563229, 45.73568847775936], [126.65421408266229, 45.73580309793132], [126.65341692992213, 45.73599195120915], [126.65266191691617, 45.736251806260924], [126.65196196212631, 45.73657821689466], [126.65132904197303, 45.7369655981339], [126.65077398589565, 45.73740732177824], [126.65030629105756, 45.73789582981368], [126.64993395984708, 45.73842276373227], [126.64966336295447, 45.73897910754857], [126.64949913036757, 45.73955534206566], [126.6494440721515, 45.740141607751156], [126.64949913036757, 45.740727873436654], [126.64966336295447, 45.74130410795374], [126.64993395984708, 45.741860451770044], [126.65030629105756, 45.74238738568863], [126.65077398589565, 45.74287589372407], [126.65132904197303, 45.74331761736841], [126.65196196212631, 45.743704998607654], [126.65266191691617, 45.74403140924139], [126.65341692992213, 45.74429126429316], [126.65421408266229, 45.744480117570994], [126.65503973563229, 45.74459473774295], [126.65587976168086, 45.74463316362611]]]}}, {"type": "Feature", "properties": {"area_id": 139200, "parent_id": 1392, "name": "Heihe Airport", "kind": "polygon", "radius_m": 14067, "lat": 50.13166893165, "lng": 127.37396644649999}, "geometry": {"type": "Polygon", "coordinates": [[[127.355628083, 50.0155990376], [127.451908273, 50.0397116949], [127.381903281, 50.1130242515], [127.412170589, 50.1399819597], [127.418049743, 50.1561469921], [127.417200159, 50.1727363065], [127.409672923, 50.1886192265], [127.367747015, 50.231493971], [127.321901121, 50.2464414071], [127.29602462, 50.2477388257], [127.322325234, 50.0955845781], [127.355628083, 50.0155990376]]]}}, {"type": "Feature", "properties": {"area_id": 139201, "parent_id": 1392, "name": "Heihe Airport", "kind": "polygon", "radius_m": 14236, "lat": 50.213334735800004, "lng": 127.244361118}, "geometry": {"type": "Polygon", "coordinates": [[[127.29602462, 50.2477388257], [127.262667541, 50.3310848935], [127.166397002, 50.3019022177], [127.233070336, 50.2285809533], [127.209054254, 50.2065698872], [127.202246042, 50.1905540133], [127.202146636, 50.1739558962], [127.208755975, 50.1579066858], [127.251269302, 50.1126454577], [127.27233783, 50.1030058406], [127.322325234, 50.0955845781], [127.29602462, 50.2477388257]]]}}, {"type": "Feature", "properties": {"area_id": 911000, "parent_id": 9110, "name": "Yanji Chaoyangchuan Airport", "kind": "polygon", "radius_m": 13739, "lat": 42.854989307, "lng": 129.394183889}, "geometry": {"type": "Polygon", "coordinates": [[[129.350494299, 42.8942028566], [129.233821825, 42.8925832575], [129.24418619, 42.8255580821], [129.359240267, 42.8505375153], [129.383014848, 42.8290868947], [129.402441752, 42.820573067], [129.446832127, 42.8157757574], [129.518360449, 42.83325903], [129.547531956, 42.8582745765], [129.554545953, 42.8740566225], [129.350494299, 42.8942028566]]]}}, {"type": "Feature", "properties": {"area_id": 911001, "parent_id": 9110, "name": "Yanji Chaoyangchuan Airport", "kind": "polygon", "radius_m": 13761, "lat": 42.909336377049996, "lng": 129.5108511965}, "geometry": {"type": "Polygon", "coordinates": [[[129.671208094, 42.8707715211], [129.655770283, 42.9377923649], [129.544148785, 42.9127750519], [129.517691775, 42.9359318961], [129.49782957, 42.943936625], [129.475810633, 42.947901233], [129.421490994, 42.9442234133], [129.387679148, 42.9345327386], [129.370561128, 42.9236512742], [129.357878661, 42.9098949658], [129.350494299, 42.8942028566], [129.554545953, 42.8740566225], [129.671208094, 42.8707715211]]]}}, {"type": "Feature", "properties": {"area_id": 628600, "parent_id": 6286, "name": "Mudanjiang Hailang International Airport", "kind": "polygon", "radius_m": 13900, "lat": 44.5762806888, "lng": 129.59149199249998}, "geometry": {"type": "Polygon", "coordinates": [[[129.710089177, 44.65015775], [129.624169826, 44.6827787776], [129.585837773, 44.6011121533], [129.541933012, 44.5965412263], [129.521793834, 44.5881852226], [129.493822959, 44.5619889557], [129.482210401, 44.5437435108], [129.472894808, 44.514449342], [129.476291468, 44.4980288222], [129.499969823, 44.4697826], [129.65558329, 44.5684964438], [129.641783883, 44.5818709678], [129.710089177, 44.65015775]]]}}, {"type": "Feature", "properties": {"area_id": 628601, "parent_id": 6286, "name": "Mudanjiang Hailang International Airport", "kind": "polygon", "radius_m": 14039, "lat": 44.46785280085, "lng": 129.5491012505}, "geometry": {"type": "Polygon", "coordinates": [[[129.499969823, 44.4697826], [129.431597862, 44.3964485889], [129.514126425, 44.3672091579], [129.552483745, 44.4488842112], [129.593712778, 44.4519964219], [129.614436922, 44.45952484], [129.644418441, 44.4845348956], [129.666604639, 44.5365347869], [129.66404792, 44.5530327021], [129.65558329, 44.5684964438], [129.499969823, 44.4697826]]]}}, {"type": "Feature", "properties": {"area_id": 3277700, "parent_id": 32777, "name": "林都", "kind": "polygon", "radius_m": 13222, "lat": 47.75567457615, "lng": 128.947897135}, "geometry": {"type": "Polygon", "coordinates": [[[128.925962721, 47.7894559589], [128.809345807, 47.8261799554], [128.783539492, 47.7608784361], [128.910263023, 47.7491666307], [128.921565721, 47.7245366334], [128.936184154, 47.7111659962], [128.955440396, 47.7007936066], [129.011341028, 47.6857944721], [129.052028138, 47.6851691969], [129.075395653, 47.6904662762], [129.112254778, 47.7120970768], [128.925962721, 47.7894559589]]]}}, {"type": "Feature", "properties": {"area_id": 3277701, "parent_id": 32777, "name": "林都", "kind": "polygon", "radius_m": 13146, "lat": 47.748182487899996, "lng": 129.090369581}, "geometry": {"type": "Polygon", "coordinates": [[[129.230685476, 47.6771619254], [129.254776441, 47.7424688155], [129.128099573, 47.7524772639], [129.115822861, 47.7826150222], [129.100938961, 47.7958628031], [129.081451035, 47.8060681081], [129.02700748, 47.8192030504], [128.983957251, 47.8186244451], [128.961009597, 47.8124568205], [128.925962721, 47.7894559589], [129.112254778, 47.7120970768], [129.230685476, 47.6771619254]]]}}, {"type": "Feature", "properties": {"area_id": 4004770900, "parent_id": 40047709, "name": "绥芬河东宁机场", "kind": "polygon", "radius_m": 14232, "lat": 44.433900771, "lng": 130.9141027335}, "geometry": {"type": "Polygon", "coordinates": [[[130.916365775, 44.3975268254], [131.008411586, 44.3414047341], [131.05744033, 44.3974028464], [130.946635809, 44.4320755397], [130.950901487, 44.4498425655], [130.94850227, 44.4663522289], [130.940194505, 44.4818557318], [130.908469502, 44.505753468], [130.857346908, 44.5257240915], [130.811191563, 44.5263968079], [130.770765137, 44.5105113305], [130.916365775, 44.3975268254]]]}}, {"type": "Feature", "properties": {"area_id": 4004770901, "parent_id": 40047709, "name": "绥芬河东宁机场", "kind": "polygon", "radius_m": 14234, "lat": 44.47411940935, "lng": 130.7728732845}, "geometry": {"type": "Polygon", "coordinates": [[[130.678478903, 44.5665367216], [130.629380794, 44.510527415], [130.740553797, 44.4760284541], [130.736328528, 44.4581290032], [130.738817386, 44.4416261288], [130.747200999, 44.4261450226], [130.778992016, 44.4023214005], [130.82994105, 44.3824093291], [130.875981707, 44.3817020971], [130.916365775, 44.3975268254], [130.770765137, 44.5105113305], [130.678478903, 44.5665367216]]]}}, {"type": "Feature", "properties": {"area_id": 268300, "parent_id": 2683, "name": "Jiamusi Airport", "kind": "polygon", "radius_m": 14392, "lat": 46.79670961225, "lng": 130.4166637815}, "geometry": {"type": "Polygon", "coordinates": [[[130.364909195, 46.8101993226], [130.261543696, 46.7652870793], [130.32687307, 46.7154155945], [130.408551611, 46.7787498545], [130.450921103, 46.7706001216], [130.475043739, 46.7721906394], [130.517489347, 46.7876291824], [130.566490212, 46.8293827922], [130.571783867, 46.8455811943], [130.570768807, 46.8621649117], [130.563508534, 46.87800363], [130.364909195, 46.8101993226]]]}}, {"type": "Feature", "properties": {"area_id": 268301, "parent_id": 2683, "name": "Jiamusi Airport", "kind": "polygon", "radius_m": 14474, "lat": 46.89155740545, "lng": 130.5133208945}, "geometry": {"type": "Polygon", "coordinates": [[[130.670129192, 46.9230490342], [130.601431945, 46.9729154883], [130.524840716, 46.9095876724], [130.482461537, 46.9177160518], [130.458274252, 46.9161199711], [130.435520027, 46.9102975946], [130.389122498, 46.8856701444], [130.361743258, 46.8588146779], [130.356512597, 46.8426065081], [130.364909195, 46.8101993226], [130.563508534, 46.87800363], [130.670129192, 46.9230490342]]]}}, {"type": "Feature", "properties": {"area_id": 3277000, "parent_id": 32770, "name": "兴凯湖", "kind": "polygon", "radius_m": 13446, "lat": 45.3022101392, "lng": 131.12196552799998}, "geometry": {"type": "Polygon", "coordinates": [[[131.10948907, 45.3361731602], [131.002896957, 45.3795545027], [130.966827651, 45.3159853567], [131.086821083, 45.2993264143], [131.095259741, 45.2703592926], [131.107937965, 45.2563638761], [131.125323748, 45.2451526454], [131.174575823, 45.227485081], [131.21828004, 45.2248657757], [131.2408564, 45.2296278195], [131.277103405, 45.2504079141], [131.10948907, 45.3361731602]]]}}, {"type": "Feature", "properties": {"area_id": 3277001, "parent_id": 32770, "name": "兴凯湖", "kind": "polygon", "radius_m": 13461, "lat": 45.284192671650004, "lng": 131.26465656099998}, "geometry": {"type": "Polygon", "coordinates": [[[131.385468225, 45.2087849316], [131.419824052, 45.2723628255], [131.299817972, 45.2873696409], [131.297986703, 45.3054811318], [131.289998904, 45.321099965], [131.258492578, 45.3454450012], [131.23712019, 45.3525085793], [131.170179622, 45.3596004117], [131.147236608, 45.3556512287], [131.10948907, 45.3361731602], [131.277103405, 45.2504079141], [131.385468225, 45.2087849316]]]}}, {"type": "Feature", "properties": {"area_id": 960003078, "parent_id": 960003078, "name": "建三江湿地机场1", "kind": "polygon", "radius_m": 7120, "lat": 47.09384086122649, "lng": 132.67184224992786}, "geometry": {"type": "Polygon", "coordinates": [[[132.6043591847311, 47.138344823917436], [132.71892967390727, 47.112301779947714], [132.72207741477916, 47.09841752933847], [132.71718900015637, 47.084792276790495], [132.71081732379804, 47.07886495170855], [132.7393253151246, 47.06318608737179], [132.71718881003244, 47.04933689853554], [132.69665510899313, 47.07000534244962], [132.6043591847311, 47.138344823917436]]]}}, {"type": "Feature", "properties": {"area_id": 3320800, "parent_id": 33208, "name": "东极", "kind": "polygon", "radius_m": 14612, "lat": 48.148344901499996, "lng": 134.3118992295}, "geometry": {"type": "Polygon", "coordinates": [[[134.259882802, 48.168592667], [134.14819464, 48.1253646528], [134.215153735, 48.0704118142], [134.300141746, 48.1337445087], [134.341763553, 48.1253006978], [134.366576213, 48.1263913269], [134.439183193, 48.1526352545], [134.468650194, 48.1776253945], [134.475603819, 48.1935630208], [134.470201249, 48.2262779888], [134.259882802, 48.168592667]]]}}, {"type": "Feature", "properties": {"area_id": 3320801, "parent_id": 33208, "name": "东极", "kind": "polygon", "radius_m": 14334, "lat": 48.2449246375, "lng": 134.415597311}, "geometry": {"type": "Polygon", "coordinates": [[[134.576827066, 48.27134061], [134.514882124, 48.321256608], [134.429901767, 48.2612573507], [134.384505465, 48.2705354722], [134.35965845, 48.2691314881], [134.336208278, 48.2634898915], [134.287466222, 48.2390227158], [134.262687026, 48.217220325], [134.255321943, 48.2013643688], [134.254367556, 48.1847783273], [134.259882802, 48.168592667], [134.470201249, 48.2262779888], [134.576827066, 48.27134061]]]}}, {"type": "Feature", "properties": {"area_id": 960003080, "parent_id": 960003080, "name": "建三江湿地机场3", "kind": "polygon", "radius_m": 6239, "lat": 47.14008106244468, "lng": 132.6473656695248}, "geometry": {"type": "Polygon", "coordinates": [[[132.60435966617234, 47.138343940224715], [132.5758019355027, 47.154008092694866], [132.5979554875197, 47.16786132653418], [132.61853493107157, 47.1471957440023], [132.62774958890478, 47.151015114622325], [132.6481391589905, 47.15318767135527], [132.6682028716352, 47.149868669198455], [132.6848687350865, 47.14158147167694], [132.7082161917111, 47.124280853969836], [132.7189294035469, 47.11230079835518], [132.60435966617234, 47.138343940224715]]]}}, {"type": "Feature", "properties": {"area_id": 960003079, "parent_id": 960003079, "name": "建三江湿地机场2", "kind": "polygon", "radius_m": 5238, "lat": 47.101181780037, "lng": 132.64488812341247}, "geometry": {"type": "Polygon", "coordinates": [[[132.69665510899313, 47.07000534244962], [132.68740949061655, 47.06617716419707], [132.66703844177997, 47.06401873615657], [132.64701997632886, 47.06734295854163], [132.6304052136402, 47.075601777396614], [132.60703095312127, 47.092892482313545], [132.5963045222299, 47.10486497473926], [132.59312113783182, 47.11872654978421], [132.59796332388527, 47.132372047027374], [132.6043591847311, 47.138344823917436], [132.69665510899313, 47.07000534244962]]]}}]}