id,n,lon_lat_pairs
4002559000,11,75.3046064,37.5797896,75.3320255,37.4961126,75.4086959,37.5219115,75.3519101,37.5956929,75.3679195,37.6085124,75.3831840,37.6391239,75.3828387,37.6557199,75.3770784,37.6716794,75.3532451,37.7100522,75.3196775,37.7294997,75.2783062,37.7330525
4002559001,11,75.2507981,37.8167055,75.1738602,37.7908997,75.2309369,37.7171514,75.2148320,37.7042188,75.1996872,37.6735660,75.2001080,37.6569711,75.2059384,37.6410277,75.2297840,37.6027594,75.2633177,37.5833373,75.3046064,37.5797896,75.2783062,37.7330525
487900,11,76.2310502,39.5190362,76.2258947,39.5843868,76.1141876,39.5694064,76.0940606,39.5920887,76.0765545,39.6017604,76.0349514,39.6092319,75.9982872,39.6075653,75.9583061,39.5975793,75.9418622,39.5868587,75.9223079,39.5576005,76.1176317,39.5239417
487901,11,75.9223079,39.5576005,75.8089688,39.5693097,75.8174805,39.5005933,75.9258123,39.5155939,75.9460113,39.4928658,75.9635082,39.4832139,76.0050436,39.4757680,76.0417127,39.4774347,76.0787694,39.4856136,76.1092087,39.5086682,76.1176317,39.5239417
4004502200,11,77.0363729,38.3208789,77.0014307,38.4028520,76.9263060,38.3729531,76.9901241,38.3024557,76.9750461,38.2886769,76.9624841,38.2572767,76.9643508,38.2407433,76.9716002,38.2251525,77.0001506,38.1863261,77.0355556,38.1687585,77.0773850,38.1674468
4004502201,11,77.1122121,38.0854433,77.1870801,38.1153345,77.1235795,38.1858750,77.1385728,38.1995338,77.1512655,38.2308991,77.1494756,38.2474377,77.1422943,38.2630486,77.1137422,38.3019790,77.0782900,38.3195686,77.0363729,38.3208789,77.0773850,38.1674468
421800,11,80.0772308,32.0133814,80.1100801,31.9320761,80.1841565,31.9652308,80.1236075,32.0341224,80.1358673,32.0470585,80.1437655,32.0622471,80.1467578,32.0786505,80.1446377,32.0951513,80.1002397,32.1664943,80.0676735,32.1844782,80.0288420,32.1862594
421801,11,79.9959043,32.2675416,79.9216285,32.2343826,79.9824172,32.1655200,79.9700906,32.1524845,79.9622337,32.1372777,79.9592944,32.1208672,79.9614704,32.1043716,80.0059439,32.0331238,80.0384718,32.0151602,80.0772308,32.0133814,80.0288420,32.1862594
4004770700,11,79.2978455,39.9527453,79.3557396,40.0269644,79.2760073,40.0521622,79.2487124,39.9682949,79.2041961,39.9638116,79.1855776,39.9553358,79.1598754,39.9289746,79.1399745,39.8855398,79.1403428,39.8689440,79.1462935,39.8529866,79.1729555,39.8272159
4004770701,11,79.1153103,39.7530050,79.1947370,39.7278144,79.2219153,39.8117085,79.2454114,39.8116842,79.2848370,39.8245771,79.2999744,39.8364248,79.3246217,39.8768839,79.3303593,39.9109536,79.3133736,39.9411787,79.2978455,39.9527453,79.1729555,39.8272159
4004503000,11,81.1024034,30.4811319,81.0635855,30.5608340,80.9979925,30.5266210,81.0620131,30.4600498,81.0495209,30.4454389,81.0427220,30.4299102,81.0439346,30.3970143,81.0786276,30.3437826,81.0917750,30.3296928,81.1254444,30.3142480,81.1635469,30.3153938
4004503001,11,81.2022733,30.2356672,81.2676985,30.2698748,81.2039052,30.3364826,81.2163452,30.3509988,81.2231849,30.3665124,81.2220728,30.3994109,81.1874330,30.4527199,81.1742836,30.4668214,81.1405709,30.4822813,81.1024034,30.4811319,81.1635469,30.3153938
4002558600,11,81.8703443,36.7960171,81.9782757,36.7930543,81.9689848,36.8586855,81.8646125,36.8365188,81.8537253,36.8523552,81.8213080,36.8726169,81.7805627,36.8771834,81.7331471,36.8704321,81.7004552,36.8504558,81.6900480,36.8360984,81.6846416,36.8200742
4002558601,11,81.5767619,36.8229611,81.5861049,36.7573321,81.6903916,36.7796764,81.7013156,36.7638246,81.7337177,36.7435945,81.7743946,36.7390429,81.8217263,36.7457580,81.8544327,36.7656721,81.8648809,36.7800060,81.8703443,36.7960171,81.6846416,36.8200742
4004770100,11,81.3591534,40.4585786,81.4624818,40.4946506,81.4150578,40.5499890,81.3299051,40.4927368,81.2896376,40.5083602,81.2678554,40.5094687,81.2268527,40.4989214,81.1811654,40.4733494,81.1691261,40.4595071,81.1622098,40.4437654,81.1652371,40.4109336
4004770101,11,81.0621686,40.3748231,81.1095276,40.3194945,81.1944033,40.3768834,81.2139573,40.3666408,81.2563065,40.3601597,81.2776806,40.3633616,81.3249720,40.3844244,81.3550538,40.4100151,81.3634351,40.4423033,81.3591534,40.4585786,81.1652371,40.4109336
101500,11,80.1957434,41.2876758,80.0824575,41.3094068,80.0755610,41.2423878,80.1923011,41.2456753,80.2100359,41.2219615,80.2267386,41.2111152,80.2465993,41.2038871,80.3015976,41.1957688,80.3401805,41.2015270,80.3588577,41.2103617,80.3841787,41.2372042
101501,11,80.4975049,41.2155769,80.5044015,41.2859700,80.3910565,41.2793105,80.3707383,41.3074512,80.3536689,41.3179926,80.3117385,41.3275644,80.2784042,41.3292311,80.2396850,41.3234326,80.2210005,41.3145682,80.1957434,41.2876758,80.3841787,41.2372042
902600,11,81.2300871,43.9387804,81.1167450,43.9088585,81.1614294,43.8520860,81.2564617,43.9020830,81.2957152,43.8875863,81.3186515,43.8860872,81.3413459,43.8889131,81.3855935,43.9042089,81.4175018,43.9237207,81.4284895,43.9383113,81.4332513,43.9710448
902601,11,81.5432341,44.0011064,81.4968340,44.0629200,81.4052452,44.0079133,81.3666206,44.0245292,81.3437971,44.0270171,81.2993664,44.0191090,81.2437705,43.9864369,81.2334143,43.9716056,81.2287487,43.9553507,81.2300871,43.9387804,81.4332513,43.9710448
4002558800,11,81.3305825,43.1034201,81.4449218,43.1260827,81.4086430,43.1865947,81.3082010,43.1407774,81.2703357,43.1612216,81.2481907,43.1650411,81.2036519,43.1597683,81.1585048,43.1426834,81.1430090,43.1305328,81.1323563,43.1158683,81.1280924,43.0831034
4002558801,11,81.0139842,43.0603732,81.0502610,42.9998703,81.1504260,43.0458750,81.1682435,43.0333212,81.2103334,43.0216375,81.2330269,43.0221256,81.2787634,43.0345570,81.3154323,43.0560314,81.3313167,43.0868306,81.3305825,43.1034201,81.1280924,43.0831034
3276600,10,82.7738217,41.6891861,82.6572020,41.6942669,82.6675230,41.6238962,82.7808269,41.6505751,82.8057351,41.6271010,82.8248721,41.6186834,82.8684680,41.6141063,82.9001663,41.6174426,82.9375083,41.6273082,82.9670304,41.6517307
3276601,12,83.0861366,41.6640703,83.0758017,41.7311078,82.9675064,41.7060919,82.9397615,41.7324343,82.8987307,41.7445108,82.8764881,41.7442227,82.8107060,41.7293103,82.7938038,41.7185232,82.7812238,41.7048371,82.7738217,41.6891861,82.9670304,41.6517307,82.9744854,41.6673665
960003800,7,84.3950006,41.7183325,84.4566667,41.6716678,84.3649994,41.6233330,84.3516671,41.5499997,84.3266664,41.5333337,84.2316671,41.5216674,84.3266663,41.6516674
960003799,7,84.2316671,41.5216674,84.1633336,41.4499995,84.1016664,41.4983330,84.1933339,41.5500003,84.2066663,41.6233321,84.2316675,41.6400002,84.3266663,41.6516674
3277200,11,82.2042074,44.9310912,82.0908838,44.9577973,82.0753792,44.8941320,82.1953625,44.8874781,82.2105390,44.8589508,82.2262111,44.8466193,82.2681041,44.8324489,82.3014424,44.8307815,82.3376028,44.8310668,82.3596314,44.8366762,82.3940036,44.8587979
3277201,11,82.5073890,44.8321832,82.5263145,44.8958474,82.4079606,44.9025299,82.3919094,44.9317949,82.3560108,44.9527132,82.3335736,44.9575500,82.2599222,44.9596064,82.2380038,44.9536962,82.2190000,44.9439696,82.2042074,44.9310912,82.3940036,44.8587979
3277800,10,83.2788804,43.4459113,83.1605750,43.4559784,83.1674393,43.3855882,83.2823979,43.4072734,83.3054647,43.3823629,83.3241886,43.3728609,83.3684001,43.3657687,83.4363566,43.3781312,83.4677541,43.4018512,83.4760913,43.4173050
3277801,12,83.5944060,43.4073444,83.5875610,43.4777456,83.4725766,43.4594052,83.4503171,43.4807208,83.4311719,43.4898063,83.3865879,43.4958974,83.3582624,43.4942312,83.3185270,43.4851560,83.3006855,43.4747684,83.2871633,43.4613822,83.2788804,43.4459113,83.4760913,43.4173050
729000,11,83.2748874,46.7295662,83.1849397,46.7845917,83.1299372,46.7312423,83.2432676,46.6945836,83.2409345,46.6651499,83.2483225,46.6493452,83.2614123,46.6353903,83.3075918,46.6125922,83.3477065,46.6009566,83.3953747,46.6042165,83.4166760,46.6120495
729001,11,83.5066963,46.5570744,83.5617254,46.6104247,83.4517345,46.6470758,83.4529277,46.6774151,83.4447459,46.6930356,83.4309430,46.7066697,83.3840749,46.7290752,83.3440164,46.7406733,83.3198081,46.7412013,83.2748874,46.7295662,83.4166760,46.6120495
293200,11,85.3767779,38.1951388,85.2900878,38.1452083,85.3553359,38.0954357,85.4186326,38.1670965,85.4535334,38.1608162,85.4744686,38.1629485,85.5107741,38.1793368,85.5341428,38.1976977,85.5544164,38.2210655,85.5591167,38.2537702,85.5532687,38.2697207
293201,11,85.6365736,38.3197529,85.5763852,38.3695729,85.5130886,38.3012443,85.4730059,38.3094291,85.4520460,38.3071933,85.4158217,38.2906084,85.3784481,38.2587073,85.3699591,38.2435066,85.3667713,38.2270983,85.3767779,38.1951388,85.5532687,38.2697207
508200,11,86.2392142,41.6531462,86.3341112,41.7016156,86.2676815,41.7541029,86.1974972,41.6861475,86.1553527,41.6948093,86.1332902,41.6927846,86.0949434,41.6765643,86.0631749,41.6540922,86.0395348,41.6266186,86.0355460,41.6102904,86.0448074,41.5781150
508201,11,85.9502259,41.5296379,86.0165131,41.4771592,86.0864062,41.5452175,86.1283856,41.5365595,86.1503986,41.5385604,86.1709730,41.5447540,86.2206060,41.5772528,86.2442771,41.6046300,86.2483392,41.6209480,86.2392142,41.6531462,86.0448074,41.5781150
3323400,11,86.1042666,44.2006001,86.1127897,44.2676354,85.9910902,44.2576544,85.9714540,44.2833190,85.9538132,44.2940912,85.9328732,44.3012246,85.8800591,44.3058983,85.8406674,44.3023230,85.8201268,44.2946173,85.7906862,44.2693390,85.9875743,44.2155443
3323401,11,85.7906862,44.2693390,85.6740701,44.2860687,85.6689400,44.2156626,85.7905762,44.2240128,85.8102998,44.1982974,85.8279369,44.1875462,85.8488484,44.1804309,85.9016076,44.1757683,85.9400426,44.1808038,85.9599736,44.1892435,85.9875743,44.2155443
509500,11,84.9070257,45.5345508,84.8404175,45.6062247,84.7682112,45.5615376,84.8598782,45.5065472,84.8499932,45.4800110,84.8521891,45.4634843,84.8740799,45.4343745,84.8973792,45.4160665,84.9319432,45.3985479,84.9784399,45.3943984,85.0012472,45.3987593
509501,11,85.0679994,45.3237630,85.1367770,45.3718303,85.0434517,45.4267923,85.0567908,45.4561809,85.0551944,45.4727414,85.0475377,45.4884474,85.0343382,45.5022276,84.9764972,45.5347285,84.9535876,45.5389705,84.9070257,45.5345508,85.0012472,45.3987593
146600,11,87.3619539,43.9040375,87.2435793,43.8923994,87.2727749,43.8304738,87.3777411,43.8671489,87.4099783,43.8448131,87.4313620,43.8386787,87.4769877,43.8391309,87.5203544,43.8491378,87.5560642,43.8634275,87.5806659,43.8911539,87.5847104,43.9074943
146601,11,87.7014116,43.9225908,87.6755861,43.9845197,87.5672408,43.9478559,87.5368676,43.9674506,87.5153366,43.9733987,87.4923980,43.9751292,87.4263210,43.9658642,87.3871830,43.9491813,87.3733328,43.9359130,87.3619539,43.9040375,87.5847104,43.9074943
3276700,11,88.0080635,47.8012141,87.9064672,47.8562519,87.8583207,47.7944409,87.9749500,47.7678295,87.9779703,47.7382006,87.9883687,47.7231478,88.0041975,47.7104165,88.0527053,47.6875396,88.0967033,47.6801786,88.1211514,47.6823182,88.1635456,47.6987154
3276701,11,88.2618749,47.6470821,88.3100377,47.7038527,88.1933513,47.7338823,88.1897347,47.7639823,88.1789621,47.7789183,88.1627973,47.7914695,88.1190038,47.8107785,88.0756920,47.8186865,88.0511100,47.8169441,88.0080635,47.8012141,88.1635456,47.6987154
3277900,11,86.9266539,48.2845699,86.8366663,48.3429257,86.7781912,48.2912967,86.8915103,48.2513325,86.8864407,48.2215522,86.8927459,48.2054945,86.9050670,48.1910704,86.9491896,48.1626146,86.9938906,48.1492559,87.0187564,48.1487440,87.0649046,48.1603810
3277901,11,87.1515785,48.1020757,87.2134729,48.1536982,87.1034600,48.1970620,87.1073968,48.2275384,87.1003191,48.2434531,87.0872919,48.2576043,87.0692002,48.2690257,86.9987923,48.2925826,86.9739610,48.2941851,86.9266539,48.2845699,87.0649046,48.1603810
972800,11,89.4072726,29.3274195,89.5042039,29.3117926,89.5064439,29.3830053,89.4086804,29.3720282,89.3901477,29.4006656,89.3751524,29.4109051,89.3387569,29.4197439,89.2834153,29.4210425,89.2464991,29.4139240,89.2308924,29.4044023,89.2186495,29.3916850
972801,11,89.1136707,29.3922248,89.1114795,29.3210119,89.2092344,29.3321031,89.2163617,29.3167034,89.2278103,29.3034428,89.2603149,29.2867202,89.3534487,29.2845272,89.3869444,29.2996878,89.4072726,29.3274195,89.2186495,29.3916850,89.2106044,29.3766398
3278200,11,89.3143218,42.9956359,89.3143131,43.0660358,89.1976554,43.0510311,89.1789355,43.0740008,89.1614212,43.0845767,89.1183365,43.0942326,89.0800000,43.0942327,89.0427704,43.0876296,89.0239032,43.0783767,88.9989700,43.0509647,89.1976128,43.0089046
3278201,11,88.9989700,43.0509647,88.8840298,43.0660406,88.8840210,42.9956310,88.9990105,43.0089696,89.0187117,42.9863404,89.0366275,42.9761564,89.0575309,42.9697082,89.1183333,42.9674340,89.1523742,42.9732230,89.1715788,42.9820596,89.1976128,43.0089046
4004502000,11,89.4481816,44.1863715,89.3289750,44.1989922,89.3290317,44.1329395,89.4482181,44.1457259,89.4578632,44.1289601,89.4906289,44.1059405,89.5350200,44.0977516,89.5962382,44.1001371,89.6356385,44.1169564,89.6494849,44.1302496,89.6580716,44.1456615
4004502001,11,89.7772847,44.1329423,89.7773086,44.1989950,89.6580833,44.1864359,89.6485090,44.2031587,89.6157537,44.2262254,89.5712780,44.2344484,89.5099148,44.2320287,89.4705017,44.2151323,89.4566980,44.2018057,89.4481816,44.1863715,89.6580716,44.1456615
866400,11,89.4364446,46.8578848,89.3364934,46.9112535,89.2866516,46.8528209,89.4033340,46.8211322,89.4056033,46.7942065,89.4150913,46.7789325,89.4300227,46.7658588,89.4810069,46.7408893,89.5232776,46.7323066,89.5474124,46.7336720,89.5901303,46.7487134
866401,11,89.6851745,46.6970800,89.7350124,46.7538450,89.6183194,46.7872185,89.6172845,46.8129380,89.6086889,46.8284591,89.5945088,46.8419276,89.5456686,46.8674411,89.5028439,46.8754131,89.4787006,46.8736502,89.4364446,46.8578848,89.5901303,46.7487134
408100,11,90.7173435,29.3368861,90.7164971,29.2638111,90.8137408,29.2765395,90.8327692,29.2487335,90.8479779,29.2387636,90.8845046,29.2305619,90.9378606,29.2300857,90.9740046,29.2373592,90.9895449,29.2469316,91.0096980,29.2747545,90.8142721,29.3225008
408101,11,91.0096980,29.2747545,91.1066292,29.2603262,91.1075297,29.3334011,91.0102703,29.3207880,90.9912816,29.3485743,90.9760675,29.3585570,90.9394998,29.3667751,90.8861448,29.3672513,90.8499254,29.3599468,90.8343839,29.3503547,90.8142721,29.3225008
3325200,11,90.8088685,38.2761799,90.7622401,38.3511760,90.6883955,38.3133480,90.7650643,38.2500425,90.7511401,38.2256499,90.7494790,38.2091031,90.7533243,38.1927822,90.7624105,38.1777991,90.7857082,38.1511760,90.8132718,38.1294469,90.8326049,38.1227983
3325201,11,90.9211063,38.0471541,90.9899328,38.0849857,90.9199310,38.1449200,90.9352439,38.1730982,90.9358696,38.1896891,90.9209920,38.2204553,90.8699600,38.2679439,90.8299228,38.2777040,90.8088685,38.2761799,90.8326049,38.1227983,90.8744332,38.1221479
148900,11,93.7605730,42.7920025,93.8620555,42.7487232,93.8965273,42.8131692,93.7820547,42.8321374,93.7814116,42.8492517,93.7748602,42.8651400,93.7629174,42.8792430,93.7463949,42.8905980,93.6617496,42.9147659,93.6172889,42.9099809,93.5820720,42.8895434
148901,11,93.4804175,42.9327289,93.4459651,42.8682763,93.5606703,42.8494908,93.5613746,42.8322714,93.5679918,42.8163985,93.5799796,42.8023217,93.6164839,42.7831993,93.6809906,42.7668871,93.7253576,42.7716260,93.7605730,42.7920025,93.5820720,42.8895434
960003554,5,93.0736707,43.7620679,93.0790346,43.7485771,93.0911267,43.7375996,93.0808218,43.7824655,93.0758645,43.7760135
960003558,9,93.0514238,43.7956113,93.0808218,43.7824655,93.0911267,43.7375996,93.0911118,43.7376085,93.1204508,43.7196645,93.1191868,43.8009116,93.1004980,43.7970427,93.0925317,43.7924671,93.0697492,43.8112329
960003556,9,93.1555274,43.7924982,93.1566991,43.7112740,93.1753697,43.7151246,93.1833719,43.7197125,93.2061279,43.7009436,93.2244465,43.7165590,93.1950892,43.7296970,93.1848277,43.7745534,93.1848132,43.7745627
960003555,6,93.1191868,43.8009116,93.1204508,43.7196645,93.1374178,43.7128591,93.1566991,43.7112740,93.1555274,43.7924982,93.1385104,43.7993126
960003557,5,93.1848277,43.7745534,93.1950892,43.7296970,93.2000188,43.7361286,93.2022513,43.7500612,93.1969044,43.7635607
411500,11,94.4214252,29.3313819,94.5090278,29.3709137,94.4609580,29.4280254,94.3913663,29.3671189,94.3564308,29.3799351,94.3373829,29.3800106,94.3024277,29.3675471,94.2612344,29.3387852,94.2511400,29.3247120,94.2455696,29.3088402,94.2491773,29.2760785
411501,11,94.1617330,29.2365310,94.2097584,29.1794249,94.2791888,29.2404133,94.2957078,29.2319822,94.3330745,29.2275211,94.3514723,29.2317320,94.3951826,29.2573448,94.4193438,29.2827521,94.4256627,29.3152000,94.4214252,29.3313819,94.2491773,29.2760785
242300,11,94.8967814,36.3791252,95.0025271,36.3666759,95.0017799,36.4369312,94.8963216,36.4230162,94.8878893,36.4384274,94.8749389,36.4513492,94.8390137,36.4671090,94.7312714,36.4662382,94.6958080,36.4498166,94.6832316,36.4366580,94.6753207,36.4213287
242301,11,94.5695872,36.4337304,94.5703991,36.3634753,94.6758272,36.3775348,94.6843068,36.3620783,94.6972667,36.3491723,94.7331573,36.3334418,94.8407874,36.3343014,94.8762325,36.3506748,94.8888308,36.3638112,94.8967814,36.3791252,94.6753207,36.4213287
65000,11,94.7105469,40.1758820,94.5989009,40.1776047,94.6058344,40.1105804,94.7174984,40.1339148,94.7407435,40.1111743,94.7592703,40.1025309,94.8017793,40.0974381,94.8351328,40.1007731,94.8701848,40.1097397,94.8999122,40.1335408,94.9077625,40.1490161
65001,11,95.0193860,40.1423650,95.0108034,40.2127661,94.9024898,40.1910908,94.8781788,40.2135735,94.8592932,40.2217916,94.8165233,40.2258925,94.7495522,40.2143586,94.7322496,40.2043139,94.7189459,40.1911898,94.7105469,40.1758820,94.9077625,40.1490161
342500,11,97.1575046,30.4683661,97.2083990,30.3944014,97.2714914,30.4392864,97.1969444,30.4964046,97.2058231,30.5113050,97.2098655,30.5275338,97.2088943,30.5441110,97.2029733,30.5599066,97.1380514,30.6276095,97.1023913,30.6395155,97.0645908,30.6344740
342501,11,97.0135816,30.7084066,96.9503568,30.6635172,97.0251384,30.6064467,97.0162272,30.5914466,97.0122297,30.5752090,97.0132502,30.5586340,97.0192166,30.5428511,97.0841644,30.4752311,97.1197687,30.4633351,97.1575046,30.4683661,97.0645908,30.6344740
925200,11,96.9527370,32.8761310,96.8560739,32.9044898,96.8405659,32.8391457,96.9388732,32.8325034,96.9524617,32.8017192,96.9658799,32.7895424,97.0014446,32.7757873,97.0380932,32.7707903,97.0762693,32.7709464,97.1102114,32.7873432,97.1222675,32.8004881
925201,11,97.2172351,32.7655019,97.2361198,32.8341699,97.1311207,32.8408358,97.1196628,32.8666322,97.1068350,32.8792587,97.0905498,32.8886646,97.0352311,32.9042115,96.9998722,32.9044429,96.9813634,32.8986115,96.9527370,32.8761310,97.1222675,32.8004881
3322800,11,97.1703643,37.1206591,97.0670789,37.1090978,97.0911870,37.0421339,97.1895355,37.0837967,97.2178815,37.0645564,97.2375006,37.0590431,97.2786844,37.0608123,97.3086717,37.0691422,97.3407055,37.0844392,97.3616907,37.1127778,97.3646148,37.1292115
3322801,11,97.4729204,37.1409009,97.4437744,37.2078757,97.3505054,37.1695262,97.3223329,37.1870514,97.3024647,37.1920496,97.2816486,37.1927774,97.2262958,37.1808494,97.1941479,37.1654778,97.1813451,37.1523861,97.1703643,37.1206591,97.3646148,37.1292115
263300,11,98.2919292,39.9262262,98.2269891,39.9995679,98.1617112,39.9498031,98.2500423,39.8998204,98.2417871,39.8704809,98.2451590,39.8540857,98.2539409,39.8389186,98.2891524,39.8060463,98.3213815,39.7890276,98.3423980,39.7851949,98.3846868,39.7904169
263301,11,98.4513676,39.7204288,98.5149561,39.7668381,98.4266222,39.8218478,98.4341979,39.8491974,98.4311165,39.8656263,98.4225977,39.8808827,98.3875067,39.9156275,98.3551561,39.9303865,98.3338462,39.9332999,98.2919292,39.9262262,98.3846868,39.7904169
3336400,11,99.7265099,22.4712384,99.6565793,22.5245894,99.6170759,22.4678476,99.7037713,22.4344565,99.7050382,22.4039063,99.7122268,22.3886968,99.7234262,22.3757253,99.7595264,22.3542146,99.7905617,22.3457249,99.8084491,22.3470644,99.8401235,22.3620675
3336401,11,99.9151545,22.3087491,99.9512426,22.3671815,99.8628866,22.4022272,99.8614218,22.4308982,99.8543329,22.4461485,99.8432132,22.4591826,99.8071406,22.4807856,99.7756725,22.4886894,99.7578070,22.4869519,99.7265099,22.4712384,99.8401235,22.3620675
347200,11,99.2046195,25.1171705,99.2396186,25.1971490,99.1674395,25.2142983,99.1607220,25.1259239,99.1289085,25.1155752,99.1151161,25.1046423,99.1049211,25.0908487,99.0990174,25.0751353,99.0919908,25.0376830,99.0953953,25.0213740,99.1033407,25.0064187
347201,11,99.0954001,24.9044848,99.1642238,24.8907009,99.1742555,24.9757251,99.2060134,24.9860348,99.2198116,24.9969479,99.2359589,25.0264285,99.2366282,25.0780819,99.2189779,25.1068521,99.2046195,25.1171705,99.1033407,25.0064187,99.1304120,24.9844819
3276500,11,100.0123599,23.8127522,99.9857094,23.8944125,99.9186557,23.8686054,99.9686463,23.7968928,99.9508357,23.7714892,99.9472360,23.7552212,99.9483595,23.7386548,99.9674479,23.6996108,99.9851073,23.6796681,100.0005071,23.6709167,100.0359669,23.6655809
3276501,11,100.0660407,23.5838793,100.1296862,23.6131131,100.0780261,23.6848122,100.0943778,23.7067001,100.0990218,23.7227445,100.0942308,23.7553635,100.0808855,23.7787233,100.0632622,23.7986373,100.0304931,23.8122151,100.0123599,23.8127522,100.0359669,23.6655809
1549800,11,98.4505620,24.7825722,98.5211153,24.7825851,98.5077851,24.8675880,98.5343828,24.8810974,98.5463158,24.8936801,98.5576560,24.9249442,98.5576586,24.9566671,98.5493488,24.9882809,98.5386587,25.0017577,98.5077848,25.0190902,98.4605191,24.8676377
1549801,11,98.5077848,25.0190902,98.5211169,25.1024164,98.4505524,25.1024198,98.4605270,25.0173868,98.4350850,25.0020061,98.4242698,24.9886114,98.4176501,24.9731357,98.4156753,24.9283574,98.4216733,24.9011986,98.4312079,24.8870317,98.4605191,24.8676377
404200,11,98.4619803,24.3668255,98.3869685,24.3135286,98.4368511,24.2654189,98.4918943,24.3370915,98.5093195,24.3314261,98.5453921,24.3331308,98.5618403,24.3402656,98.5906837,24.3610179,98.6019356,24.3745202,98.6110114,24.4063778,98.6013791,24.4381002
404201,11,98.6796942,24.4864402,98.6247524,24.5345721,98.5714496,24.4679101,98.5402655,24.4744611,98.5221955,24.4722213,98.5053798,24.4657991,98.4726124,24.4389481,98.4575424,24.4153210,98.4543039,24.3989868,98.4619803,24.3668255,98.6013791,24.4381002
58200,11,99.6857845,27.7084751,99.7045941,27.6241803,99.7801269,27.6486591,99.7330903,27.7237966,99.7564329,27.7493555,99.7617535,27.7652719,99.7622382,27.7818646,99.7433028,27.8332248,99.7224456,27.8604830,99.7067732,27.8696228,99.6702130,27.8758459
58201,11,99.6513599,27.9601284,99.5756472,27.9356463,99.6228533,27.8605234,99.6092352,27.8490445,99.5994706,27.8348687,99.5941898,27.8189410,99.5937509,27.8023473,99.6211590,27.7362240,99.6492765,27.7146890,99.6857845,27.7084751,99.6702130,27.8758459
4004502400,11,99.7143045,31.6530374,99.7487054,31.7122541,99.6520303,31.7388366,99.6535025,31.7568591,99.6495454,31.7731127,99.6407728,31.7879414,99.6277809,31.8003336,99.5535897,31.8310746,99.5149729,31.8284737,99.4830712,31.8098076,99.6308067,31.7023123
4004502401,11,99.4830712,31.8098076,99.3994593,31.8590256,99.3650423,31.7998034,99.4618835,31.7733337,99.4604405,31.7552303,99.4644406,31.7389844,99.4732465,31.7241720,99.4862564,31.7118016,99.5603599,31.6811088,99.5989175,31.6836846,99.6308067,31.7023123
3233500,11,100.9760466,22.8691498,100.9793751,22.9524822,100.9088404,22.9490004,100.9305157,22.8656786,100.9023252,22.8465688,100.8929249,22.8324108,100.8878225,22.8164928,100.8873642,22.7998999,100.9007828,22.7509232,100.9115809,22.7376442,100.9422825,22.7208704
3233501,11,100.9373271,22.6324832,101.0095160,22.6410391,100.9878472,22.7243679,101.0133794,22.7408407,101.0235665,22.7545243,101.0295678,22.7701728,101.0309730,22.7867204,101.0173699,22.8388495,100.9925657,22.8625299,100.9760466,22.8691498,100.9422825,22.7208704
263900,11,100.7591062,22.0510360,100.7424278,22.1360432,100.6736822,22.1103078,100.7170438,22.0370622,100.6963741,22.0133028,100.6909932,21.9974721,100.6902152,21.9808895,100.6990835,21.9413733,100.7178931,21.9163008,100.7327648,21.9070740,100.7675527,21.9006354
263901,11,100.7825361,21.8173148,100.8512847,21.8362628,100.8079772,21.9146728,100.8262595,21.9351307,100.8324097,21.9507179,100.8309253,21.9836015,100.8225847,22.0052903,100.8068888,22.0308742,100.7767702,22.0483050,100.7591062,22.0510360,100.7675527,21.9006354
3277100,11,101.7453215,26.4780126,101.7003095,26.4030055,101.7674124,26.3789328,101.7890743,26.4622632,101.8218241,26.4676716,101.8376341,26.4763442,101.8592530,26.5029682,101.8743515,26.5561520,101.8711436,26.5725003,101.8633126,26.5875487,101.8513907,26.6002709
3277101,11,101.8963660,26.6769755,101.8259016,26.7027241,101.8075922,26.6177373,101.7748032,26.6123089,101.7589848,26.6036213,101.7373871,26.5769713,101.7274005,26.5503353,101.7217977,26.5218868,101.7252218,26.5055739,101.7453215,26.4780126,101.8513907,26.6002709
62700,11,100.3110989,25.5691926,100.3145196,25.4833149,100.3918728,25.4968414,100.3595187,25.5776558,100.3866796,25.5996306,100.3946372,25.6145975,100.3980292,25.6309115,100.3966227,25.6474612,100.3845836,25.6936379,100.3611075,25.7188529,100.3267763,25.7301066
62701,11,100.3233517,25.8159813,100.2458231,25.8024530,100.2782931,25.7216432,100.2630379,25.7122096,100.2431474,25.6846054,100.2397943,25.6682846,100.2412423,25.6517377,100.2533231,25.6056243,100.2768040,25.5804298,100.3110989,25.5691926,100.3267763,25.7301066
384000,12,100.3346853,26.8186932,100.2624930,26.8410115,100.2458187,26.7560059,100.2131395,26.7481938,100.1981488,26.7383814,100.1865154,26.7254373,100.1707055,26.6852668,100.1691972,26.6528202,100.1755231,26.6372146,100.2003529,26.6129138,100.3168172,26.7185900,100.2930223,26.7437214
384001,10,100.2003529,26.6129138,100.1553461,26.5328982,100.2275111,26.5156596,100.2441918,26.6006687,100.2768185,26.6084582,100.2918046,26.6182554,100.3109505,26.6463681,100.3233489,26.6861989,100.3224702,26.7027786,100.3168172,26.7185900
776900,11,102.1622222,27.9092217,102.1538819,27.8242206,102.2295176,27.8259678,102.2094995,27.9109433,102.2372488,27.9275569,102.2480033,27.9411666,102.2544064,27.9567714,102.2576839,28.0083801,102.2489725,28.0384790,102.2379244,28.0519112,102.2061281,28.0691142
776901,11,102.2144532,28.1541146,102.1388136,28.1523674,102.1588224,28.0673777,102.1397368,28.0590807,102.1258092,28.0479260,102.1098929,28.0181626,102.1106485,27.9716554,102.1193899,27.9398140,102.1304477,27.9263954,102.1622222,27.9092217,102.2061281,28.0691142
3322400,11,100.9230394,27.6180082,100.8732038,27.6695871,100.8081963,27.6079198,100.7781299,27.6159807,100.7416478,27.6097992,100.6878489,27.5684711,100.6745183,27.5377539,100.6749946,27.5211610,100.6802964,27.5052427,100.8462785,27.5569575,100.8413878,27.5729795
3322401,11,100.6802964,27.5052427,100.5986259,27.4619807,100.6450732,27.4104093,100.7084144,27.4754097,100.7404427,27.4667485,100.7591031,27.4679201,100.7767872,27.4733347,100.8206467,27.4993074,100.8415245,27.5243160,100.8463244,27.5403593,100.8462785,27.5569575
3322600,11,100.0592387,29.4009831,100.0425486,29.4859979,99.9686339,29.4670797,100.0103122,29.3887721,99.9876881,29.3665039,99.9810228,29.3509554,99.9792029,29.3344331,99.9823501,29.3180633,99.9973477,29.2814027,100.0124799,29.2572651,100.0267635,29.2463016
3322601,11,100.0757516,29.1506938,100.1530324,29.1695962,100.1080122,29.2445451,100.1331194,29.2699644,100.1399703,29.3023299,100.1259960,29.3519015,100.1094870,29.3797379,100.0779482,29.3978508,100.0592387,29.4009831,100.0267635,29.2463016,100.0624590,29.2356669
3277400,11,101.8027555,29.9855114,101.8697782,30.0181921,101.8047837,30.0848985,101.8231192,30.1140549,101.8250996,30.1305646,101.8220719,30.1469550,101.8142399,30.1621088,101.7675142,30.2119877,101.7313681,30.2223620,101.7122092,30.2211636,101.7627197,30.0655187
3277401,11,101.7122092,30.2211636,101.6772920,30.3028041,101.6068830,30.2684605,101.6702193,30.2018100,101.6539393,30.1720750,101.6529917,30.1554970,101.6570382,30.1392717,101.6841146,30.0928623,101.7072119,30.0733000,101.7247071,30.0664982,101.7627197,30.0655187
3323000,12,100.4467711,34.3070772,100.4914161,34.3621344,100.3930752,34.3954841,100.3925789,34.4251171,100.3851149,34.4405315,100.3730646,34.4538263,100.3222039,34.4841160,100.2908422,34.4916600,100.2707409,34.4906552,100.2348495,34.4762343,100.3492255,34.3506065,100.3667600,34.3587276
3323001,10,100.2348495,34.4762343,100.1515272,34.5329205,100.1119430,34.4728124,100.2052778,34.4394773,100.2070862,34.4084976,100.2153872,34.3933784,100.2281441,34.3805459,100.2794440,34.3558933,100.3096427,34.3467043,100.3492255,34.3506065
780900,11,101.9578449,36.5745055,101.8628961,36.6145425,101.8336897,36.5526425,101.9404034,36.5342550,101.9488297,36.5075873,101.9604470,36.4938653,101.9760823,36.4830261,102.0346341,36.4624835,102.0713603,36.4594063,102.0912913,36.4637137,102.1237517,36.4837611
780901,11,102.2188151,36.4438021,102.2428954,36.5107809,102.1379169,36.5257588,102.1310545,36.5507207,102.1202399,36.5648643,102.0870543,36.5841766,102.0436824,36.5958546,102.0107018,36.5983136,101.9906667,36.5942192,101.9578449,36.5745055,102.1237517,36.4837611
4002558100,11,100.7369645,37.9732598,100.8403355,37.9443452,100.8564874,38.0091619,100.7469342,38.0132537,100.7424725,38.0309583,100.7329399,38.0457615,100.7188629,38.0581156,100.6811577,38.0723280,100.6188124,38.0794908,100.5794693,38.0683553,100.5524880,38.0432185
4002558101,11,100.4490415,38.0720544,100.4329326,38.0072342,100.5425702,38.0033145,100.5470909,37.9855442,100.5566591,37.9707585,100.5707516,37.9584272,100.6084254,37.9442594,100.6706448,37.9370912,100.7099414,37.9481741,100.7369645,37.9732598,100.5524880,38.0432185
933800,11,100.5846073,38.8578626,100.4913342,38.9028988,100.4569811,38.8376435,100.5636397,38.8159871,100.5699892,38.7865396,100.5808321,38.7722550,100.5960433,38.7606431,100.6428639,38.7425119,100.6816826,38.7378339,100.7024467,38.7414660,100.7369649,38.7604014
933801,11,100.8337252,38.7171120,100.8647343,38.7756264,100.7613931,38.7973042,100.7550970,38.8267352,100.7442699,38.8410309,100.7290568,38.8526550,100.6787723,38.8741652,100.6406637,38.8793866,100.6197515,38.8761513,100.5846073,38.8578626,100.7369649,38.7604014
4004501600,11,101.4986429,39.2900443,101.4292167,39.3577475,101.3708309,39.3095573,101.4627079,39.2603626,101.4544118,39.2433767,101.4525428,39.2268417,101.4562616,39.2104954,101.4790721,39.1827335,101.5182471,39.1575686,101.5597065,39.1505240,101.6001603,39.1604839
4004501601,11,101.6693936,39.0927137,101.7276502,39.1408934,101.6361133,39.1901987,101.6444041,39.2070608,101.6463472,39.2235906,101.6427011,39.2399468,101.6199862,39.2677649,101.5807080,39.2930070,101.5391616,39.3000419,101.4986429,39.2900443,101.6001603,39.1604839
4004501800,11,100.9286682,42.0668140,100.8348669,42.1180115,100.7932191,42.0596442,100.9030399,42.0308781,100.9007059,42.0128053,100.9046720,41.9964708,100.9141884,41.9814552,100.9469347,41.9593085,100.9909020,41.9446982,101.0350977,41.9463317,101.0722913,41.9641691
4004501801,11,101.1658935,41.9128732,101.2075125,41.9712306,101.0979801,42.0001746,101.1003638,42.0181378,101.0964723,42.0344823,101.0870148,42.0495213,101.0543058,42.0717361,101.0101691,42.0863884,100.9658788,42.0847130,100.9286682,42.0668140,101.0722913,41.9641691
1091400,11,103.0164062,25.1515830,102.8067419,25.0002988,102.8002783,24.9950428,102.8587077,24.9554542,102.9087351,25.0271281,102.9420642,25.0250649,102.9595487,25.0300152,102.9750256,25.0388956,103.0124410,25.0761038,103.0268752,25.1038514,103.0280808,25.1204137
1091401,14,103.0588587,25.2309302,103.0112560,25.2645364,102.9662892,25.1928785,102.9305942,25.1968204,102.9129078,25.1924185,102.8842052,25.1722060,102.8658860,25.1472229,102.8505065,25.1175439,102.8496463,25.1009639,102.8619606,25.0699987,102.7902795,25.0117378,102.8067419,25.0002988,103.0164062,25.1515830,103.0863916,25.2133198
873600,11,103.8319722,27.3704283,103.9066227,27.4254174,103.8481351,27.4714472,103.7955637,27.3991026,103.7585697,27.4054642,103.7402688,27.4020690,103.7096514,27.3835152,103.6779377,27.3485890,103.6717503,27.3329272,103.6703379,27.3163765,103.6818828,27.2851037
873601,11,103.6073892,27.2301109,103.6657848,27.1840866,103.7182217,27.2564822,103.7364852,27.2510580,103.7734053,27.2534970,103.7900805,27.2609646,103.8248203,27.2928540,103.8420066,27.3225879,103.8400341,27.3554537,103.8319722,27.3704283,103.6818828,27.2851037
207500,15,104.0178131,30.6252737,103.8646713,30.4337629,103.8385914,30.3946698,103.9108008,30.3722808,103.9341406,30.4539507,103.9665061,30.4601483,103.9826562,30.4691883,103.9955448,30.4815217,104.0209611,30.5246489,104.0253583,30.5542846,104.0223594,30.5647929,104.0242948,30.5679821,104.0297160,30.5848900,104.0297177,30.6014882,104.0247274,30.6175211
207501,18,104.0283530,30.6815091,104.0547480,30.7186591,103.9791782,30.7410423,103.9592421,30.6594105,103.9245563,30.6540012,103.8948639,30.6332495,103.8690387,30.5886855,103.8636167,30.5717225,103.8636396,30.5551242,103.8669554,30.5445164,103.8656915,30.5419883,103.8613173,30.5122540,103.8659487,30.4961426,103.8737811,30.4869886,103.8419219,30.4413436,103.8646713,30.4337629,104.0178131,30.6252737,104.0514181,30.6736457
95000,11,102.3550646,32.4467899,102.3685787,32.3615047,102.4480771,32.3812898,102.4046697,32.4591263,102.4201144,32.4699041,102.4314759,32.4834553,102.4382954,32.4990250,102.4401062,32.5155529,102.4155132,32.5857716,102.3874844,32.6086981,102.3495946,32.6167364
95001,11,102.3360458,32.7020112,102.2563047,32.6822229,102.2999100,32.6043987,102.2843695,32.5935338,102.2730378,32.5799565,102.2662656,32.5643703,102.2645121,32.5478380,102.2892200,32.4777124,102.3172383,32.4548122,102.3550646,32.4467899,102.3495946,32.6167364
276100,11,103.7312472,32.9247920,103.7714815,33.0037934,103.6888875,33.0213107,103.6795298,32.9357754,103.6420407,32.9262227,103.6267586,32.9156899,103.6152485,32.9021945,103.5980635,32.8525626,103.5979437,32.8197010,103.6054372,32.8043440,103.6330198,32.7809859
276101,11,103.5929259,32.7019983,103.6752705,32.6844839,103.6846078,32.7700270,103.7219527,32.7795184,103.7372409,32.7900209,103.7487785,32.8034910,103.7660933,32.8531929,103.7662848,32.8860258,103.7588209,32.9013953,103.7312472,32.9247920,103.6330198,32.7809859
3323200,10,102.5394094,34.8561343,102.4427381,34.8878272,102.4238240,34.8241918,102.5271673,34.8175155,102.5375449,34.7902050,102.5499379,34.7770940,102.5660363,34.7670622,102.6395444,34.7513150,102.6784126,34.7592810,102.7072403,34.7821387
3323201,12,102.8005632,34.7504957,102.8194787,34.8158372,102.7195354,34.8207819,102.7074296,34.8498750,102.6943321,34.8625237,102.6776874,34.8719576,102.6236042,34.8858714,102.5867427,34.8854608,102.5679891,34.8792293,102.5518443,34.8692262,102.5394094,34.8561343,102.7072403,34.7821387
381400,11,103.6429096,36.5924476,103.6529058,36.6774397,103.5686762,36.6740100,103.5903646,36.5923683,103.5716737,36.5844405,103.5456225,36.5590338,103.5395949,36.5431576,103.5405495,36.4932870,103.5509486,36.4639823,103.5634497,36.4507760,103.5987989,36.4342054
381401,11,103.5921198,36.3492063,103.6729786,36.3526486,103.6513009,36.4343001,103.6837831,36.4533729,103.6946119,36.4675028,103.7005274,36.4834048,103.7011177,36.5333806,103.6907868,36.5626163,103.6782969,36.5758405,103.6429096,36.5924476,103.5987989,36.4342054
264700,10,102.2883619,38.6062424,102.2133755,38.6695920,102.1601278,38.6146266,102.2584476,38.5729985,102.2533659,38.5438722,102.2581741,38.5277057,102.2681641,38.5130629,102.2826528,38.5009404,102.3469172,38.4707700,102.3889318,38.4718702
264701,12,102.4832892,38.4187414,102.5365357,38.4720404,102.4382173,38.5120027,102.4433191,38.5410544,102.4385412,38.5572266,102.4285705,38.5718800,102.4140843,38.5840147,102.3498011,38.6141966,102.3286598,38.6158178,102.2883619,38.6062424,102.3889318,38.4718702,102.4082403,38.4787262
3277500,11,104.3741838,23.6220485,104.4180253,23.6982484,104.3466630,23.7208210,104.3298059,23.6360969,104.3110379,23.6348961,104.2789713,23.6200590,104.2593068,23.5925173,104.2460767,23.5509333,104.2470989,23.5343615,104.2527638,23.5185969,104.2761822,23.4936559
3277501,11,104.2324406,23.4174631,104.3036630,23.3948935,104.3204839,23.4796278,104.3391743,23.4808150,104.3712287,23.4956123,104.3909302,23.5231231,104.4042252,23.5647356,104.4032296,23.5813088,104.3975869,23.5970809,104.3741838,23.6220485,104.2761822,23.4936559
3336200,11,104.8998992,26.5759775,104.8178709,26.5302973,104.8655807,26.4799963,104.9292883,26.5450099,104.9472748,26.5366940,104.9839659,26.5343101,105.0015770,26.5395313,105.0386904,26.5650377,105.0605056,26.5933358,105.0630141,26.6261718,105.0570936,26.6419037
3336201,11,105.1392661,26.6875688,105.0914970,26.7378760,105.0276490,26.6729285,104.9914248,26.6846024,104.9728804,26.6836242,104.9397441,26.6692529,104.9046103,26.6394199,104.8963839,26.6245395,104.8927476,26.6082627,104.8998992,26.5759775,105.0570936,26.6419037
125300,11,105.6872722,26.2498462,105.7082483,26.1828677,105.7955805,26.2185522,105.8075202,26.2052421,105.8397673,26.1895570,105.8764323,26.1904320,105.9293274,26.2058680,105.9551616,26.2292365,105.9621746,26.2445965,105.9645176,26.2610612,105.7825250,26.2602289
125301,11,105.9645176,26.2610612,106.0598413,26.2714101,106.0388881,26.3383912,105.9514639,26.3028083,105.9395319,26.3161166,105.9072568,26.3318134,105.8705472,26.3309343,105.8176289,26.3154747,105.7918171,26.2920693,105.7848330,26.2766976,105.7825250,26.2602289
85700,11,104.9507402,25.1593976,104.9274132,25.2427293,104.8586454,25.2169552,104.9053106,25.1436130,104.8858217,25.1182669,104.8816102,25.1021127,104.8821598,25.0855219,104.8874312,25.0696251,104.9177915,25.0254415,104.9324338,25.0154687,104.9676046,25.0072612
85701,11,104.9909204,24.9239383,105.0596853,24.9497127,105.0130091,25.0230084,105.0317171,25.0483659,105.0356477,25.0645777,105.0348127,25.0811587,105.0209158,25.1203482,105.0018199,25.1442211,104.9864730,25.1533046,104.9507402,25.1593976,104.9676046,25.0072612
4000006700,11,104.6003678,28.8161036,104.6888738,28.7778778,104.7119340,28.8407671,104.6145945,28.8548927,104.6129642,28.8728992,104.6064182,28.8884763,104.5954882,28.9020385,104.5637021,28.9196174,104.5156334,28.9305964,104.4790002,28.9231659,104.4515307,28.9006931
4000006701,11,104.3629504,28.9388592,104.3399045,28.8759659,104.4373389,28.8619597,104.4390043,28.8438984,104.4455803,28.8283319,104.4565288,28.8147860,104.4883097,28.7972443,104.5362920,28.7862721,104.5728858,28.7936690,104.6003678,28.8161036,104.4515307,28.9006931
3028602500,11,105.3783347,29.0271349,105.2807208,29.0136397,105.3033218,28.9506122,105.3922558,28.9883276,105.4055044,28.9744130,105.4390129,28.9594542,105.4765793,28.9611478,105.5263362,28.9772846,105.5514388,29.0018019,105.5577290,29.0174621,105.5591710,29.0340124
3028602501,11,105.6568735,29.0474671,105.6342874,29.1104984,105.5452399,29.0728979,105.5319985,29.0868127,105.4984560,29.1017842,105.4608388,29.1000849,105.4110586,29.0839186,105.3859890,29.0593599,105.3797349,29.0436879,105.3783347,29.0271349,105.5591710,29.0340124
3336000,11,105.3859215,27.2764073,105.2886805,27.2766473,105.2993443,27.2113627,105.3924881,27.2362160,105.4028790,27.2206095,105.4327497,27.2011792,105.4695378,27.1976258,105.5152341,27.2059382,105.5439811,27.2266673,105.5528803,27.2412581,105.5572307,27.2573994
3336001,11,105.6545120,27.2571105,105.6438782,27.3223970,105.5506723,27.2976627,105.5403024,27.3132599,105.5104183,27.3327106,105.4735865,27.3362717,105.4278435,27.3279338,105.3991086,27.3071627,105.3902361,27.2925566,105.3859215,27.2764073,105.5572307,27.2573994
4000127700,10,104.3680897,30.2372810,104.3177795,30.1625830,104.3381158,30.1555584,104.3353148,30.1515811,104.4056817,30.1258719,104.4306811,30.2095784,104.4701342,30.2137261,104.4984117,30.2325346,104.5311482,30.2368050,104.5609365,30.2573245
4000127701,9,104.5609365,30.2573245,104.6470454,30.2132545,104.6759671,30.2744036,104.5787818,30.2950396,104.5787375,30.3130899,104.5735073,30.3290624,104.5636637,30.3433215,104.5498762,30.3548947,104.5116011,30.3697010
4000127702,17,104.3125474,30.4024614,104.2836235,30.3413080,104.3504111,30.3272196,104.3431705,30.3128934,104.3380594,30.2953323,104.3385901,30.2787404,104.3440745,30.2628323,104.3680897,30.2372810,104.5609365,30.2573245,104.5116011,30.3697010,104.5556767,30.4321040,104.5269893,30.4425582,104.5358681,30.4557017,104.4647165,30.4802127,104.4415546,30.3961145,104.4020673,30.3912581,104.3734281,30.3713725
4000256000,11,105.9121138,31.3755034,105.9804015,31.3444564,106.0143699,31.4259034,106.0354354,31.4241147,106.0722279,31.4339948,106.0871404,31.4446541,106.1127253,31.4812877,106.1217634,31.5147688,106.1100152,31.5461210,106.0974380,31.5587950,105.9722824,31.4450213
4000256001,11,106.0974380,31.5587950,106.1577864,31.6283157,106.0893199,31.6593690,106.0552410,31.5779522,106.0148865,31.5768394,105.9972387,31.5698082,105.9711813,31.5455138,105.9494538,31.5055490,105.9478715,31.4890057,105.9513639,31.4726768,105.9722824,31.4450213
256100,11,105.6072282,32.3958065,105.5038727,32.3924907,105.5210363,32.3288592,105.6177269,32.3571832,105.6405685,32.3360216,105.6580505,32.3284517,105.6772535,32.3249601,105.7235335,32.3274501,105.7576031,32.3410387,105.7709386,32.3532279,105.7844281,32.3841054
256101,11,105.8860911,32.3874752,105.8706429,32.4511362,105.7756134,32.4261477,105.7516809,32.4462623,105.7337705,32.4531231,105.7143645,32.4558355,105.6664524,32.4508810,105.6351100,32.4383994,105.6214667,32.4264454,105.6072282,32.3958065,105.7844281,32.3841054
640600,11,104.7729448,31.3583270,104.8217138,31.2828945,104.8855237,31.3248840,104.8126283,31.3844233,104.8225772,31.3994476,104.8273417,31.4155400,104.8270642,31.4321365,104.8117911,31.4623600,104.7807106,31.4933138,104.7450549,31.5059223,104.7067824,31.5016298
640601,11,104.6578954,31.5770230,104.5939543,31.5350266,104.6670904,31.4755445,104.6571123,31.4604243,104.6523961,31.4443210,104.6527267,31.4277251,104.6680855,31.3975354,104.6991245,31.3666530,104.7347300,31.3540503,104.7729448,31.3583270,104.7067824,31.5016298
4000125400,11,105.9855319,33.7729629,105.9774348,33.8386709,105.8766044,33.8174166,105.8663169,33.8333585,105.8353546,33.8538990,105.7961671,33.8588185,105.7439170,33.8519369,105.7121564,33.8322557,105.7019370,33.8179929,105.6965118,33.8020185,105.8816014,33.7768734
4000125401,11,105.6965118,33.8020185,105.5926225,33.8058656,105.6007641,33.7401593,105.7015259,33.7615678,105.7118472,33.7456081,105.7427977,33.7250960,105.7819265,33.7201904,105.8341061,33.7270416,105.8658759,33.7466688,105.8761289,33.7609108,105.8816014,33.7768734
739500,11,105.9444038,34.5237836,106.0423537,34.4939484,106.0592965,34.5627550,105.9549892,34.5667538,105.9508105,34.5832616,105.9416891,34.5980642,105.9282208,34.6104177,105.8921487,34.6246294,105.8408006,34.6311534,105.8027564,34.6209955,105.7759965,34.5965386
739501,11,105.6779811,34.6262972,105.6610885,34.5574877,105.7654675,34.5536445,105.7696935,34.5370838,105.7788445,34.5222964,105.7923255,34.5099629,105.8283705,34.4957901,105.8796087,34.4892636,105.9176113,34.4993742,105.9444038,34.5237836,105.7759965,34.5965386
256200,11,106.2005119,36.0024983,106.1905056,35.9174960,106.2713148,35.9226614,106.2463128,36.0076570,106.2758601,36.0241713,106.2875332,36.0378237,106.2944424,36.0534536,106.2961142,36.0699967,106.2930078,36.1117959,106.2719145,36.1399554,106.2362002,36.1558151
256201,11,106.2428274,36.2408419,106.1603163,36.2339649,106.1870195,36.1506780,106.1573723,36.1340964,106.1457202,36.1204243,106.1388493,36.1047817,106.1372223,36.0632868,106.1413881,36.0444044,106.1640167,36.0170484,106.2005119,36.0024983,106.2362002,36.1558151
4004501400,11,105.5440658,38.8173961,105.4861099,38.8910972,105.4210531,38.8487182,105.5040218,38.7912898,105.4932075,38.7752038,105.4888027,38.7589647,105.4899386,38.7423901,105.5081367,38.7126970,105.5428816,38.6840454,105.5826751,38.6731746,105.6241020,38.6792786
4004501401,11,105.6818822,38.6055229,105.7467643,38.6478917,105.6641413,38.7054058,105.6749239,38.7213663,105.6793997,38.7375931,105.6783395,38.7541708,105.6602586,38.7839113,105.6254403,38.8126530,105.5855700,38.8235262,105.5440658,38.8173961,105.6241020,38.6792786
877500,12,105.3542921,37.5456630,105.3542560,37.6110252,105.2475613,37.5960405,105.2246998,37.6233806,105.2073295,37.6326674,105.1666034,37.6392312,105.1026977,37.6293160,105.0853111,37.6200494,105.0715497,37.6075326,105.0623508,37.5926201,105.2405807,37.5405408,105.2493009,37.5556306
877501,10,105.0623508,37.5926201,104.9523552,37.6026590,104.9591780,37.5322562,105.0624386,37.5506265,105.0853657,37.5232475,105.1027252,37.5139781,105.1433882,37.5074350,105.2101769,37.5181384,105.2272360,37.5277534,105.2405807,37.5405408
88700,11,106.9083176,23.7795826,106.8366100,23.8379247,106.7953875,23.7795364,106.8820359,23.7445819,106.8798479,23.7156452,106.8850647,23.6997491,106.8945952,23.6856305,106.9311244,23.6592503,106.9582227,23.6494328,106.9763319,23.6488616,107.0099840,23.6603972
88701,11,107.0817513,23.6020767,107.1196032,23.6604820,107.0362894,23.6954372,107.0392656,23.7281137,107.0337599,23.7439282,107.0239686,23.7578990,107.0105581,23.7690732,106.9603925,23.7894526,106.9422831,23.7904095,106.9083176,23.7795826,107.0099840,23.6603972
3321600,11,107.6769697,24.8728872,107.6219363,24.9445684,107.5669601,24.8964830,107.6419547,24.8448586,107.6341924,24.8297978,107.6310006,24.8134544,107.6325780,24.7969180,107.6492859,24.7677097,107.6911332,24.7377231,107.7269968,24.7330088,107.7447091,24.7370955
3321601,11,107.7997494,24.6654284,107.8513698,24.7135251,107.7813716,24.7685181,107.7891748,24.7971679,107.7869371,24.8136414,107.7800772,24.8290276,107.7573986,24.8572731,107.7305938,24.8740432,107.7128145,24.8779592,107.6769697,24.8728872,107.7447091,24.7370955
3278000,11,108.0262211,25.5040904,108.0883214,25.5696030,108.0238728,25.6057500,107.9862175,25.5265437,107.9671411,25.5292616,107.9317393,25.5213458,107.9054756,25.4985119,107.8826246,25.4611935,107.8796436,25.4448150,107.8814589,25.4282979,107.8986577,25.3992822
3278001,11,107.8366944,25.3337718,107.9010252,25.2976296,107.9385852,25.3768657,107.9575887,25.3741488,107.9929568,25.3820295,108.0192345,25.4048264,108.0421498,25.4421559,108.0451624,25.4585297,108.0433788,25.4750496,108.0262211,25.5040904,107.8986577,25.3992822
518300,10,106.8396153,26.6105442,106.8696206,26.6888456,106.7956885,26.7025731,106.7923623,26.6175785,106.7626680,26.6065095,106.7393643,26.5810340,106.7272514,26.5197165,106.7304759,26.5033710,106.7383165,26.4883289,106.7654260,26.4660940
518301,12,106.7337202,26.3878128,106.8076362,26.3740886,106.8076049,26.4590620,106.8387803,26.4702126,106.8523552,26.4815197,106.8622007,26.4955857,106.8676450,26.5114528,106.8777580,26.5568863,106.8745559,26.5732356,106.8667301,26.5882862,106.8396153,26.6105442,106.7654260,26.4660940
4000006100,11,106.4227259,27.8863059,106.4199702,27.7998954,106.4941276,27.8077272,106.4684554,27.8911338,106.4862994,27.8999281,106.5090764,27.9259691,106.5140044,27.9419861,106.5140726,27.9585842,106.5058100,27.9996459,106.4830699,28.0257263,106.4485961,28.0382674
4000006101,11,106.4513682,28.1246766,106.3770138,28.1168432,106.4027941,28.0334407,106.3848621,28.0245879,106.3621298,27.9985023,106.3572436,27.9824747,106.3572221,27.9658764,106.3655337,27.9248830,106.3882868,27.8988259,106.4227259,27.8863059,106.4485961,28.0382674
884900,11,107.2178947,27.7374430,107.1978658,27.6532497,107.2767078,27.6494715,107.2670641,27.7350913,107.2850448,27.7409073,107.3123672,27.7632363,107.3202317,27.7783054,107.3234217,27.7946619,107.3237593,27.8368456,107.3072475,27.8663430,107.2762560,27.8845837
884901,11,107.2963461,27.9687836,107.2173039,27.9725624,107.2269977,27.8869432,107.2089193,27.8810841,107.1816189,27.8587058,107.1737882,27.8436206,107.1706415,27.8272573,107.1703713,27.7851315,107.1869184,27.7556550,107.2178947,27.7374430,107.2762560,27.8845837
960003801,7,108.1400006,28.2966677,108.2133322,28.2916677,108.1949997,28.2049994,108.2366664,28.1416664,108.2349998,28.1166666,108.1833328,28.0616678,108.1499995,28.2083338
960003802,7,108.1833325,28.0616685,108.1883325,27.9733341,108.1150015,27.9783320,108.1383322,28.0616671,108.0916658,28.1283338,108.0933313,28.1533341,108.1499991,28.2083346
186600,11,106.6429161,29.8016991,106.6290605,29.7999586,106.6116388,29.7931078,106.6071872,29.7899360,106.6066280,29.7897870,106.5918498,29.7792516,106.5807200,29.7657545,106.5739963,29.7502164,106.5632003,29.6930015,106.5684434,29.6770405,106.5919810,29.6512545
186601,11,106.5919810,29.6512545,106.5502797,29.5763059,106.6242000,29.5539916,106.6245601,29.5558291,106.6308845,29.5540034,106.6425453,29.6389990,106.6775267,29.6468003,106.6929452,29.6565961,106.7126464,29.6847066,106.7167719,29.7068042,106.7193268,29.7130797
186602,11,106.6638879,29.8829214,106.6591482,29.8843530,106.6429161,29.8016991,106.5919810,29.6512545,106.7193268,29.7130797,106.7201888,29.7251061,106.7238303,29.7446112,106.7097549,29.7751714,106.6963984,29.7870506,106.7363644,29.8670971,106.6641178,29.8843334
413000,11,105.9805794,30.7403139,106.0222573,30.6814992,106.0989516,30.7369767,106.1152804,30.7268997,106.1526030,30.7195624,106.1716402,30.7223316,106.2170017,30.7437832,106.2442260,30.7678593,106.2534165,30.7998107,106.2505207,30.8162215,106.0730643,30.7734891
413001,11,106.2505207,30.8162215,106.3431617,30.8493714,106.3014558,30.9081920,106.2245924,30.8528129,106.1901066,30.8686820,106.1708537,30.8702338,106.1342157,30.8605290,106.0906614,30.8352485,106.0792308,30.8218635,106.0722266,30.8063937,106.0730643,30.7734891
4004501200,11,107.5355303,31.1874135,107.4628820,31.2097759,107.4429791,31.1250330,107.4218182,31.1242086,107.3872116,31.1098746,107.3656258,31.0826427,107.3519944,31.0429941,107.3532045,31.0264283,107.3593756,31.0106951,107.3846019,30.9858828,107.4877471,31.1112388
4004501201,11,107.3846019,30.9858828,107.3369694,30.9097143,107.4094153,30.8873567,107.4292593,30.9721154,107.4503073,30.9729226,107.4848944,30.9872027,107.5065325,31.0143915,107.5202581,31.0540774,107.5190879,31.0706453,107.5129499,31.0863891,107.4877471,31.1112388
4000218000,11,106.5523076,31.7314917,106.4527431,31.7143076,106.4791651,31.6521955,106.5685812,31.6932525,106.5828947,31.6798554,106.6180705,31.6661796,106.6375594,31.6655811,106.6836614,31.6776245,106.7167347,31.6973062,106.7327037,31.7272842,106.7333448,31.7438735
4000218001,11,106.8330231,31.7610123,106.8066114,31.8231293,106.7170535,31.7821994,106.6861932,31.8044165,106.6480031,31.8098848,106.6289684,31.8061648,106.5830164,31.7894652,106.5687938,31.7780924,106.5585220,31.7639772,106.5523076,31.7314917,106.7333448,31.7438735
40002367,5,108.1099821,34.2637715,108.1143864,34.2622849,108.1260740,34.2625429,108.1288267,34.2502962,108.1081588,34.2523708
162900,10,107.1171149,33.1290211,107.0171115,33.1140667,107.0395016,33.0521456,107.1295519,33.0921316,107.1606602,33.0696689,107.1795427,33.0646590,107.2186712,33.0674795,107.2697078,33.0912650,107.2899519,33.1194725,107.2928882,33.1358876
162901,12,107.3962524,33.1543030,107.3670666,33.2178804,107.2770838,33.1762097,107.2493591,33.1950225,107.2304874,33.2001341,107.2106769,33.2009813,107.1663112,33.1925154,107.1359782,33.1750507,107.1249074,33.1612803,107.1184742,33.1455802,107.1171149,33.1290211,107.2928882,33.1358876
293300,11,107.5586665,35.8745511,107.5053778,35.9445547,107.4417894,35.8998549,107.5217851,35.8465656,107.5085840,35.8155592,107.5098008,35.7989903,107.5162618,35.7832412,107.5275242,35.7693843,107.5797529,35.7340946,107.5992707,35.7291473,107.6396516,35.7320968
293301,11,107.6929542,35.6587792,107.7582107,35.7034482,107.6765462,35.7617719,107.6861161,35.7876168,107.6850350,35.8041919,107.6786997,35.8199750,107.6508402,35.8555874,107.6187198,35.8750340,107.5988825,35.8791739,107.5586665,35.8745511,107.6396516,35.7320968
288800,11,106.4683024,38.3767357,106.5366025,38.4417657,106.4609879,38.4761414,106.4176330,38.3977998,106.3843615,38.3971706,106.3645554,38.3912941,106.3339749,38.3687429,106.3089888,38.3370906,106.2982638,38.3091572,106.2997399,38.2925994,106.3184444,38.2631439
288801,11,106.2517351,38.1999126,106.3256738,38.1655245,106.3639898,38.2421847,106.3870498,38.2408044,106.4267133,38.2514300,106.4425891,38.2623887,106.4759932,38.3045513,106.4864433,38.3301979,106.4857076,38.3467861,106.4683024,38.3767357,106.3184444,38.2631439
380900,11,106.7602717,39.7227026,106.7268931,39.6427373,106.8111764,39.6341257,106.8128490,39.7191293,106.8462515,39.7309748,106.8614895,39.7427304,106.8722564,39.7571170,106.8861588,39.7965400,106.8813460,39.8249275,106.8712203,39.8395918,106.8381650,39.8605494
380901,11,106.8714251,39.9456258,106.7888463,39.9525628,106.7854643,39.8675231,106.7505597,39.8564287,106.7347971,39.8450682,106.7171623,39.8150710,106.7155070,39.7901216,106.7186927,39.7593898,106.7281844,39.7444817,106.7602717,39.7227026,106.8381650,39.8605494
40000190,5,109.4128420,18.3142090,109.4128420,18.3197020,109.4238280,18.3197020,109.4238280,18.3087160,109.4128420,18.3087160
40000252,10,109.9951170,18.4570310,109.9951170,18.4625240,109.9841380,18.4625240,109.9841380,18.5284420,109.9951170,18.5284420,109.9951170,18.5229490,110.0061040,18.5229490,110.0061040,18.5064700,110.0170900,18.5064700,110.0170900,18.4570310
40000206,5,109.2041020,18.6712650,109.2041020,18.6822510,109.2150880,18.6822510,109.2150880,18.6657710,109.2041020,18.6657710
40000218,10,109.6655270,18.1658940,109.6655270,18.1823730,109.6545410,18.1823730,109.6545410,18.2098390,109.6435550,18.2098390,109.6435550,18.2427980,109.6655270,18.2427980,109.6655270,18.2482910,109.6820150,18.2482910,109.6820150,18.1658940
40000250,9,109.4567870,18.3361820,109.4897460,18.3361820,109.4897460,18.3306880,109.4567870,18.3306880,109.4567870,18.3251950,109.4348140,18.3251950,109.4348140,18.3306880,109.4458010,18.3306880,109.4458010,18.3361820
40000253,5,109.9401860,18.4680180,109.9401860,18.4735110,109.9511720,18.4735110,109.9511720,18.4625240,109.9401860,18.4625240
40000239,4,109.1162110,18.7152100,109.1162110,18.7316890,109.1271970,18.7316890,109.1271970,18.7152100
40000222,4,109.4238280,18.3197020,109.4238280,18.3251950,109.4348140,18.3251950,109.4348140,18.3197020
40000230,16,109.9566730,18.4954860,109.9621580,18.4954860,109.9621580,18.4844970,109.9731450,18.4844970,109.9731450,18.4680180,109.9841310,18.4680180,109.9841310,18.4625240,109.9841370,18.4625240,109.9841370,18.4405520,109.9841310,18.4405520,109.9841310,18.4460450,109.9731450,18.4460450,109.9731450,18.4515380,109.9621580,18.4515380,109.9621580,18.4625240,109.9566730,18.4625240
40000185,18,109.1601510,18.6602780,109.1711430,18.6602780,109.1711430,18.6712650,109.1821290,18.6712650,109.1821290,18.6877440,109.1931150,18.6877440,109.1931150,18.6904940,109.2150880,18.6904940,109.2150880,18.6822510,109.2041020,18.6822510,109.2041020,18.6657710,109.1931150,18.6657710,109.1931150,18.6547850,109.1821290,18.6547850,109.1821290,18.6437990,109.1711430,18.6437990,109.1711430,18.6383060,109.1601510,18.6383060
40000170,4,109.1821290,18.6328120,109.1821290,18.6383060,109.1931150,18.6383060,109.1931150,18.6328120
40000260,4,109.9401860,18.4460450,109.9401860,18.4625240,109.9511720,18.4625240,109.9511720,18.4460450
40000247,5,109.9291990,18.4844970,109.9291990,18.4954830,109.9401860,18.4954830,109.9401860,18.4790040,109.9291990,18.4790040
40000184,12,109.1052250,18.6602780,109.1052250,18.6904940,109.1271970,18.6904940,109.1271970,18.6547850,109.1491700,18.6547850,109.1491700,18.6602780,109.1601510,18.6602780,109.1601510,18.6383060,109.1271970,18.6383060,109.1271970,18.6437990,109.1162110,18.6437990,109.1162110,18.6602780
40000197,5,109.0832520,18.6767580,109.0832520,18.6932370,109.0942380,18.6932370,109.0942380,18.6657710,109.0832520,18.6657710
40000173,4,109.4897460,18.3251950,109.4897460,18.3306880,109.5007320,18.3306880,109.5007320,18.3251950
40000220,7,109.5227050,18.3087160,109.5227050,18.3197020,109.5007320,18.3197020,109.5007320,18.3251950,109.5336910,18.3251950,109.5336910,18.2977290,109.5227050,18.2977290
40000275,18,109.5336910,18.1658940,109.5336910,18.1933590,109.5227050,18.1933590,109.5227050,18.2318120,109.5336910,18.2318120,109.5336910,18.2373050,109.5556640,18.2373050,109.5556640,18.2318120,109.5666500,18.2318120,109.5666500,18.2208250,109.5776370,18.2208250,109.5776370,18.2098390,109.5886230,18.2098390,109.5886230,18.2043460,109.5776370,18.2043460,109.5776370,18.1768800,109.5666500,18.1768800,109.5666500,18.1658940
40000186,5,109.1931150,18.6437990,109.1931150,18.6547850,109.2041020,18.6547850,109.2041020,18.6383060,109.1931150,18.6383060
40000187,4,109.1052250,18.7152100,109.1052250,18.7316890,109.1162110,18.7316890,109.1162110,18.7152100
870100,10,109.3307493,18.3125573,109.2407765,18.3159333,109.2510506,18.2488852,109.3343588,18.2705646,109.3566758,18.2459072,109.3722459,18.2383687,109.4067912,18.2357750,109.4657758,18.2513853,109.4896447,18.2752487,109.4959181,18.2907412
870101,12,109.5859278,18.2924338,109.5739079,18.3594681,109.4872603,18.3361259,109.4680972,18.3564121,109.4526906,18.3642664,109.4356662,18.3680671,109.3882044,18.3642243,109.3585440,18.3534478,109.3455824,18.3423056,109.3361024,18.3283585,109.3307493,18.3125573,109.4959181,18.2907412
40000174,5,109.9291990,18.4735110,109.9291990,18.4790040,109.9401860,18.4790040,109.9401860,18.4625240,109.9291990,18.4625240
40000255,16,109.9841380,18.4625240,109.9841310,18.4625240,109.9841310,18.4680180,109.9731450,18.4680180,109.9731450,18.4844970,109.9621580,18.4844970,109.9621580,18.5009770,109.9511720,18.5009770,109.9511720,18.5174560,109.9621580,18.5174560,109.9621580,18.5229490,109.9511720,18.5229490,109.9511720,18.5339360,109.9731450,18.5339360,109.9731450,18.5284420,109.9841380,18.5284420
40000271,12,109.1601560,18.7426760,109.1931150,18.7426760,109.1931150,18.7371830,109.2041020,18.7371830,109.2041020,18.7207030,109.2150880,18.7207030,109.2150880,18.6904940,109.1931150,18.6904940,109.1931150,18.7261960,109.1711430,18.7261960,109.1711430,18.7207030,109.1601560,18.7207030
40000211,11,110.0500490,18.4350590,110.0500490,18.4295650,110.0390620,18.4295650,110.0390620,18.4185790,110.0170900,18.4185790,110.0170900,18.4295650,110.0280760,18.4295650,110.0280760,18.4350590,110.0390620,18.4350590,110.0390620,18.4570310,110.0500490,18.4570310
40000272,18,109.2150880,18.7152100,109.2150880,18.7481690,109.2041020,18.7481690,109.2041020,18.7536620,109.1821290,18.7536620,109.1821290,18.7481690,109.1381840,18.7481690,109.1381840,18.7426760,109.1271970,18.7426760,109.1271970,18.7536620,109.1491700,18.7536620,109.1491700,18.7591550,109.1931150,18.7591550,109.1931150,18.7646480,109.2150880,18.7646480,109.2150880,18.7536620,109.2260740,18.7536620,109.2260740,18.7152100
40000264,4,109.9291990,18.5394290,109.9291990,18.5449220,109.9401860,18.5449220,109.9401860,18.5394290
40000181,14,109.9621580,18.4405520,109.9731450,18.4405520,109.9731450,18.4350590,110.0170900,18.4350590,110.0170900,18.4295650,110.0061040,18.4295650,110.0061040,18.4240720,109.9841310,18.4240720,109.9841310,18.4295650,109.9621580,18.4295650,109.9621580,18.4350590,109.9511720,18.4350590,109.9511720,18.4460450,109.9621580,18.4460450
40000270,18,109.9291990,18.4954860,109.9291990,18.5229490,109.9401860,18.5229490,109.9401860,18.5394290,109.9511720,18.5394290,109.9511720,18.5504150,109.9841310,18.5504150,109.9841310,18.5284420,109.9731450,18.5284420,109.9731450,18.5339360,109.9511720,18.5339360,109.9511720,18.5229490,109.9621580,18.5229490,109.9621580,18.5174560,109.9511720,18.5174560,109.9511720,18.5009770,109.9621580,18.5009770,109.9621580,18.4954860
40000261,4,109.5007320,18.2537840,109.5007320,18.2647710,109.5117190,18.2647710,109.5117190,18.2537840
40000248,17,109.0942380,18.6437990,109.0942380,18.6602780,109.1052250,18.6602780,109.1052250,18.6328120,109.1162110,18.6328120,109.1162110,18.6273190,109.1271970,18.6273190,109.1271970,18.6328120,109.1821290,18.6328120,109.1821290,18.6273190,109.1711430,18.6273190,109.1711430,18.6218260,109.1271970,18.6218260,109.1271970,18.6163330,109.1052250,18.6163330,109.1052250,18.6273190,109.0942380,18.6273190
40000219,5,109.4018550,18.2977290,109.4018550,18.3032230,109.4128420,18.3032230,109.4128420,18.2757570,109.4018550,18.2757570
40000276,5,109.2150880,18.7097170,109.2150880,18.7152100,109.2260740,18.7152100,109.2260740,18.6822510,109.2150880,18.6822510
40000198,9,109.4128420,18.2757570,109.4128420,18.2812500,109.4238280,18.2812500,109.4238280,18.2867430,109.4348140,18.2867430,109.4348140,18.2592770,109.4238280,18.2592770,109.4238280,18.2702640,109.4128420,18.2702640
40000234,19,109.2041020,18.7261960,109.2041020,18.7371830,109.1931150,18.7371830,109.1931150,18.7426760,109.1491700,18.7426760,109.1491700,18.7371830,109.1381840,18.7371830,109.1381840,18.7316890,109.1271970,18.7316890,109.1271970,18.7426760,109.1381840,18.7426760,109.1381840,18.7481690,109.1821290,18.7481690,109.1821290,18.7536620,109.2041020,18.7536620,109.2041020,18.7481690,109.2150880,18.7481690,109.2150880,18.7207030,109.2041020,18.7207030
40000267,4,109.4897460,18.2482910,109.4897460,18.2537840,109.5007320,18.2537840,109.5007320,18.2482910
40000254,4,109.6984860,18.2867430,109.6984860,18.2977290,109.7204590,18.2977290,109.7204590,18.2867430
40000172,16,109.1271970,18.6547850,109.1271970,18.6987300,109.1381840,18.6987300,109.1381840,18.7097170,109.1491700,18.7097170,109.1491700,18.7207030,109.1711430,18.7207030,109.1711430,18.7261960,109.1931150,18.7261960,109.1931150,18.6877440,109.1821290,18.6877440,109.1821290,18.6712650,109.1711430,18.6712650,109.1711430,18.6602780,109.1491700,18.6602780,109.1491700,18.6547850
40000240,14,109.9951210,18.4350590,109.9731450,18.4350590,109.9731450,18.4405520,109.9621580,18.4405520,109.9621580,18.4460450,109.9511720,18.4460450,109.9511720,18.4625240,109.9621580,18.4625240,109.9621580,18.4515380,109.9731450,18.4515380,109.9731450,18.4460450,109.9841310,18.4460450,109.9841310,18.4405520,109.9951210,18.4405520
40000199,16,109.4677730,18.2482910,109.4677730,18.2427980,109.4567820,18.2427980,109.4567820,18.2647710,109.4787600,18.2647710,109.4787600,18.2702640,109.4897460,18.2702640,109.4897460,18.2867430,109.5007320,18.2867430,109.5007320,18.2922360,109.5117190,18.2922360,109.5117190,18.2647710,109.5007320,18.2647710,109.5007320,18.2537840,109.4897460,18.2537840,109.4897460,18.2482910
40000175,16,109.4348140,18.2647710,109.4348140,18.3032230,109.4458010,18.3032230,109.4458010,18.3087160,109.4677730,18.3087160,109.4677730,18.3142090,109.4787600,18.3142090,109.4787600,18.3087160,109.4897460,18.3087160,109.4897460,18.2977290,109.5007320,18.2977290,109.5007320,18.2867430,109.4897460,18.2867430,109.4897460,18.2702640,109.4787600,18.2702640,109.4787600,18.2647710
40000192,19,109.1052250,18.6547850,109.1052250,18.6602780,109.1162110,18.6602780,109.1162110,18.6437990,109.1271970,18.6437990,109.1271970,18.6383060,109.1711430,18.6383060,109.1711430,18.6437990,109.1821290,18.6437990,109.1821290,18.6547850,109.1931150,18.6547850,109.1931150,18.6383060,109.1821290,18.6383060,109.1821290,18.6328120,109.1271970,18.6328120,109.1271970,18.6273190,109.1162110,18.6273190,109.1162110,18.6328120,109.1052250,18.6328120
40000213,14,109.6820150,18.2482910,109.6875000,18.2482910,109.6875000,18.2427980,109.6984860,18.2427980,109.6984860,18.2373050,109.7094730,18.2373050,109.7094730,18.2263180,109.7204590,18.2263180,109.7204590,18.2208250,109.7314450,18.2208250,109.7314450,18.1878660,109.7204590,18.1878660,109.7204590,18.1658940,109.6820150,18.1658940
40000212,5,109.4787600,18.2482910,109.4897460,18.2482910,109.4897460,18.2427980,109.4677730,18.2427980,109.4677730,18.2482910
40000194,8,109.4897460,18.2208250,109.4897460,18.2263180,109.5007320,18.2263180,109.5007320,18.2208250,109.5117190,18.2208250,109.5117190,18.2043460,109.4677730,18.2043460,109.4677730,18.2208250
40000203,4,109.4238280,18.2427980,109.4238280,18.2482910,109.4348140,18.2482910,109.4348140,18.2427980
40000191,4,109.4348140,18.2373050,109.4348140,18.2427980,109.4677730,18.2427980,109.4677730,18.2373050
40000238,9,109.9401860,18.4844970,109.9401860,18.4954830,109.9291990,18.4954830,109.9291990,18.4954860,109.9566730,18.4954860,109.9566730,18.4625240,109.9511720,18.4625240,109.9511720,18.4735110,109.9401860,18.4735110
40000202,5,109.9182130,18.5339360,109.9182130,18.5394290,109.9291990,18.5394290,109.9291990,18.4790040,109.9182130,18.4790040
40000237,4,109.9291990,18.5229490,109.9291990,18.5394290,109.9401860,18.5394290,109.9401860,18.5229490
40000263,12,109.9841370,18.4625240,109.9951170,18.4625240,109.9951170,18.4570310,110.0170900,18.4570310,110.0170900,18.4954860,110.0390620,18.4954860,110.0390620,18.4570310,110.0280760,18.4570310,110.0280760,18.4460450,110.0061040,18.4460450,110.0061040,18.4405520,109.9841370,18.4405520
40000200,5,109.1931150,18.6602780,109.1931150,18.6657710,109.2041020,18.6657710,109.2041020,18.6547850,109.1931150,18.6547850
40000180,5,109.0942380,18.7097170,109.0942380,18.7152100,109.1052250,18.7152100,109.1052250,18.6987300,109.0942380,18.6987300
40000262,4,109.1162110,18.7316890,109.1162110,18.7426760,109.1271970,18.7426760,109.1271970,18.7316890
40000233,18,109.1052250,18.6904940,109.1052250,18.7042240,109.1162110,18.7042240,109.1162110,18.7152100,109.1271970,18.7152100,109.1271970,18.7316890,109.1381840,18.7316890,109.1381840,18.7371830,109.1491700,18.7371830,109.1491700,18.7426760,109.1601560,18.7426760,109.1601560,18.7207030,109.1491700,18.7207030,109.1491700,18.7097170,109.1381840,18.7097170,109.1381840,18.6987300,109.1271970,18.6987300,109.1271970,18.6904940
40000210,5,109.1052250,18.7097170,109.1052250,18.7152100,109.1162110,18.7152100,109.1162110,18.7042240,109.1052250,18.7042240
40000182,5,109.2041020,18.6602780,109.2041020,18.6657710,109.2150880,18.6657710,109.2150880,18.6547850,109.2041020,18.6547850
40000176,18,109.4677670,18.3306880,109.4897460,18.3306880,109.4897460,18.3251950,109.5007320,18.3251950,109.5007320,18.3197020,109.5227050,18.3197020,109.5227050,18.2977290,109.5117190,18.2977290,109.5117190,18.3087160,109.5007320,18.3087160,109.5007320,18.3142090,109.4897460,18.3142090,109.4897460,18.3087160,109.4787600,18.3087160,109.4787600,18.3142090,109.4677730,18.3142090,109.4677730,18.3087160,109.4677670,18.3087160
40000209,14,109.9401860,18.5394290,109.9401860,18.5449220,109.9291990,18.5449220,109.9291990,18.5504150,109.9401860,18.5504150,109.9401860,18.5559080,109.9511720,18.5559080,109.9511720,18.5614010,109.9621580,18.5614010,109.9621580,18.5559080,109.9731460,18.5559080,109.9731460,18.5504150,109.9511720,18.5504150,109.9511720,18.5394290
40000269,17,109.4128420,18.2867430,109.4128420,18.3087160,109.4238280,18.3087160,109.4238280,18.3197020,109.4348140,18.3197020,109.4348140,18.3251950,109.4567870,18.3251950,109.4567870,18.3306880,109.4677670,18.3306880,109.4677670,18.3087160,109.4458010,18.3087160,109.4458010,18.3032230,109.4348140,18.3032230,109.4348140,18.2867430,109.4238280,18.2867430,109.4238280,18.2812500,109.4128420,18.2812500
40000235,12,110.0170900,18.4295650,110.0170900,18.4350590,109.9951210,18.4350590,109.9951210,18.4405520,110.0061040,18.4405520,110.0061040,18.4460450,110.0280760,18.4460450,110.0280760,18.4570310,110.0390620,18.4570310,110.0390620,18.4350590,110.0280760,18.4350590,110.0280760,18.4295650
40000226,16,109.4567820,18.2427980,109.4348140,18.2427980,109.4348140,18.2482910,109.4238280,18.2482910,109.4238280,18.2537840,109.4128420,18.2537840,109.4128420,18.2592770,109.4018550,18.2592770,109.4018550,18.2757570,109.4128420,18.2757570,109.4128420,18.2702640,109.4238280,18.2702640,109.4238280,18.2592770,109.4348140,18.2592770,109.4348140,18.2647710,109.4567820,18.2647710
40000251,5,109.2150880,18.6712650,109.2150880,18.6822510,109.2260740,18.6822510,109.2260740,18.6657710,109.2150880,18.6657710
40000274,5,109.5117190,18.2867430,109.5117190,18.2977290,109.5227050,18.2977290,109.5227050,18.2702640,109.5117190,18.2702640
40000168,9,109.4897460,18.3032230,109.4897460,18.3142090,109.5007320,18.3142090,109.5007320,18.3087160,109.5117190,18.3087160,109.5117190,18.2922360,109.5007320,18.2922360,109.5007320,18.2977290,109.4897460,18.2977290
40000196,5,109.0942380,18.6767580,109.0942380,18.6987300,109.1052250,18.6987300,109.1052250,18.6602780,109.0942380,18.6602780
40000204,8,109.3908690,18.2482910,109.3908690,18.2757570,109.4018550,18.2757570,109.4018550,18.2592770,109.4128420,18.2592770,109.4128420,18.2537840,109.4238280,18.2537840,109.4238280,18.2482910
40000245,13,109.7863770,19.6655270,109.7863770,19.6820070,109.7973630,19.6820070,109.7973630,19.6380620,109.7863770,19.6380620,109.7863770,19.6270750,109.7644040,19.6270750,109.7644040,19.6325680,109.7094730,19.6325680,109.7094730,19.6380620,109.7753910,19.6380620,109.7753910,19.6435550,109.7863770,19.6435550
40000183,12,109.7424320,19.6600340,109.7424320,19.6655270,109.7259610,19.6655270,109.7259610,19.7314450,109.7314450,19.7314450,109.7314450,19.7204590,109.7424320,19.7204590,109.7424320,19.7094730,109.7534180,19.7094730,109.7534180,19.6984860,109.7644040,19.6984860,109.7644040,19.6600340
40000188,4,109.6875000,19.6435550,109.6875000,19.6545410,109.6984860,19.6545410,109.6984860,19.6435550
40000224,5,109.6765140,19.6710210,109.6765140,19.6765140,109.6875000,19.6765140,109.6875000,19.6655270,109.6765140,19.6655270
40000189,4,109.6655270,19.6655270,109.6655270,19.6765140,109.6765140,19.6765140,109.6765140,19.6655270
40000256,5,109.6655270,19.6929930,109.6655270,19.6984860,109.6765140,19.6984860,109.6765140,19.6765140,109.6655270,19.6765140
40000265,4,109.7863770,19.6820070,109.7863770,19.6929930,109.7973630,19.6929930,109.7973630,19.6820070
40000266,5,109.7534180,19.7479250,109.7534180,19.7534180,109.7644040,19.7534180,109.7644040,19.7424320,109.7534180,19.7424320
40000179,4,109.6984860,19.6380620,109.6984860,19.6435550,109.7094730,19.6435550,109.7094730,19.6380620
40000223,4,109.7644040,19.7204590,109.7644040,19.7314450,109.7753910,19.7314450,109.7753910,19.7204590
40000244,10,109.7561720,19.7314450,109.7644040,19.7314450,109.7644040,19.7204590,109.7753910,19.7204590,109.7753910,19.7039790,109.7863770,19.7039790,109.7863770,19.6957440,109.7644040,19.6957440,109.7644040,19.6984860,109.7561720,19.6984860
40000259,14,109.7314500,19.6655270,109.7424320,19.6655270,109.7424320,19.6600340,109.7644040,19.6600340,109.7644040,19.6957440,109.7863770,19.6957440,109.7863770,19.6710210,109.7753910,19.6710210,109.7753910,19.6545410,109.7644040,19.6545410,109.7644040,19.6490480,109.7424320,19.6490480,109.7424320,19.6435550,109.7314500,19.6435550
40000195,14,109.7259570,19.7479250,109.7424320,19.7479250,109.7424320,19.7424320,109.7534180,19.7424320,109.7534180,19.7314450,109.7561720,19.7314450,109.7561720,19.6984860,109.7534180,19.6984860,109.7534180,19.7094730,109.7424320,19.7094730,109.7424320,19.7204590,109.7314450,19.7204590,109.7314450,19.7314450,109.7259570,19.7314450
40000207,17,109.7314450,19.7644040,109.7424320,19.7644040,109.7424320,19.7589110,109.6984860,19.7589110,109.6984860,19.7534180,109.6875000,19.7534180,109.6875000,19.7589110,109.6765140,19.7589110,109.6765140,19.7534180,109.6655270,19.7534180,109.6655270,19.7424320,109.6545410,19.7424320,109.6545410,19.7589110,109.6655270,19.7589110,109.6655270,19.7698970,109.6875000,19.7698970,109.6875000,19.7644040
40000178,4,109.6875000,19.6545410,109.6875000,19.6655270,109.6984860,19.6655270,109.6984860,19.6545410
40000227,19,109.7314450,19.7589110,109.7424320,19.7589110,109.7424320,19.7534180,109.7534180,19.7534180,109.7534180,19.7424320,109.7424320,19.7424320,109.7424320,19.7479250,109.6875000,19.7479250,109.6875000,19.7424320,109.6765140,19.7424320,109.6765140,19.7204590,109.6655270,19.7204590,109.6655270,19.7534180,109.6765140,19.7534180,109.6765140,19.7589110,109.6875000,19.7589110,109.6875000,19.7534180,109.6984860,19.7534180,109.6984860,19.7589110
40000221,5,109.7644040,19.7369380,109.7644040,19.7424320,109.7753910,19.7424320,109.7753910,19.7314450,109.7644040,19.7314450
40000246,5,109.6765140,19.6600340,109.6765140,19.6655270,109.6875000,19.6655270,109.6875000,19.6545410,109.6765140,19.6545410
40000208,14,109.7259610,19.6655270,109.7204590,19.6655270,109.7204590,19.6765140,109.7094730,19.6765140,109.7094730,19.6875000,109.6984860,19.6875000,109.6984860,19.6984860,109.6875000,19.6984860,109.6875000,19.7314450,109.6984860,19.7314450,109.6984860,19.7369380,109.7094730,19.7369380,109.7094730,19.7314450,109.7259610,19.7314450
40000268,18,109.7314450,19.6490480,109.7094730,19.6490480,109.7094730,19.6545410,109.6984860,19.6545410,109.6984860,19.6655270,109.6875000,19.6655270,109.6875000,19.6765140,109.6765140,19.6765140,109.6765140,19.6957440,109.6984860,19.6957440,109.6984860,19.6875000,109.7094730,19.6875000,109.7094730,19.6765140,109.7204590,19.6765140,109.7204590,19.6655270,109.7314500,19.6655270,109.7314500,19.6435550,109.7314450,19.6435550
40000205,19,109.6984860,19.6490480,109.6984860,19.6545410,109.7094730,19.6545410,109.7094730,19.6490480,109.7314450,19.6490480,109.7314450,19.6435550,109.7424320,19.6435550,109.7424320,19.6490480,109.7644040,19.6490480,109.7644040,19.6545410,109.7753910,19.6545410,109.7753910,19.6710210,109.7863770,19.6710210,109.7863770,19.6435550,109.7753910,19.6435550,109.7753910,19.6380620,109.7094730,19.6380620,109.7094730,19.6435550,109.6984860,19.6435550
40000217,6,108.8854980,19.4512940,108.8854980,19.4622800,108.8745120,19.4622800,108.8745120,19.4842530,108.9074710,19.4842530,108.9074710,19.4512940
40000249,4,109.7424320,19.7534180,109.7424320,19.7589110,109.7534180,19.7589110,109.7534180,19.7534180
40000216,5,109.7863770,19.7094730,109.7863770,19.7204590,109.7973630,19.7204590,109.7973630,19.6929930,109.7863770,19.6929930
40000169,5,109.7753910,19.7149660,109.7753910,19.7204590,109.7863770,19.7204590,109.7863770,19.7039790,109.7753910,19.7039790
40000258,18,109.6765140,19.6957440,109.6765140,19.6984860,109.6655270,19.6984860,109.6655270,19.7204590,109.6765140,19.7204590,109.6765140,19.7424320,109.6875000,19.7424320,109.6875000,19.7479250,109.7259570,19.7479250,109.7259570,19.7314450,109.7094730,19.7314450,109.7094730,19.7369380,109.6984860,19.7369380,109.6984860,19.7314450,109.6875000,19.7314450,109.6875000,19.6984860,109.6984860,19.6984860,109.6984860,19.6957440
40000231,5,109.6545410,19.7149660,109.6545410,19.7369380,109.6655270,19.7369380,109.6655270,19.6765140,109.6545410,19.6765140
40000243,4,109.7753910,19.7204590,109.7753910,19.7314450,109.7863770,19.7314450,109.7863770,19.7204590
40000214,4,109.7534180,19.7314450,109.7534180,19.7424320,109.7644040,19.7424320,109.7644040,19.7314450
322900,11,109.2571232,21.4677880,109.2237543,21.3895104,109.2975957,21.3740853,109.3026102,21.4624310,109.3277143,21.4715298,109.3413494,21.4822306,109.3515456,21.4958500,109.3659438,21.5398047,109.3650940,21.5704225,109.3581436,21.5857106,109.3329296,21.6088108
322901,11,109.3645645,21.6921926,109.2907066,21.7025553,109.2857447,21.6192556,109.2563891,21.6090086,109.2429855,21.5980450,109.2330926,21.5842289,109.2273839,21.5685025,109.2249293,21.5061384,109.2318994,21.4908595,109.2571232,21.4677880,109.3329296,21.6088108
1248500,11,108.3280088,22.6947718,108.2781512,22.7445811,108.2181259,22.6745778,108.1875022,22.6831709,108.1695569,22.6820064,108.1376442,22.6673040,108.1176790,22.6473331,108.0995714,22.6221717,108.0957264,22.6059574,108.1020094,22.5735602,108.2530092,22.6430343
1248501,11,108.1020094,22.5735602,108.0253254,22.5218905,108.0734807,22.4754150,108.1301392,22.5404142,108.1622015,22.5334993,108.1965094,22.5423944,108.2356733,22.5726835,108.2523168,22.5943749,108.2571981,22.6103497,108.2574348,22.6269465,108.2530092,22.6430343
410800,11,109.3773332,24.2844324,109.3523627,24.3660878,109.2853119,24.3385813,109.3353102,24.2669031,109.3174595,24.2415084,109.3138525,24.2252393,109.3207811,24.1929392,109.3341091,24.1712818,109.3546966,24.1470918,109.3703302,24.1386076,109.4060223,24.1338843
410801,11,109.4326821,24.0522236,109.4980184,24.0797505,109.4446859,24.1514174,109.4625233,24.1767888,109.4661419,24.1930555,109.4650219,24.2096223,109.4525660,24.2470360,109.4425798,24.2619606,109.4132622,24.2811686,109.3773332,24.2844324,109.4060223,24.1338843
163000,11,109.0703884,26.3038062,108.9787084,26.2738271,109.0165030,26.2170829,109.0914795,26.2704189,109.1199560,26.2565061,109.1382892,26.2542326,109.1566541,26.2562897,109.1954893,26.2692150,109.2208449,26.2899900,109.2289817,26.3048993,109.2312703,26.3377478
163001,11,109.3179488,26.3711512,109.2835039,26.4295831,109.2051214,26.3745877,109.1769632,26.3898304,109.1587285,26.3927786,109.1228281,26.3857779,109.0807165,26.3515813,109.0726069,26.3366586,109.0690848,26.3203633,109.0703884,26.3038062,109.2312703,26.3377478
4002557900,11,109.3724235,28.3962121,109.4291322,28.3529187,109.4819461,28.4258320,109.5014267,28.4200705,109.5387307,28.4226935,109.5555388,28.4302439,109.5875150,28.4595392,109.6045707,28.4904518,109.6014379,28.5232489,109.5927726,28.5379983,109.4470027,28.4524915
4002557901,11,109.5927726,28.5379983,109.6675183,28.5942698,109.6107079,28.6375700,109.5577520,28.5647097,109.5193284,28.5713155,109.5008507,28.5678287,109.4700205,28.5491216,109.4408071,28.5158399,109.4351009,28.5000172,109.4342500,28.4834358,109.4470027,28.4524915
145100,11,109.6402681,27.4016635,109.5702517,27.3417400,109.6303939,27.2987906,109.6753780,27.3737865,109.7102757,27.3723057,109.7279621,27.3776750,109.7434833,27.3869245,109.7741478,27.4177985,109.7882031,27.4457584,109.7890572,27.4623393,109.7850451,27.4785513
145101,11,109.8447534,27.5533194,109.7845656,27.5911987,109.7362277,27.5195307,109.7021573,27.5215876,109.6842974,27.5166254,109.6558327,27.4955110,109.6284516,27.4491833,109.6276193,27.4326015,109.6402681,27.4016635,109.7850451,27.4785513,109.7764386,27.4932893
733700,10,109.2369402,27.8484821,109.1619176,27.7917958,109.2203352,27.7487764,109.2719107,27.8170929,109.3081588,27.8109629,109.3265458,27.8142824,109.3573894,27.8326986,109.3913523,27.8763626,109.3945735,27.8927148,109.3928966,27.9092468
733701,12,109.4614146,27.9781765,109.4030058,28.0245587,109.3514226,27.9529071,109.3151758,27.9590204,109.2967654,27.9556956,109.2659021,27.9372594,109.2341399,27.8970827,109.2302090,27.8808522,109.2311648,27.8642755,109.2369402,27.8484821,109.3928966,27.9092468,109.3864336,27.9248316
809600,11,108.5903895,30.7154530,108.6179181,30.7756551,108.5212561,30.7939821,108.5198694,30.8118619,108.5025186,30.8412087,108.4878341,30.8520049,108.4470152,30.8675148,108.4118655,30.8707145,108.3932101,30.8663450,108.3629062,30.8461838,108.5003416,30.7570897
809601,11,108.3629062,30.8461838,108.2762807,30.8912147,108.2504470,30.8276345,108.3454428,30.8093069,108.3468529,30.7914251,108.3642278,30.7620927,108.3789072,30.7513052,108.4162887,30.7391614,108.4500051,30.7348051,108.4688755,30.7383302,108.5003416,30.7570897
265600,11,108.7752663,29.4597593,108.7202430,29.3864514,108.7906939,29.3572291,108.8190396,29.4389014,108.8548074,29.4434429,108.8712955,29.4517706,108.8942531,29.4779184,108.9108068,29.5250850,108.9084591,29.5415571,108.9012896,29.5569389,108.8897852,29.5701816
265601,11,108.9447491,29.6436001,108.8725890,29.6694136,108.8443047,29.5877710,108.8116159,29.5852893,108.7943847,29.5781516,108.7798678,29.5673770,108.7573975,29.5337151,108.7509005,29.5035571,108.7544887,29.4872554,108.7752663,29.4597593,108.8897852,29.5701816
14100,11,109.4504139,30.2510435,109.4170387,30.1694234,109.4943591,30.1591064,109.4977218,30.2474647,109.5278735,30.2593512,109.5414550,30.2710943,109.5560262,30.3015066,109.5593622,30.3215253,109.5572646,30.3513915,109.5370036,30.3792774,109.5213213,30.3888942
14101,11,109.5513156,30.4705473,109.4739914,30.4842442,109.4756557,30.3959081,109.4409542,30.3836825,109.4272218,30.3720572,109.4174481,30.3577608,109.4122978,30.3417687,109.4134392,30.2877638,109.4218706,30.2728478,109.4504139,30.2510435,109.5213213,30.3888942
4000154100,11,108.7883839,32.7846370,108.6887303,32.8058492,108.6808228,32.7401331,108.7835160,32.7441749,108.7896788,32.7268041,108.8147203,32.7015194,108.8514211,32.6901479,108.9011286,32.6883054,108.9365840,32.7021956,108.9499235,32.7144234,108.9590505,32.7291387
4000154101,11,109.0586738,32.7078565,109.0666241,32.7735710,108.9639538,32.7696809,108.9578355,32.7870127,108.9328177,32.8123308,108.8960800,32.8237333,108.8462778,32.8255613,108.8108005,32.8116216,108.7974773,32.7993702,108.7883839,32.7846370,108.9590505,32.7291387
777500,13,108.8531731,34.4663334,108.6685340,34.4152442,108.5818543,34.3686413,108.5958359,34.3546746,108.5901823,34.3519554,108.6434503,34.3004113,108.7117901,34.3670784,108.7439408,34.3577013,108.7640449,34.3579372,108.8006653,34.3709546,108.8357287,34.3959979,108.8534879,34.4176705,108.8585927,34.4337257
777501,13,108.8850521,34.5615391,108.8698400,34.5762521,108.8048585,34.5112536,108.7704762,34.5205868,108.7503558,34.5197624,108.7142634,34.5056644,108.6875981,34.4856644,108.6690587,34.4639058,108.6636765,34.4479119,108.6685340,34.4152442,108.8531731,34.4663334,108.9431509,34.5130341,108.8898886,34.5662557
3028602700,11,109.4638232,36.5589016,109.4512757,36.6447513,109.3718291,36.6275148,109.4149018,36.5482792,109.3969841,36.5372137,109.3769847,36.5084922,109.3745671,36.4920081,109.3775386,36.4755827,109.3955813,36.4312368,109.4249878,36.4083613,109.4646570,36.4003707
3028602701,11,109.4771715,36.3145095,109.5563312,36.3317415,109.5134883,36.4109929,109.5312898,36.4219610,109.5513820,36.4506305,109.5538691,36.4671078,109.5509684,36.4835413,109.5329794,36.5279871,109.5035640,36.5508929,109.4638232,36.5589016,109.4646570,36.4003707
703900,11,109.6026480,38.4343364,109.5693789,38.5242904,109.4517302,38.4867690,109.5250926,38.4169202,109.5049113,38.3895655,109.5019132,38.3731345,109.5044418,38.3566551,109.5222710,38.3213288,109.5409702,38.3009289,109.5582119,38.2913165,109.5990840,38.2839650
703901,11,109.6173432,38.1906769,109.7315990,38.2315792,109.6582427,38.3014311,109.6755988,38.3216292,109.6812364,38.3376275,109.6814042,38.3542252,109.6760871,38.3702913,109.6627093,38.3953755,109.6404406,38.4199601,109.6026480,38.4343364,109.5990840,38.2839650
304600,11,109.9383371,40.6229078,109.8617371,40.6862579,109.8084076,40.6329800,109.9034134,40.5879681,109.9002687,40.5571341,109.9067081,40.5412735,109.9183260,40.5272187,109.9592764,40.4992886,109.9917447,40.4874864,110.0134630,40.4858561,110.0548833,40.4953923
304601,11,110.1332616,40.4320755,110.1865899,40.4853506,110.0915920,40.5286812,110.0953636,40.5589482,110.0893689,40.5749096,110.0781359,40.5891476,110.0357086,40.6190541,110.0014587,40.6314561,109.9796672,40.6328728,109.9383371,40.6229078,110.0548833,40.4953923
72300,11,109.7931953,39.5512341,109.7099419,39.6095916,109.6601361,39.5528945,109.7634655,39.5179045,109.7604072,39.5011875,109.7630641,39.4847163,109.7711515,39.4693367,109.8010720,39.4458942,109.8678326,39.4220410,109.9099800,39.4268633,109.9284182,39.4353887
72301,11,110.0083621,39.3770745,110.0581909,39.4337796,109.9581995,39.4687633,109.9610374,39.4860660,109.9579814,39.5024959,109.9362152,39.5308028,109.9189846,39.5407482,109.8538899,39.5645917,109.8323619,39.5643255,109.7931953,39.5512341,109.9284182,39.4353887
40000177,4,110.0390620,18.4570310,110.0390620,18.5119630,110.0500490,18.5119630,110.0500490,18.4570310
40000241,5,110.0500490,18.4844970,110.0500490,18.5064700,110.0610350,18.5064700,110.0610350,18.4625240,110.0500490,18.4625240
40000229,18,109.9841310,18.5504150,109.9951170,18.5504150,109.9951170,18.5449220,110.0061040,18.5449220,110.0061040,18.5394290,110.0170900,18.5394290,110.0170900,18.5284420,110.0280760,18.5284420,110.0280760,18.5119630,110.0390620,18.5119630,110.0390620,18.4954860,110.0170900,18.4954860,110.0170900,18.5064700,110.0061040,18.5064700,110.0061040,18.5229490,109.9951170,18.5229490,109.9951170,18.5284420,109.9841310,18.5284420
40000232,5,110.0390620,18.5174560,110.0390620,18.5229490,110.0500490,18.5229490,110.0500490,18.5119630,110.0390620,18.5119630
40000201,5,110.0170900,18.5339360,110.0170900,18.5394290,110.0280760,18.5394290,110.0280760,18.5284420,110.0170900,18.5284420
40000236,5,110.0280760,18.5339360,110.0280760,18.5394290,110.0390620,18.5394290,110.0390620,18.5284420,110.0280760,18.5284420
40000228,5,110.0280760,18.5229490,110.0280760,18.5284420,110.0390620,18.5284420,110.0390620,18.5119630,110.0280760,18.5119630
40000193,4,110.0170900,18.5394290,110.0170900,18.5504150,110.0280760,18.5504150,110.0280760,18.5394290
40045189,6,110.9266675,19.6019466,110.9213893,19.6019452,110.9219466,19.6030535,110.9394450,19.6030577,110.9394462,19.5969426,110.9266700,19.5908348
40045151,10,110.9244487,19.6269453,110.9236128,19.6236112,110.9236116,19.6188901,110.9230533,19.6163914,110.9199985,19.6163871,110.9197252,19.6188851,110.9158297,19.6169445,110.9147180,19.6224994,110.9194399,19.6225032,110.9211159,19.6275020
40000171,4,110.3027340,19.9786380,110.3027340,19.9951170,110.3247070,19.9951170,110.3247070,19.9786380
40000225,14,110.9399410,19.5996090,110.9399410,19.6435550,110.9289550,19.6435550,110.9289550,19.6600340,110.9509280,19.6600340,110.9509280,19.6490480,110.9619140,19.6490480,110.9619140,19.6270750,110.9729000,19.6270750,110.9729000,19.6105960,110.9619140,19.6105960,110.9619140,19.6051030,110.9509280,19.6051030,110.9509280,19.5996090
3322200,11,110.4338732,19.2194819,110.4022189,19.2994794,110.3386694,19.2634194,110.3953399,19.1951229,110.3816935,19.1712277,110.3790927,19.1548123,110.3875135,19.1228757,110.4025080,19.0978855,110.4238802,19.0763818,110.4396804,19.0691353,110.4744425,19.0671867
3322201,11,110.5044137,18.9838696,110.5696598,19.0198874,110.5129878,19.0848378,110.5294533,19.1141195,110.5281597,19.1470092,110.5208370,19.1620974,110.5058308,19.1854394,110.4842051,19.2090311,110.4514331,19.2202360,110.4338732,19.2194819,110.4744425,19.0671867
133600,10,110.3758547,19.9543159,110.2859090,19.9693717,110.2859021,19.8989664,110.3759083,19.9122957,110.3946202,19.8854604,110.4091420,19.8760261,110.4433550,19.8691009,110.4942209,19.8710868,110.5246865,19.8872856,110.5424647,19.9156368
133601,12,110.6324529,19.9023142,110.6324679,19.9676757,110.5424514,19.9576870,110.5237614,19.9845195,110.5092361,19.9939626,110.4926037,19.9995496,110.4399769,20.0008991,110.4077280,19.9926665,110.3936230,19.9826767,110.3827518,19.9695958,110.3758547,19.9543159,110.5424647,19.9156368
4000217200,11,110.5709730,21.5611607,110.5368026,21.6415468,110.4752732,21.6085242,110.5330732,21.5408108,110.5211798,21.5264468,110.5145241,21.5110467,110.5123803,21.4945687,110.5218899,21.4628682,110.5503420,21.4218247,110.5812060,21.4057740,110.6165536,21.4062334
4000217201,11,110.6506688,21.3258301,110.7120959,21.3588487,110.6544345,21.4265872,110.6662964,21.4408896,110.6729777,21.4562789,110.6751527,21.4727533,110.6657021,21.5044693,110.6372463,21.5455629,110.6063584,21.5616231,110.5709730,21.5611607,110.6165536,21.4062334
4000011600,11,110.1839661,22.4830459,110.2475959,22.5464477,110.1885837,22.5837644,110.1475929,22.5060605,110.1284172,22.5098316,110.0934675,22.5034493,110.0666619,22.4817732,110.0431524,22.4457441,110.0397138,22.4294530,110.0409541,22.4128945,110.0568143,22.3834291
4000011601,11,109.9933030,22.3200256,110.0522222,22.2827139,110.0931248,22.3604475,110.1122426,22.3566794,110.1471613,22.3630337,110.1739739,22.3846782,110.1975357,22.4207129,110.2010012,22.4369991,110.1997885,22.4535595,110.1839661,22.4830459,110.0568143,22.3834291
3028602400,11,111.1692474,23.4459880,111.2408088,23.5022625,111.1864129,23.5455599,111.1357166,23.4726928,111.1170025,23.4784625,111.0812362,23.4758121,111.0517134,23.4571079,111.0234353,23.4235111,111.0179678,23.4076893,111.0171496,23.3911081,111.0293568,23.3601618
3028602401,11,110.9579226,23.3038813,111.0122408,23.2605892,111.0628287,23.3334984,111.0814915,23.3277363,111.1172199,23.3303635,111.1467381,23.3490363,111.1750629,23.3826304,111.1805574,23.3984439,111.1814059,23.4150239,111.1692474,23.4459880,111.0293568,23.3601618
3028602600,11,110.7001718,26.8621045,110.7575867,26.9317691,110.6920995,26.9626571,110.6598108,26.8811565,110.6395893,26.8828908,110.6044398,26.8728778,110.5796225,26.8485249,110.5603579,26.8108258,110.5588950,26.7942790,110.5622793,26.7779581,110.5823458,26.7503497
3028602601,11,110.5250718,26.6806871,110.5904192,26.6498044,110.6226212,26.7313300,110.6427598,26.7295923,110.6778792,26.7395652,110.7027203,26.7638793,110.7220576,26.8015961,110.7235548,26.8181405,110.7202025,26.8344669,110.7001718,26.8621045,110.5823458,26.7503497
386600,11,111.5939451,26.2658427,111.5922957,26.1774859,111.6645343,26.1843491,111.6428788,26.2676979,111.6710519,26.2878752,111.6800740,26.3023692,111.6846059,26.3184627,111.6843370,26.3350592,111.6679762,26.3883843,111.6416396,26.4113351,111.6244203,26.4174731
386601,11,111.6277027,26.5058518,111.5537651,26.4956031,111.5754590,26.4156445,111.5509726,26.3982537,111.5413285,26.3840808,111.5361098,26.3681547,111.5390020,26.3215743,111.5496144,26.2939172,111.5614580,26.2811602,111.5939451,26.2658427,111.6244203,26.4174731
178100,11,111.5953645,28.8494949,111.5603294,28.7745402,111.6376615,28.7590919,111.6425667,28.8423517,111.6769458,28.8518515,111.6915955,28.8623812,111.7093182,28.8914052,111.7160073,28.9181561,111.7150118,28.9467750,111.6963398,28.9753465,111.6813334,28.9855039
178101,11,111.7196809,29.0637781,111.6440521,29.0792815,111.6340412,28.9976058,111.6005159,28.9854206,111.5869912,28.9737792,111.5723199,28.9434734,111.5633294,28.9065544,111.5645486,28.8899905,111.5706216,28.8742671,111.5953645,28.8494949,111.6813334,28.9855039
902400,11,111.4334916,30.6229068,111.3718531,30.6879155,111.3185717,30.6380596,111.4002306,30.5897613,111.3935067,30.5599996,111.3969488,30.5436682,111.4051796,30.5286601,111.4376252,30.4993393,111.4669968,30.4850796,111.4860355,30.4825677,111.5231287,30.4904080
902401,11,111.5847750,30.4254227,111.6414403,30.4718768,111.5564333,30.5202463,111.5631629,30.5499566,111.5597394,30.5662909,111.5515208,30.5813053,111.5223873,30.6106512,111.5073498,30.6211759,111.4706905,30.6305618,111.4334916,30.6229068,111.5231287,30.4904080
77300,11,110.3505639,29.1057754,110.2521932,29.0941031,110.2745061,29.0321507,110.3644822,29.0621584,110.3867794,29.0442723,110.4042498,29.0377753,110.4230471,29.0354504,110.4735699,29.0424581,110.5066685,29.0580897,110.5186559,29.0709629,110.5294462,29.1024956
77301,11,110.6277906,29.1108787,110.6088676,29.1761694,110.5172002,29.1395030,110.4946591,29.1592092,110.4774137,29.1661888,110.4586857,29.1690304,110.4080968,29.1625419,110.3762111,29.1489751,110.3633930,29.1367209,110.3505639,29.1057754,110.5294462,29.1024956
3321800,11,110.3356768,31.5507344,110.3490505,31.4657026,110.4230198,31.4794965,110.3863917,31.5612437,110.4092571,31.5806156,110.4175512,31.5956351,110.4210007,31.6119712,110.4193683,31.6285111,110.4040341,31.6702746,110.3778458,31.6944942,110.3409255,31.7043171
3321801,11,110.3309591,31.7876261,110.2536101,31.7704347,110.2936306,31.6938103,110.2676509,31.6698583,110.2608704,31.6542957,110.2590544,31.6377696,110.2689757,31.5964486,110.2844868,31.5723125,110.2991192,31.5613550,110.3356768,31.5507344,110.3409255,31.7043171
3322000,11,110.8584510,32.6562411,110.7901166,32.7212552,110.7402162,32.6696928,110.8235498,32.6263610,110.8180144,32.6099933,110.8226342,32.5773118,110.8322694,32.5628353,110.8676389,32.5359840,110.8995662,32.5224178,110.9191590,32.5208130,110.9565012,32.5304007
3322001,11,111.0215643,32.4654106,111.0714461,32.5169802,110.9864533,32.5602913,110.9940601,32.5917940,110.9904219,32.6081068,110.9690544,32.6356631,110.9440074,32.6523643,110.9155442,32.6638436,110.8959364,32.6655850,110.8584510,32.6562411,110.9565012,32.5304007
3320200,11,111.6527591,36.2109052,111.6494472,36.2942161,111.5669401,36.2855691,111.5985890,36.2005373,111.5714190,36.1807385,111.5620918,36.1659462,111.5578274,36.1497090,111.5589134,36.1331340,111.5810707,36.0829759,111.5951573,36.0708978,111.6322925,36.0574028
3320201,11,111.6322285,35.9741136,111.7147169,35.9827573,111.6814145,36.0678062,111.7085030,36.0875435,111.7178516,36.1023231,111.7221500,36.1185540,111.7194313,36.1551510,111.7144408,36.1713503,111.6901746,36.1978008,111.6527591,36.2109052,111.6322925,36.0574028
892300,11,110.8270823,35.1161362,110.8446824,35.0485477,110.9430911,35.0791264,110.9551830,35.0650289,110.9892203,35.0475101,111.0293929,35.0462574,111.0877712,35.0585500,111.1177887,35.0804507,111.1266160,35.0953949,111.1304176,35.1116991,110.9321556,35.1211097
892301,11,111.1304176,35.1116991,111.2355778,35.1166189,111.2180228,35.1842104,111.1194946,35.1537821,111.1074242,35.1678709,111.0733533,35.1854115,111.0331121,35.1866654,110.9746832,35.1743400,110.9446902,35.1523852,110.9359042,35.1374223,110.9321556,35.1211097
3335800,11,111.1295565,37.6058706,111.1276218,37.5194327,111.2101598,37.5279340,111.1804588,37.6111106,111.2002547,37.6200582,111.2253482,37.6462939,111.2306511,37.6623524,111.2305242,37.6789504,111.2208233,37.7196332,111.1950968,37.7455032,111.1564465,37.7577235
3335801,11,111.1584033,37.8441587,111.0755467,37.8356548,111.1054283,37.7524848,111.0854911,37.7434509,111.0604723,37.7171508,111.0552379,37.7010775,111.0554407,37.6844800,111.0652183,37.6438971,111.0909639,37.6180610,111.1295565,37.6058706,111.1564465,37.7577235
40002372,4,111.3361062,40.1798081,111.3361025,40.2080616,111.3816454,40.2079938,111.3816485,40.1797397
139800,11,111.7169913,40.8456832,111.6053630,40.8357826,111.6345362,40.7671243,111.7361482,40.8054703,111.7629745,40.7885979,111.7835410,40.7828523,111.8053690,40.7813288,111.8686776,40.7908060,111.9026481,40.8060908,111.9162052,40.8191377,111.9279702,40.8508236
139801,11,112.0430334,40.8659477,112.0138507,40.9278635,111.9121930,40.8911945,111.8819972,40.9123362,111.8615096,40.9183203,111.8179671,40.9175227,111.7586113,40.9009301,111.7412666,40.8907514,111.7280034,40.8775245,111.7169913,40.8456832,111.9279702,40.8508236
3277300,11,112.0028086,43.4678360,111.8994921,43.5095373,111.8702477,43.4459428,111.9852183,43.4309747,111.9927150,43.4026641,112.0046450,43.3885095,112.0212042,43.3770787,112.0762440,43.3574881,112.1166885,43.3537327,112.1388685,43.3576590,112.1754201,43.3770800
3277301,11,112.2754536,43.3387849,112.3080752,43.4024001,112.1930873,43.4173880,112.1856649,43.4456047,112.1737600,43.4597755,112.1371202,43.4791701,112.1020999,43.4875093,112.0616038,43.4912458,112.0393804,43.4873030,112.0028086,43.4678360,112.1754201,43.3770800
40045081,4,113.5694355,22.1874384,113.5826010,22.1912665,113.6135451,22.1112642,113.5995780,22.1072110
872400,13,113.8127316,22.5588673,113.7922505,22.7194689,113.7656412,22.7977783,113.7510334,22.7908579,113.7472953,22.8027844,113.6819793,22.7684955,113.7336533,22.7018712,113.7171057,22.6744530,113.7148141,22.6579900,113.7172179,22.6415407,113.7408046,22.5929146,113.7615348,22.5703989,113.7773009,22.5624279
872401,13,113.8552816,22.4851629,113.8577210,22.4788752,113.9213519,22.5115071,113.8696753,22.5797768,113.8852258,22.6053644,113.8878711,22.6217820,113.8858230,22.6382722,113.8641955,22.6837528,113.8433405,22.7073400,113.8276705,22.7154980,113.7922505,22.7194689,113.8127316,22.5588673,113.8393715,22.4772162
40002466,7,113.8525915,22.2559804,113.8532228,22.2555862,113.8533397,22.2555859,113.8534694,22.2557686,113.8534963,22.2561047,113.8533788,22.2562386,113.8526378,22.2560761
884100,10,113.2986714,21.9668413,113.2253314,21.9152252,113.2768950,21.8670922,113.3352552,21.9337634,113.3666694,21.9283934,113.4004093,21.9385756,113.4506039,21.9862323,113.4601695,22.0179273,113.4580291,22.0344065,113.4513594,22.0498105
884101,12,113.5263457,22.1014914,113.4764716,22.1462460,113.4197830,22.0795762,113.3902487,22.0844943,113.3726060,22.0816257,113.3563670,22.0746219,113.3126374,22.0406266,113.2953366,22.0154066,113.2918116,21.9991333,113.2929496,21.9825686,113.2986714,21.9668413,113.4513594,22.0498105
40002459,4,113.9312338,22.2998960,113.9313608,22.2995548,113.9317477,22.2996788,113.9316206,22.3000205
4000220000,4,113.8700567,22.2928166,113.9584142,22.3215329,113.9622817,22.3113514,113.8739209,22.2826343
4000220001,4,113.8685380,22.3072530,113.9553070,22.3351100,113.9591330,22.3249150,113.8723610,22.2970570
960003605,6,113.9374898,22.5795314,113.9374908,22.5811632,113.9393458,22.5811681,113.9392823,22.5811091,113.9375486,22.5811114,113.9375533,22.5795904
960003606,6,113.9393458,22.5811681,113.9393448,22.5795364,113.9374898,22.5795314,113.9375533,22.5795904,113.9392814,22.5795936,113.9392823,22.5811091
960003791,4,113.9395301,22.5865831,113.9395301,22.5864285,113.9396780,22.5864236,113.9396781,22.5865783
4000174600,11,113.3976736,25.0499929,113.3602051,25.1294879,113.2980458,25.0949312,113.3593901,25.0286988,113.3476132,25.0140366,113.3412453,24.9984739,113.3395397,24.9819478,113.3502476,24.9504994,113.3743046,24.9195783,113.4064521,24.9043095,113.4427086,24.9056562
4000174601,11,113.4801052,24.8261377,113.5421503,24.8606889,113.4809751,24.9269558,113.4927197,24.9415460,113.4991201,24.9570967,113.5008641,24.9736195,113.4902259,25.0050878,113.4661496,25.0360688,113.4339727,25.0513463,113.3976736,25.0499929,113.4427086,24.9056562
164800,13,113.3562713,23.4588318,113.2437537,23.3211643,113.2070502,23.2428916,113.2331046,23.2368340,113.2320660,23.2345215,113.3059193,23.2207332,113.3125365,23.3040268,113.3446978,23.3143889,113.3583239,23.3252942,113.3684143,23.3390658,113.3859517,23.3864529,113.3871284,23.4192511,113.3807726,23.4347910
164801,14,113.3854052,23.5365559,113.3879242,23.5421728,113.3174462,23.5559612,113.3171631,23.5530709,113.2923977,23.5575884,113.2874850,23.4743232,113.2532624,23.4647699,113.2392785,23.4542369,113.2223797,23.4252051,113.2149807,23.3620327,113.2205328,23.3462365,113.2437537,23.3211643,113.3562713,23.4588318,113.3896256,23.5354261
865200,11,113.0290778,23.0129744,112.9950177,22.9331402,113.0721842,22.9175275,113.0776108,23.0031639,113.1109551,23.0136789,113.1245278,23.0246084,113.1345666,23.0383978,113.1472715,23.0828665,113.1465057,23.1153182,113.1392993,23.1305359,113.1135348,23.1533822
865201,11,113.1476732,23.2332259,113.0703566,23.2488404,113.0649257,23.1632077,113.0314965,23.1526494,113.0179298,23.1417000,113.0021181,23.1121740,112.9952771,23.0834736,112.9960856,23.0510043,113.0033093,23.0357952,113.0290778,23.0129744,113.1135348,23.1533822
960003145,4,113.6742532,23.2867928,113.6742510,23.2870745,113.6740492,23.2870747,113.6740567,23.2868323
4000160600,11,112.9308499,25.7605944,113.0247085,25.7788205,112.9988981,25.8406483,112.9149340,25.7987332,112.9012385,25.8119714,112.8677974,25.8252772,112.8314454,25.8217402,112.7883956,25.8045782,112.7656267,25.7788304,112.7605398,25.7628768,112.7602118,25.7462812
4000160601,11,112.6664396,25.7280203,112.6922559,25.6661965,112.7761133,25.7082097,112.7898083,25.6949761,112.8232167,25.6816782,112.8595268,25.6852066,112.9025630,25.7023419,112.9253661,25.7280547,112.9304856,25.7439994,112.9308499,25.7605944,112.7602118,25.7462812
150900,11,112.5486113,26.6767045,112.4785964,26.6217704,112.5336582,26.5787749,112.5854022,26.6504600,112.6183807,26.6471197,112.6363592,26.6512791,112.6525226,26.6594538,112.6824630,26.6911166,112.6964334,26.7190683,112.6972876,26.7356490,112.6847614,26.7666025
150901,11,112.7580729,26.8215655,112.6996476,26.8645525,112.6513018,26.7928829,112.6323199,26.7969112,112.5959554,26.7914732,112.5801910,26.7826720,112.5508768,26.7522246,112.5368992,26.7242300,112.5360625,26.7076486,112.5486113,26.6767045,112.6847614,26.7666025
205300,13,113.1945772,28.0310860,113.1938877,28.0258785,113.2728611,28.0293118,113.2512162,28.1160075,113.2790471,28.1337284,113.2892736,28.1476634,113.2950635,28.1634571,113.2943530,28.2117032,113.2848211,28.2427127,113.2734047,28.2559174,113.2411077,28.2724715,113.2527939,28.3557753,113.2494350,28.3556287
205301,18,113.2494552,28.3557814,113.1704701,28.3523568,113.1921479,28.2673703,113.1628723,28.2482765,113.1530678,28.2341027,113.1473188,28.2015824,113.1489806,28.1749650,113.1506542,28.1700724,113.1506496,28.1699296,113.1511915,28.1685019,113.1584710,28.1472221,113.1598863,28.1455927,113.1609448,28.1428037,113.1727891,28.1299037,113.2019941,28.1159098,113.1905257,28.0309111,113.1945772,28.0310860,113.2494350,28.3556287
4000002300,11,113.2584352,29.2388565,113.2441346,29.1533209,113.3197796,29.1534595,113.3050790,29.2389442,113.3242038,29.2458418,113.3505943,29.2693606,113.3576915,29.2847611,113.3599783,29.3012391,113.3571572,29.3424758,113.3377707,29.3707198,113.3047676,29.3867249
4000002301,11,113.3191197,29.4722634,113.2432602,29.4721248,113.2580354,29.3866418,113.2388084,29.3796935,113.2124495,29.3561234,113.2053918,29.3407074,113.2031531,29.3242243,113.2060408,29.2830533,113.2254567,29.2548334,113.2584352,29.2388565,113.3047676,29.3867249
4000160200,11,112.4748835,30.3665987,112.4929847,30.4516257,112.4164186,30.4538952,112.4277154,30.3680006,112.4080168,30.3616672,112.3804199,30.3389497,112.3726466,30.3237678,112.3696921,30.3073667,112.3708168,30.2647589,112.3892221,30.2359414,112.4218296,30.2189279
4000160201,11,112.4037937,30.1339051,112.4801338,30.1316361,112.4689013,30.2175324,112.4884905,30.2238167,112.5161146,30.2464801,112.5239271,30.2616446,112.5269311,30.2780388,112.5258826,30.3207124,112.5075129,30.3495545,112.4748835,30.3665987,112.4218296,30.2189279
776100,11,112.3629902,32.3005777,112.2822431,32.3091913,112.2822794,32.2242223,112.2491942,32.2139217,112.2344524,32.2029709,112.2235661,32.1891639,112.2122845,32.1501420,112.2143744,32.1223826,112.2222765,32.1071936,112.2503503,32.0844428,112.3313653,32.2188651
776101,11,112.2503503,32.0844428,112.2186482,32.0028127,112.2993718,31.9891003,112.3027401,32.0774628,112.3325701,32.0883853,112.3468137,32.0997824,112.3570933,32.1139133,112.3693805,32.1515160,112.3675380,32.1810336,112.3595707,32.1962005,112.3313653,32.2188651
430300,11,112.5418633,32.9400737,112.4601841,32.8885209,112.5202980,32.8404328,112.5752985,32.9120995,112.6114663,32.9078474,112.6306937,32.9117123,112.6480773,32.9196209,112.6841219,32.9510576,112.6994684,32.9747543,112.7024884,32.9911581,112.6931781,33.0231311
430301,11,112.7748222,33.0764970,112.7130120,33.1245633,112.6580203,33.0512314,112.6257208,33.0567286,112.6061389,33.0542515,112.5879916,33.0476083,112.5492061,33.0172713,112.5313332,32.9879286,112.5297681,32.9713824,112.5418633,32.9400737,112.6931781,33.0231311
179100,13,114.0138751,34.4453287,113.6828836,34.6059431,113.6746179,34.6095525,113.6436970,34.5493417,113.7470494,34.5276505,113.7536085,34.5011149,113.7640720,34.4869329,113.7786286,34.4754646,113.8279126,34.4525036,113.8673679,34.4480327,113.8868440,34.4522239,113.9186773,34.4720821,114.0053721,34.4287789
179101,13,114.0236620,34.4404371,114.0546233,34.5023413,113.9562789,34.5256892,113.9497747,34.5521525,113.9393312,34.5663487,113.9247782,34.5778337,113.8687441,34.6008333,113.8350487,34.6042269,113.8154189,34.6004275,113.7829712,34.5811997,113.6929749,34.6245574,113.6828836,34.6059431,114.0138751,34.4453287
408900,12,112.5811657,34.7475161,112.5639404,34.8111562,112.4689507,34.7778191,112.4433373,34.7985625,112.4248216,34.8052218,112.4048361,34.8077159,112.3547467,34.8025416,112.3196213,34.7868821,112.3068949,34.7739887,112.2986683,34.7588285,112.2955002,34.7424357,112.4778078,34.7374508
408901,10,112.2955002,34.7424357,112.1921955,34.7375098,112.2127940,34.6688217,112.3077766,34.7021604,112.3334006,34.6814225,112.3518938,34.6747731,112.3919061,34.6741223,112.4493349,34.6947849,112.4730062,34.7213285,112.4778078,34.7374508
183100,11,113.0874740,36.1764552,113.0569410,36.0937684,113.1396256,36.0843264,113.1386670,36.1706192,113.1598220,36.1750632,113.1921528,36.1951206,113.2077410,36.2255351,113.2124539,36.2682496,113.2072239,36.2843034,113.1970148,36.2987183,113.1647287,36.3188759
183101,11,113.1953898,36.4015721,113.1124070,36.4110165,113.1133957,36.3247277,113.0920891,36.3202359,113.0597731,36.3001088,113.0495428,36.2857035,113.0442895,36.2696547,113.0396915,36.2270119,113.0551972,36.1965699,113.0874740,36.1764552,113.1647287,36.3188759
3324800,11,113.1729897,38.6159480,113.1437815,38.6778761,113.0471105,38.6412104,113.0168832,38.6594672,112.9965155,38.6642172,112.9752665,38.6646853,112.9262786,38.6558467,112.8897584,38.6368543,112.8781262,38.6229645,112.8703155,38.5906229,113.0663350,38.6009038
3324801,11,112.8703155,38.5906229,112.7670086,38.5773827,112.7928417,38.5171345,112.8878638,38.5554623,112.9198427,38.5354802,112.9401815,38.5307500,112.9613914,38.5302951,113.0103880,38.5391534,113.0437187,38.5555657,113.0562859,38.5689425,113.0663350,38.6009038
771200,11,112.5666752,37.8079081,112.4933910,37.8712582,112.4418033,37.8179808,112.5351368,37.7763160,112.5308520,37.7442398,112.5366950,37.7282978,112.5626828,37.7025956,112.5993319,37.6826059,112.6336783,37.6718307,112.6546459,37.6715859,112.6933003,37.6837215
771201,11,112.7682892,37.6220748,112.8198662,37.6736696,112.7248392,37.7170744,112.7266347,37.7444305,112.7205076,37.7603060,112.6940341,37.7857096,112.6606835,37.8057191,112.6270198,37.8176753,112.6060460,37.8186694,112.5666752,37.8079081,112.6933003,37.6837215
49700,9,113.4268411,40.1262340,113.3551942,40.1945836,113.2933979,40.1413747,113.3900714,40.0946901,113.3836860,40.0688509,113.3957006,40.0372494,113.4358874,40.0059940,113.4717209,39.9898641,113.5146725,39.9893106
49701,13,113.6064876,39.9320818,113.6649407,39.9802612,113.5716133,40.0269096,113.5777813,40.0431127,113.5782068,40.0597077,113.5625266,40.0903552,113.5474838,40.1023170,113.5207794,40.1206735,113.4899296,40.1326649,113.4684013,40.1348083,113.4268411,40.1262340,113.5146725,39.9893106,113.5348278,39.9953982
4004502600,11,112.5956610,39.2521141,112.4927427,39.2187694,112.5368032,39.1622206,112.6227978,39.2173122,112.6415697,39.2065471,112.6828953,39.1989505,112.7040423,39.2015858,112.7493472,39.2203947,112.7800441,39.2451626,112.7897361,39.2772082,112.7862637,39.2935874
4004502601,11,112.8894172,39.3268900,112.8453094,39.3834480,112.7590576,39.3284953,112.7201848,39.3451841,112.6988324,39.3468690,112.6580690,39.3374147,112.6141386,39.3140667,112.6016813,39.3005540,112.5941722,39.2850064,112.5956610,39.2521141,112.7862637,39.2935874
3324600,11,113.0021080,41.1391419,112.8887985,41.1392088,112.9008617,41.0755635,113.0125390,41.1005590,113.0404200,41.0760632,113.0600043,41.0684791,113.0815221,41.0649710,113.1351684,41.0691097,113.1727265,41.0798720,113.1890723,41.0909944,113.2078334,41.1207164
3324601,11,113.3211209,41.1173995,113.3091223,41.1844436,113.2024697,41.1627711,113.1749998,41.1850903,113.1551470,41.1923220,113.1334810,41.1954365,113.0764747,41.1908876,113.0372224,41.1799982,113.0208578,41.1688729,113.0021080,41.1391419,113.2078334,41.1207164
960001819,4,115.3042187,20.4836351,115.3042306,20.4810331,115.3069839,20.4810220,115.3069839,20.4836351
960002985,4,115.3201979,20.4832104,115.3201550,20.4815772,115.3230438,20.4815898,115.3230196,20.4832155
40002437,6,114.1672038,22.2781070,114.1683657,22.2780226,114.1689587,22.2793106,114.1689239,22.2793729,114.1680633,22.2795236,114.1672258,22.2785251
40002443,6,114.1939271,22.2902956,114.1940179,22.2900313,114.1941479,22.2899951,114.1944830,22.2903681,114.1942942,22.2905486,114.1940776,22.2904641
40002482,8,114.1069259,22.4246797,114.1074731,22.4233604,114.1076122,22.4231818,114.1086438,22.4220399,114.1096572,22.4211926,114.1122755,22.4238547,114.1089841,22.4263979,114.1081822,22.4266122
40002470,5,114.1401222,22.2837005,114.1405406,22.2836250,114.1404777,22.2838624,114.1403540,22.2840012,114.1401889,22.2840140
40002440,7,114.1575258,22.2798335,114.1588363,22.2786128,114.1595497,22.2782153,114.1597005,22.2783438,114.1594471,22.2795810,114.1586632,22.2799145,114.1579132,22.2801103
40042629,19,114.2068000,22.2720930,114.2062700,22.2739970,114.2034360,22.2746330,114.2001510,22.2734270,114.2001250,22.2714060,114.2011490,22.2706990,114.2011610,22.2699140,114.2006230,22.2694890,114.1994740,22.2700570,114.1988060,22.2696630,114.2002060,22.2686370,114.2000410,22.2683750,114.2028210,22.2672410,114.2047890,22.2676080,114.2054920,22.2688020,114.2069210,22.2685320,114.2073040,22.2702810,114.2067910,22.2703380,114.2072380,22.2705190
40002460,7,114.0765065,22.4848680,114.0766144,22.4846028,114.0766949,22.4845927,114.0772197,22.4847978,114.0773694,22.4849569,114.0773662,22.4850514,114.0771654,22.4851405
40002445,4,114.1541601,22.3222965,114.1544640,22.3218032,114.1549698,22.3220724,114.1549008,22.3231239
40002463,6,114.0785008,22.4892053,114.0827477,22.4880012,114.0825203,22.4920170,114.0813955,22.4924019,114.0810162,22.4924162,114.0803433,22.4920659
40042616,19,114.1233246,22.3708940,114.1233084,22.3712223,114.1232555,22.3715614,114.1230007,22.3713990,114.1229583,22.3713599,114.1228907,22.3713539,114.1227582,22.3714359,114.1227205,22.3714795,114.1227684,22.3715099,114.1227186,22.3715738,114.1225021,22.3714305,114.1223907,22.3713465,114.1222729,22.3712439,114.1221140,22.3710740,114.1222677,22.3710134,114.1225040,22.3709378,114.1227191,22.3708865,114.1229101,22.3708536,114.1232834,22.3708235
40002496,4,114.1741100,22.2851300,114.1743500,22.2843500,114.1746600,22.2843900,114.1744000,22.2851800
40002455,8,114.1654786,22.2763824,114.1656574,22.2761842,114.1659739,22.2760090,114.1661769,22.2760276,114.1669243,22.2763071,114.1676693,22.2773785,114.1673874,22.2777107,114.1672108,22.2777664
40002447,7,114.1610082,22.2755311,114.1612903,22.2753905,114.1614258,22.2754030,114.1618112,22.2756855,114.1617675,22.2759489,114.1616644,22.2759748,114.1610439,22.2757875
40002456,8,114.1624361,22.2819013,114.1627809,22.2815617,114.1642094,22.2808293,114.1643129,22.2809095,114.1646790,22.2821249,114.1643670,22.2822663,114.1627314,22.2826816,114.1626517,22.2826234
40002458,5,114.1790974,22.3351595,114.1813157,22.3350507,114.1816639,22.3389830,114.1794730,22.3390134,114.1793607,22.3389472
40042599,19,114.1828840,22.2821840,114.1830690,22.2822350,114.1829450,22.2825250,114.1831340,22.2835530,114.1830220,22.2835860,114.1828640,22.2833410,114.1826760,22.2831140,114.1824230,22.2828700,114.1824180,22.2828330,114.1823090,22.2827720,114.1820600,22.2825370,114.1819910,22.2824260,114.1819730,22.2823430,114.1819880,22.2822160,114.1820620,22.2821170,114.1821300,22.2820670,114.1821500,22.2821350,114.1823590,22.2820820,114.1824450,22.2820750
40002448,5,114.1628335,22.2759024,114.1628569,22.2755494,114.1632478,22.2753431,114.1634333,22.2755881,114.1631037,22.2760019
40002441,4,114.1395374,22.2883029,114.1396892,22.2878023,114.1400401,22.2878957,114.1398834,22.2883992
40002439,5,114.1594754,22.2796140,114.1594827,22.2793777,114.1597150,22.2792080,114.1599248,22.2795019,114.1597007,22.2796893
40002475,5,114.1078673,22.4268410,114.1089947,22.4265014,114.1088984,22.4267614,114.1084825,22.4271152,114.1078874,22.4268974
40002472,5,114.1600518,22.2707910,114.1604238,22.2703099,114.1612251,22.2706742,114.1611841,22.2710037,114.1609547,22.2710408
40002467,6,114.0690383,22.4769301,114.0709415,22.4771942,114.0714858,22.4773707,114.0720509,22.4779548,114.0721426,22.4782032,114.0716931,22.4804822
40002461,6,114.0752173,22.4852898,114.0755376,22.4846435,114.0771572,22.4852512,114.0768867,22.4856360,114.0763482,22.4857225,114.0753516,22.4854055
40002478,6,114.1115407,22.4214155,114.1128715,22.4206621,114.1130401,22.4206296,114.1132209,22.4206960,114.1134045,22.4224767,114.1132874,22.4236818
40002462,8,114.0784181,22.4887969,114.0786846,22.4831860,114.0786995,22.4831050,114.0793733,22.4824664,114.0805583,22.4827413,114.0825017,22.4861529,114.0827477,22.4880012,114.0785008,22.4892053
40002473,6,114.1055025,22.4267418,114.1065174,22.4265944,114.1080876,22.4269363,114.1082650,22.4271046,114.1082341,22.4273141,114.1065149,22.4294789
40002454,8,114.2109453,22.2004808,114.2111552,22.1972051,114.2113231,22.1964074,114.2130932,22.1947348,114.2139151,22.1941391,114.2141583,22.1940940,114.2187040,22.1947553,114.2211092,22.2038619
40002457,6,114.1735375,22.3063688,114.1738602,22.3055955,114.1755517,22.3034996,114.1749791,22.3067204,114.1743751,22.3067052,114.1739624,22.3065944
40002451,4,114.1637320,22.2839437,114.1650927,22.2834395,114.1651678,22.2836136,114.1638142,22.2841186
40002465,8,114.0705957,22.4398082,114.0753958,22.4345241,114.0781695,22.4328699,114.0882904,22.4327636,114.0889201,22.4332314,114.0892005,22.4339012,114.0886011,22.4356681,114.0829127,22.4414598
40002474,8,114.1045555,22.4312761,114.1047079,22.4309809,114.1115407,22.4214155,114.1132874,22.4236818,114.1100693,22.4281119,114.1058242,22.4309664,114.1047961,22.4314420,114.1046496,22.4314451
40042612,19,114.1703660,22.2483650,114.1696960,22.2482800,114.1694280,22.2478900,114.1692900,22.2476070,114.1692180,22.2473630,114.1691170,22.2465740,114.1690700,22.2465780,114.1691310,22.2461680,114.1690770,22.2459150,114.1691420,22.2452420,114.1700580,22.2446810,114.1719840,22.2446940,114.1731990,22.2448640,114.1735940,22.2443690,114.1738480,22.2456430,114.1737020,22.2458870,114.1736340,22.2478880,114.1722380,22.2482810,114.1709390,22.2483850
40032530,19,114.1330940,22.4906590,114.1331010,22.4908110,114.1328960,22.4905770,114.1323150,22.4903710,114.1310470,22.4902820,114.1306440,22.4900800,114.1301290,22.4891260,114.1299690,22.4890800,114.1299430,22.4885750,114.1304430,22.4878980,114.1308360,22.4876560,114.1314870,22.4882310,114.1326980,22.4884520,114.1335920,22.4891070,114.1337850,22.4894190,114.1337310,22.4897810,114.1340820,22.4900260,114.1341720,22.4903060,114.1336940,22.4907110
40002479,5,114.1156507,22.4180578,114.1162044,22.4178774,114.1162546,22.4179343,114.1161411,22.4181640,114.1156792,22.4181403
40042630,18,114.1393140,22.5014160,114.1396630,22.5014080,114.1384610,22.5010140,114.1388940,22.5008120,114.1390310,22.5002170,114.1398940,22.5003840,114.1401840,22.4998120,114.1392100,22.4993720,114.1392870,22.4985490,114.1398150,22.4979510,114.1394970,22.4975660,114.1397070,22.4969860,114.1392410,22.4966550,114.1378700,22.4984580,114.1387110,22.4991840,114.1385710,22.5000890,114.1381910,22.5000540,114.1380490,22.5008810
40002452,9,114.2187040,22.1947553,114.2217267,22.1953315,114.2229980,22.1958120,114.2231978,22.1959953,114.2239050,22.1970855,114.2240971,22.1979261,114.2240869,22.1983981,114.2232640,22.2006058,114.2211092,22.2038619
40002435,9,114.1564347,22.2788901,114.1565194,22.2786175,114.1575081,22.2777645,114.1577535,22.2777252,114.1580055,22.2778976,114.1582580,22.2785294,114.1579394,22.2793895,114.1566449,22.2793085,114.1564377,22.2790942
40002444,5,114.1553506,22.3233455,114.1559164,22.3224264,114.1563851,22.3226764,114.1563342,22.3228366,114.1557698,22.3235722
40002471,4,114.1766802,22.3399687,114.1767695,22.3396940,114.1771656,22.3398043,114.1771649,22.3399444
40002464,8,114.1495966,22.5116009,114.1505372,22.5098195,114.1526556,22.5096680,114.1533315,22.5098587,114.1548654,22.5116465,114.1544567,22.5123410,114.1533357,22.5137071,114.1496795,22.5123893
40042572,19,114.1380720,22.5003360,114.1382030,22.4998730,114.1381620,22.4998110,114.1382040,22.4997670,114.1383190,22.4993930,114.1382490,22.4993460,114.1382710,22.4992930,114.1383270,22.4993150,114.1383430,22.4992500,114.1380660,22.4991360,114.1379590,22.4992680,114.1377140,22.4997540,114.1376150,22.5000040,114.1375850,22.5002710,114.1377620,22.5003070,114.1377910,22.5001670,114.1379570,22.5002040,114.1379390,22.5003440,114.1380630,22.5003690
40002434,6,114.1371214,22.3254762,114.1425833,22.3140000,114.1481919,22.3208333,114.1480417,22.3220436,114.1471719,22.3236019,114.1458889,22.3243889
40002450,5,114.1632333,22.2843333,114.1658667,22.2833500,114.1659500,22.2833833,114.1666500,22.2850167,114.1639500,22.2860167
40002442,4,114.1920595,22.2814390,114.1920982,22.2811140,114.1923111,22.2811930,114.1923055,22.2814656
40002468,4,114.0702842,22.4813949,114.0703444,22.4812619,114.0705197,22.4813269,114.0704586,22.4814626
40042594,19,114.1736020,22.4520674,114.1736020,22.4520380,114.1728345,22.4520380,114.1728262,22.4519473,114.1728255,22.4518796,114.1728316,22.4518067,114.1728450,22.4517347,114.1728653,22.4516640,114.1728925,22.4515954,114.1729236,22.4515342,114.1729739,22.4514510,114.1732070,22.4514510,114.1732459,22.4515142,114.1735460,22.4515142,114.1735568,22.4514962,114.1738871,22.4514962,114.1740279,22.4516768,114.1741250,22.4516768,114.1741250,22.4520675
40002480,6,114.1096572,22.4211926,114.1111139,22.4201672,114.1138059,22.4187423,114.1142256,22.4187876,114.1141229,22.4203448,114.1122755,22.4238547
40002494,5,114.2151600,22.3036300,114.2155300,22.3032900,114.2159000,22.3032750,114.2163800,22.3037500,114.2158400,22.3042600
40042619,19,114.2250110,22.2861400,114.2252390,22.2863550,114.2250910,22.2865090,114.2245260,22.2860480,114.2242590,22.2862980,114.2241990,22.2862470,114.2246310,22.2857130,114.2253100,22.2850740,114.2254330,22.2847990,114.2257650,22.2851060,114.2255230,22.2851120,114.2260170,22.2856360,114.2258480,22.2857660,114.2253060,22.2853170,114.2250560,22.2856060,114.2254010,22.2859060,114.2253320,22.2859640,114.2250250,22.2856260,114.2247480,22.2858400
40002477,8,114.1038491,22.4287415,114.1038818,22.4285788,114.1047928,22.4273645,114.1052494,22.4268573,114.1055025,22.4267418,114.1065149,22.4294789,114.1048141,22.4306909,114.1046549,22.4306908
40042585,19,114.1694960,22.3283190,114.1690170,22.3283240,114.1681690,22.3282840,114.1680650,22.3282630,114.1678370,22.3281710,114.1685570,22.3267010,114.1685980,22.3266860,114.1695860,22.3267290,114.1697260,22.3267600,114.1700460,22.3267740,114.1702330,22.3267570,114.1703970,22.3267700,114.1703580,22.3276560,114.1701780,22.3276500,114.1701510,22.3282620,114.1701050,22.3282600,114.1701040,22.3282960,114.1699940,22.3282910,114.1699930,22.3283400
40002481,6,114.1055025,22.4267418,114.1065174,22.4265944,114.1080876,22.4269363,114.1082650,22.4271046,114.1082341,22.4273141,114.1065149,22.4294789
40002469,9,114.0645759,22.4780452,114.0646226,22.4773378,114.0649336,22.4771722,114.0651488,22.4771394,114.0690383,22.4769301,114.0716931,22.4804822,114.0672632,22.4826795,114.0667304,22.4826866,114.0651122,22.4802738
40002446,4,114.1423975,22.2880245,114.1425517,22.2880199,114.1425978,22.2884605,114.1424145,22.2884660
40002449,6,114.1619315,22.2759295,114.1619637,22.2757854,114.1625518,22.2754999,114.1628942,22.2756709,114.1627799,22.2761066,114.1624363,22.2761744
40002433,8,114.1305680,22.3209623,114.1308889,22.3173611,114.1332003,22.3133914,114.1344169,22.3126961,114.1425833,22.3140000,114.1371214,22.3254762,114.1365402,22.3254068,114.1325287,22.3225230
40025611,19,114.2009684,22.3343849,114.2009573,22.3344593,114.2004428,22.3342620,114.2003689,22.3342148,114.2003263,22.3341758,114.2002743,22.3341080,114.2002493,22.3340589,114.2002301,22.3339817,114.2002294,22.3339288,114.2002468,22.3338511,114.2002851,22.3337803,114.2003416,22.3337210,114.2005008,22.3335924,114.2005607,22.3335519,114.2006048,22.3335303,114.2007192,22.3334989,114.2008398,22.3334980,114.2009556,22.3335283,114.2010859,22.3335987
40042636,18,114.1828350,22.3235070,114.1829270,22.3233350,114.1828480,22.3232990,114.1829200,22.3231640,114.1828230,22.3231190,114.1830640,22.3226640,114.1832790,22.3227630,114.1832930,22.3227990,114.1833630,22.3228330,114.1840670,22.3231640,114.1840900,22.3231900,114.1840870,22.3232240,114.1840080,22.3233690,114.1839670,22.3234340,114.1837050,22.3238620,114.1836860,22.3238800,114.1836600,22.3238870,114.1836330,22.3238820
40002436,9,114.1646305,22.2807651,114.1647321,22.2805369,114.1654502,22.2800166,114.1658488,22.2798615,114.1661620,22.2798752,114.1662508,22.2799961,114.1668168,22.2821038,114.1655437,22.2822234,114.1650735,22.2821906
40002476,8,114.1038491,22.4287415,114.1038818,22.4285788,114.1047928,22.4273645,114.1052494,22.4268573,114.1055025,22.4267418,114.1065149,22.4294789,114.1048141,22.4306909,114.1046549,22.4306908
40002453,7,114.2109453,22.2004808,114.2211092,22.2038619,114.2195443,22.2053680,114.2190575,22.2055298,114.2164589,22.2060039,114.2160302,22.2060228,114.2118875,22.2041506
40002438,4,114.1600371,22.2806660,114.1606566,22.2804794,114.1607536,22.2811377,114.1602223,22.2812770
960003780,4,114.4298020,22.6994992,114.4298008,22.6999507,114.4302903,22.6999482,114.4302896,22.6994986
960003797,9,114.0440206,22.5567691,114.0400242,22.5636136,114.0207228,22.5602132,114.0110686,22.5593792,114.0067655,22.5492950,114.0113049,22.5454777,114.0160257,22.5310561,114.0322212,22.5300007,114.0446223,22.5312790
679300,11,116.2413747,24.3565368,116.1863633,24.4012284,116.1347280,24.3295678,116.1023752,24.3350118,116.0844743,24.3319351,116.0680590,24.3247399,116.0359240,24.2972588,116.0215321,24.2735442,116.0186395,24.2571568,116.0269784,24.2251347,116.1697200,24.3015002
679301,11,116.0269784,24.2251347,115.9569578,24.1684350,116.0119875,24.1254421,116.0636648,24.1971111,116.0953965,24.1911061,116.1133582,24.1937631,116.1440586,24.2110583,116.1731285,24.2529359,116.1767086,24.2692101,116.1755466,24.2857745,116.1697200,24.3015002
160400,11,114.6856788,23.0306076,114.7787409,23.0221640,114.7745351,23.0920309,114.6830569,23.0741990,114.6748709,23.0893849,114.6478483,23.1109583,114.6127140,23.1172066,114.5626160,23.1126241,114.5324969,23.0948547,114.5221953,23.0812276,114.5160804,23.0656118
160401,11,114.4230329,23.0740154,114.4272726,23.0041490,114.5187225,23.0220778,114.5269288,23.0068776,114.5539480,22.9853227,114.5890502,22.9790849,114.6391042,22.9836518,114.6692217,23.0013878,114.6795391,23.0150008,114.6856788,23.0306076,114.5160804,23.0656118
263600,11,114.6506755,26.8675357,114.5573373,26.8642254,114.5693760,26.8005375,114.6576993,26.8238752,114.6802176,26.8011126,114.6967487,26.7935121,114.7334919,26.7907785,114.7792467,26.7992295,114.8078539,26.8199982,114.8166956,26.8346012,114.8210022,26.8507486
263601,11,114.9143440,26.8507880,114.9023043,26.9144567,114.8106161,26.8911328,114.7909487,26.9117706,114.7568052,26.9242759,114.7381892,26.9242235,114.6813063,26.9078071,114.6672261,26.8969518,114.6567787,26.8832157,114.6506755,26.8675357,114.8210022,26.8507486
504300,12,114.9529223,25.8961105,114.9185594,25.9562425,114.8385205,25.9045811,114.8101658,25.9207495,114.7920576,25.9239524,114.7736447,25.9228286,114.7328763,25.9074665,114.7087887,25.8880867,114.7002789,25.8733598,114.6962969,25.8571529,114.6971124,25.8405709,114.8595660,25.8660295
504301,10,114.6971124,25.8405709,114.6070940,25.8105835,114.6414685,25.7504203,114.7164688,25.8004203,114.7466911,25.7841118,114.7648974,25.7815155,114.8004411,25.7891926,114.8452536,25.8191017,114.8594527,25.8494316,114.8595660,25.8660295
960003083,8,116.1204285,25.9877478,116.0696387,25.9197090,116.0359717,25.9788791,116.0482129,25.9875901,116.0711726,25.9981462,116.0861966,26.0019823,116.1017077,26.0003572,116.1153561,25.9935206
960003081,10,116.1204285,25.9877478,116.1430024,26.0022765,116.1533745,25.9840552,116.1270566,25.9760886,116.1293084,25.9690188,116.1274845,25.9550839,116.1198817,25.9428223,116.1076368,25.9341087,116.0846532,25.9235331,116.0696387,25.9197090
960003082,10,116.0696387,25.9197090,116.0541375,25.9213347,116.0405030,25.9281634,116.0354349,25.9339407,116.0128614,25.9194074,116.0024949,25.9376319,116.0287930,25.9455858,116.0265525,25.9526832,116.0283602,25.9666211,116.0359717,25.9788791
3321400,11,114.4730206,27.8662762,114.4249572,27.9212585,114.3566254,27.8612585,114.3283244,27.8720843,114.3095831,27.8731000,114.2911838,27.8697907,114.2494005,27.8473932,114.2267706,27.8223378,114.2214400,27.8064232,114.2253277,27.7736909,114.3846826,27.8262011
3321401,11,114.2253277,27.7736909,114.1369720,27.7336986,114.1850430,27.6787415,114.2533739,27.7420748,114.2835336,27.7305385,114.3022652,27.7297670,114.3372465,27.7409284,114.3605982,27.7576063,114.3795355,27.7777510,114.3878220,27.8098367,114.3846826,27.8262011
807500,13,114.3574869,30.8831250,114.0690845,30.6722002,114.0685476,30.6718237,114.1269580,30.6237662,114.1836555,30.6987718,114.2187192,30.6938594,114.2375908,30.6973479,114.2690926,30.7160463,114.3030311,30.7512857,114.3104518,30.7666101,114.3105155,30.7995225,114.3031491,30.8148676,114.3764570,30.8681881
807501,13,114.3597968,30.8849117,114.3013094,30.9262212,114.2496828,30.8562292,114.2120314,30.8609264,114.1932808,30.8568748,114.1625208,30.8372326,114.1391980,30.8139116,114.1253660,30.7899106,114.1231205,30.7734249,114.1335637,30.7417595,114.0535406,30.6834330,114.0690845,30.6722002,114.3574869,30.8831250
4004502800,11,115.7301423,29.4309231,115.6580825,29.3715244,115.7176765,29.3307102,115.7668659,29.4057917,115.7868347,29.4008677,115.8243026,29.4050816,115.8408296,29.4133413,115.8721906,29.4447973,115.8876616,29.4763950,115.8826741,29.5090199,115.8731133,29.5233823
4004502801,11,115.9453480,29.5827759,115.8856343,29.6235969,115.8363036,29.5485640,115.7971777,29.5535215,115.7787406,29.5492479,115.7487011,29.5292430,115.7203614,29.4939322,115.7154908,29.4778846,115.7155580,29.4612865,115.7301423,29.4309231,115.8731133,29.5233823
4000216800,13,114.9792182,30.1828872,115.0999529,30.4962437,115.1010061,30.4989524,115.0255401,30.5105267,115.0226375,30.4241212,114.9850974,30.4124580,114.9608400,30.3870517,114.9483460,30.3376883,114.9474619,30.3195966,114.9518753,30.3034415,114.9609792,30.2888226,114.9904954,30.2680019,114.9587308,30.1860382
4000216801,13,114.9785125,30.1810505,115.0537827,30.1696435,115.0564365,30.2560601,115.0938150,30.2677423,115.1180363,30.2931534,115.1302888,30.3416033,115.1311531,30.3596743,115.1267229,30.3758264,115.1175958,30.3904383,115.0880131,30.4112277,115.1196375,30.4932688,115.0999529,30.4962437,114.9792182,30.1828872
3276300,11,115.8414479,33.0197885,115.7639179,33.0447040,115.7422317,32.9605805,115.7218556,32.9599256,115.6862908,32.9460468,115.6637746,32.9191006,115.6476337,32.8779365,115.6480379,32.8613417,115.6535404,32.8454001,115.6780105,32.8197006,115.7905147,32.9450468
3276301,11,115.6780105,32.8197006,115.6272464,32.7449695,115.7045567,32.7200587,115.7261709,32.8042004,115.7464229,32.8048386,115.7819631,32.8186595,115.8045335,32.8455585,115.8207789,32.8867611,115.8204189,32.9033566,115.8149542,32.9193082,115.7905147,32.9450468
960003562,7,115.8228271,33.5580944,115.8270767,33.5379231,115.8554848,33.5458144,115.8719512,33.5886121,115.8597659,33.5789182,115.8529667,33.5660816,115.8527643,33.5587184
960003560,7,115.8876626,33.5936820,115.9025430,33.5228241,115.9313770,33.5270300,115.9470759,33.5320958,115.9333031,33.5975734,115.9164689,33.5978903,115.9164720,33.5978908
960003561,8,115.8554848,33.5458144,115.8586823,33.5389566,115.8703068,33.5288015,115.8857052,33.5231345,115.9025395,33.5228245,115.9025426,33.5228250,115.8876630,33.5936815,115.8719512,33.5886121
960003559,10,115.9333022,33.5975736,115.9470755,33.5320951,115.9592524,33.5418001,115.9660629,33.5546426,115.9662573,33.5619912,115.9962054,33.5626204,115.9919784,33.5827836,115.9635622,33.5748920,115.9603654,33.5817512,115.9487286,33.5919020
4000160800,11,115.7334819,35.0502254,115.8127838,35.0624943,115.7781954,35.1441677,115.7966984,35.1540025,115.8191119,35.1813434,115.8231038,35.1976178,115.8218057,35.2141821,115.8091147,35.2562758,115.7824165,35.2809352,115.7441813,35.2913818,115.7292818,35.1366047
4000160801,11,115.7441813,35.2913818,115.7399786,35.3777552,115.6603990,35.3654831,115.6951724,35.2838191,115.6765507,35.2738990,115.6542128,35.2465030,115.6502839,35.2302179,115.6516494,35.2136572,115.6644008,35.1716572,115.6911050,35.1470282,115.7292818,35.1366047
137800,11,114.3353457,36.4870645,114.2474579,36.4380124,114.3071476,36.3874730,114.3725223,36.4556177,114.3919654,36.4488765,114.4328790,36.4485088,114.4520330,36.4546842,114.4963758,36.4858579,114.5184555,36.5140503,114.5198940,36.5469425,114.5126614,36.5624907
137801,11,114.6007939,36.6115328,114.5409896,36.6620799,114.4753890,36.5940214,114.4353928,36.6031146,114.4148679,36.6011144,114.3791681,36.5849384,114.3379082,36.5506132,114.3293886,36.5354919,114.3260325,36.5191143,114.3353457,36.4870645,114.5126614,36.5624907
781000,11,114.4310238,36.8017875,114.4455859,36.7167242,114.5315515,36.7375082,114.4849911,36.8148244,114.5123411,36.8390386,114.5193509,36.8546603,114.5210708,36.8712014,114.5065715,36.9162562,114.4857429,36.9444052,114.4691518,36.9543901,114.4292690,36.9626114
781001,11,114.4146583,37.0476616,114.3284035,37.0268735,114.3752091,36.9495725,114.3477849,36.9252252,114.3408353,36.9095845,114.3429492,36.8767155,114.3537806,36.8480902,114.3746389,36.8199610,114.3912150,36.8099912,114.4310238,36.8017875,114.4292690,36.9626114
4004769900,11,114.3452867,35.7387917,114.4189413,35.7107026,114.4496055,35.7934993,114.4718397,35.7926113,114.5098912,35.8040444,114.5249059,35.8153244,114.5484547,35.8511380,114.5558905,35.8849593,114.5416125,35.9157727,114.5276127,35.9278957,114.4042073,35.8107934
4004769901,11,114.5276127,35.9278957,114.5867469,35.9999023,114.5128581,36.0279985,114.4820767,35.9452312,114.4397248,35.9423942,114.4216146,35.9346159,114.3957402,35.9092353,114.3764711,35.8702671,114.3758341,35.8536769,114.3805157,35.8375183,114.4042073,35.8107934
834200,11,114.6689319,38.3578288,114.6239255,38.4361705,114.5517295,38.4000728,114.6234004,38.3351047,114.6043085,38.3056418,114.6026945,38.2890919,114.6065922,38.2727781,114.6157327,38.2578116,114.6637213,38.2136676,114.6826021,38.2062239,114.7243754,38.2038343
834201,11,114.7694077,38.1254970,114.8415987,38.1615952,114.7699307,38.2265638,114.7889835,38.2559322,114.7906363,38.2724797,114.7867771,38.2887991,114.7776653,38.3037779,114.7296935,38.3479461,114.6900642,38.3587829,114.6689319,38.3578288,114.7243754,38.2038343
972300,11,115.0107606,40.6922553,115.1085851,40.6484034,115.1424535,40.7123337,115.0318411,40.7320263,115.0314245,40.7492528,115.0252601,40.7651807,115.0138590,40.7793565,114.9787531,40.7987670,114.9281375,40.8118615,114.8850786,40.8072705,114.8508395,40.7869878
972301,11,114.7528569,40.8307434,114.7190059,40.7668062,114.8298305,40.7472925,114.8303034,40.7299736,114.8365281,40.7140599,114.8479708,40.6999086,114.8830833,40.6805591,114.9335417,40.6674883,114.9765188,40.6720326,115.0107606,40.6922553,114.8508395,40.7869878
960003588,7,116.6666665,41.1166718,116.1166631,39.4999950,116.4333338,39.3833359,116.5833346,39.5500024,116.8666655,39.5666697,117.0500008,39.7999963,116.9166624,39.9833350
960003586,10,116.6666666,41.1166710,116.2833306,40.9666659,116.2166699,40.8500028,115.6666646,40.5166650,115.8499978,40.2833310,115.3833290,40.0666665,115.3333346,39.7833315,115.4500028,39.5499976,115.8166635,39.4499968,116.1166638,39.4999958
777200,11,115.8866575,43.8547625,115.8166068,43.7864887,115.8974312,43.7555352,115.9340571,43.8355209,115.9571114,43.8347784,116.0000063,43.8460041,116.0169972,43.8572010,116.0460860,43.8912236,116.0583943,43.9210858,116.0563308,43.9376173,116.0351184,43.9667725
777201,11,116.1050723,44.0351493,116.0259565,44.0694844,115.9842655,43.9861428,115.9422215,43.9852930,115.9209720,43.9788346,115.8888734,43.9553931,115.8630705,43.9160298,115.8602696,43.8995547,115.8634817,43.8831187,115.8866575,43.8547625,116.0351184,43.9667725
3276200,11,116.4353159,23.5101034,116.3653001,23.4534499,116.4219999,23.4071120,116.4686786,23.4837814,116.4993815,23.4786704,116.5171916,23.4816125,116.5473904,23.4993935,116.5674307,23.5211027,116.5798855,23.5451736,116.5817116,23.5616872,116.5713844,23.5932094
3276201,11,116.6413731,23.6532758,116.5846521,23.6945514,116.5362967,23.6212126,116.5043661,23.6251973,116.4867269,23.6214130,116.4707594,23.6135732,116.4392596,23.5855902,116.4249849,23.5578363,116.4237931,23.5412741,116.4353159,23.5101034,116.5713844,23.5932094
372100,11,116.8017653,25.7343739,116.8530528,25.8068981,116.7810870,25.8352208,116.7567967,25.7520866,116.7381721,25.7521499,116.7043834,25.7396210,116.6820862,25.7135492,116.6658819,25.6752497,116.6652823,25.6586603,116.6694660,25.6424962,116.6907302,25.6157443
372101,11,116.6395658,25.5432280,116.7113878,25.5149091,116.7356156,25.5980604,116.7541560,25.5979881,116.7879236,25.6104753,116.8102535,25.6365110,116.8265263,25.6748348,116.8271573,25.6914233,116.8230019,25.7075937,116.8017653,25.7343739,116.6907302,25.6157443
3321000,11,117.7520198,26.4037277,117.6686980,26.3671404,117.7082763,26.3104087,117.7782522,26.3670764,117.8095366,26.3556879,117.8280582,26.3554396,117.8460213,26.3594928,117.8855540,26.3792500,117.9082626,26.4011791,117.9151305,26.4165955,117.9173103,26.4330785
3321001,11,118.0030062,26.4896156,117.9583481,26.5429256,117.8883739,26.4845919,117.8579110,26.4978456,117.8394247,26.4991833,117.8044282,26.4890733,117.7609927,26.4517233,117.7533039,26.4366201,117.7520198,26.4037277,117.9173103,26.4330785,117.9146516,26.4495052
3321200,10,117.8837016,28.3621416,117.7903502,28.3271589,117.8298594,28.2687471,117.9048386,28.3254157,117.9377629,28.3105837,117.9565506,28.3092014,117.9921641,28.3192133,118.0171957,28.3325640,118.0416522,28.3532424,118.0529511,28.3846174
3321201,12,118.1396512,28.4328413,118.1001012,28.4912559,118.0251046,28.4345890,117.9976598,28.4470906,117.9789450,28.4492669,117.9602277,28.4471076,117.9178162,28.4307759,117.8933261,28.4100629,117.8853453,28.3950223,117.8837016,28.3621416,118.0529511,28.3846174,118.0513343,28.4011546
807700,11,118.1101665,27.8308924,118.0342485,27.8604901,118.0096813,27.7775727,117.9734849,27.7732407,117.9572293,27.7649571,117.9345621,27.7388643,117.9229550,27.7155221,117.9164876,27.6837353,117.9203852,27.6675000,117.9414293,27.6403748,118.0575088,27.7589097
807701,11,117.9414293,27.6403748,117.8889086,27.5684030,117.9646670,27.5388092,117.9891642,27.6217453,118.0252479,27.6260454,118.0414983,27.6343052,118.0547847,27.6460084,118.0758688,27.6837637,118.0823865,27.7155126,118.0785207,27.7317542,118.0575088,27.7589097
261900,10,117.1052505,29.2984303,117.0335673,29.2418163,117.0886276,29.1954341,117.1420510,29.2687864,117.1729234,29.2653044,117.2083898,29.2765327,117.2529634,29.3214497,117.2590685,29.3371714,117.2602990,29.3537350,117.2481297,29.3848920
261901,12,117.3214422,29.4399121,117.2646674,29.4812253,117.2113309,29.4112246,117.1766363,29.4154351,117.1581058,29.4115699,117.1275339,29.3922346,117.1092097,29.3705783,117.0961577,29.3464437,117.0942926,29.3299253,117.0973947,29.3135489,117.1052505,29.2984303,117.2481297,29.3848920
274100,11,117.6299565,30.8029113,117.5582877,30.8595918,117.5169422,30.8079362,117.6019396,30.7696112,117.5998206,30.7381535,117.6059582,30.7224160,117.6166223,30.7085796,117.6543828,30.6826074,117.6847237,30.6715783,117.7040024,30.6708393,117.7399771,30.6820605
274101,11,117.8099998,30.6220743,117.8547365,30.6736920,117.7680710,30.7120236,117.7708214,30.7428685,117.7651110,30.7587247,117.7548172,30.7727698,117.7172707,30.8024012,117.6851050,30.8140733,117.6657875,30.8145799,117.6299565,30.8029113,117.7399771,30.6820605
114300,11,116.9653780,30.5672049,116.8720104,30.5338688,116.9081305,30.4770865,116.9865102,30.5270815,117.0160825,30.5131999,117.0351653,30.5109153,117.0721398,30.5191975,117.1005348,30.5342276,117.1223902,30.5519278,117.1354928,30.5828463,117.1346683,30.5994294
114301,11,117.2280027,30.6328198,117.1918653,30.6912474,117.1101254,30.6362544,117.0805753,30.6501078,117.0614652,30.6523928,117.0423191,30.6503422,116.9995061,30.6357926,116.9749533,30.6151653,116.9668787,30.6000920,116.9653780,30.5672049,117.1346683,30.5994294
140600,11,116.9522599,32.0644807,116.9172943,32.1444748,116.8485201,32.1101177,116.9085194,32.0434341,116.8916300,32.0158818,116.8896446,31.9993691,116.8927661,31.9829834,116.9190897,31.9412062,116.9445304,31.9186182,116.9623128,31.9117142,117.0010590,31.9105117
140601,11,117.0360565,31.8338526,117.1048095,31.8665502,117.0414805,31.9349184,117.0586438,31.9603680,117.0616891,31.9767640,117.0525988,32.0087607,117.0342439,32.0354615,117.0089978,32.0569963,116.9910861,32.0637097,116.9522599,32.0644807,117.0010590,31.9105117
960003803,7,116.9933339,33.1133322,116.9116668,33.0616674,116.8766671,33.1199993,116.9699993,33.1483335,117.0083328,33.2150004,117.0366676,33.2266674,117.1216677,33.2200001
784000,10,117.4606747,34.0725819,117.3589795,34.0792665,117.3675643,34.0139143,117.4675724,34.0339102,117.4868828,34.0097417,117.5031180,34.0000277,117.5417455,33.9924365,117.6177878,34.0065411,117.6453440,34.0302382,117.6526703,34.0456863
784001,12,117.7543195,34.0373755,117.7457614,34.1044232,117.6457910,34.0877419,117.6245748,34.1103288,117.6075008,34.1190282,117.5882865,34.1237697,117.5299195,34.1242302,117.4927791,34.1133409,117.4778534,34.1022606,117.4669036,34.0883581,117.4606747,34.0725819,117.6526703,34.0456863
960003804,7,117.2033326,33.2716671,117.2399993,33.2133337,117.1466679,33.1816679,117.1083321,33.1150001,117.0833333,33.1033324,116.9933339,33.1133322,117.1216677,33.2200001
4004291900,11,116.8257515,35.6426688,116.9319798,35.6478362,116.9152677,35.7124763,116.8154407,35.6825577,116.8029180,35.6975150,116.7687696,35.7152443,116.7282738,35.7167212,116.6963424,35.7087910,116.6665900,35.6864432,116.6580441,35.6713663,116.6545952,35.6550063
4004291901,11,116.5484514,35.6497611,116.5652052,35.5851252,116.6649092,35.6152187,116.6774520,35.6002633,116.7115713,35.5825595,116.7519993,35.5810877,116.7838618,35.5889752,116.8136480,35.6112611,116.8222420,35.6263175,116.8257515,35.6426688,116.6545952,35.6550063
751300,11,117.2412852,36.9357438,117.2596190,37.0207290,117.1753958,37.0207454,117.1887122,36.9357250,117.1593639,36.9202719,117.1470586,36.9069040,117.1395033,36.8914444,117.1372096,36.8400007,117.1443280,36.8141824,117.1552952,36.8000971,117.1887232,36.7809505
751301,11,117.1754181,36.6942365,117.2562539,36.6942422,117.2412782,36.7809338,117.2728715,36.7955604,117.2859716,36.8084240,117.2977884,36.8399479,117.2977909,36.8750007,117.2883771,36.9049100,117.2762714,36.9183938,117.2412852,36.9357438,117.1887232,36.7809505
768100,11,117.9107514,39.7426716,117.8024940,39.7627478,117.7973265,39.6923409,117.9056307,39.7023587,117.9254672,39.6754629,117.9422586,39.6650489,117.9619752,39.6583319,118.0149309,39.6507689,118.0498306,39.6558103,118.0684032,39.6642406,118.0941324,39.6905292
768101,11,118.2058636,39.6722641,118.2093313,39.7426648,118.0976518,39.7360056,118.0812417,39.7601020,118.0653217,39.7713160,118.0461638,39.7789778,117.9917258,39.7842315,117.9536837,39.7784338,117.9354272,39.7695670,117.9107514,39.7426716,118.0941324,39.6905292
580300,13,116.5812989,39.9286734,116.5318873,40.1589366,116.5018074,40.1402111,116.4910044,40.1258137,116.4854466,40.1097689,116.4855092,40.0931707,116.5041970,40.0378780,116.5177850,40.0249453,116.5283498,40.0205155,116.5301460,40.0168744,116.5448245,40.0046635,116.5551528,40.0009939,116.5521317,39.9258088
580301,17,116.6676592,39.9173194,116.6864751,39.9194474,116.6530964,39.9993791,116.6884483,40.0210060,116.7035641,40.0518166,116.7028420,40.0684056,116.6826963,40.1288537,116.6515073,40.1515416,116.6312413,40.1575064,116.6345754,40.2408285,116.5889883,40.2381249,116.5895282,40.2525348,116.5018965,40.2439517,116.5318873,40.1589366,116.5812989,39.9286734,116.5804465,39.9074912,116.6681225,39.9160849
762000,13,117.4180695,38.9748972,117.2974514,39.2817356,117.2958245,39.2860853,117.2150616,39.2568679,117.2767454,39.1885989,117.2544435,39.1595071,117.2515457,39.1430617,117.2542347,39.1265950,117.2623236,39.1112289,117.3030069,39.0606700,117.3209160,39.0516092,117.3625718,39.0455525,117.3941759,38.9672495
762001,13,117.4209400,38.9672082,117.4966008,38.9998061,117.4349291,39.0681092,117.4569392,39.0933803,117.4616381,39.1095731,117.4544095,39.1420043,117.4343750,39.1737291,117.4127584,39.1942093,117.3944361,39.2028050,117.3524475,39.2077666,117.3174241,39.2894476,117.2974514,39.2817356,117.4180695,38.9748972
4000006200,8,116.5470888,39.4743880,116.6510802,39.4422559,116.6709036,39.5065151,116.5593260,39.5140391,116.5556888,39.5318628,116.5467270,39.5469537,116.5154455,39.5693497,116.4429584,39.5823005
4000006201,16,116.4429584,39.5823005,116.3583956,39.4023028,116.3553625,39.3158895,116.4128717,39.3212464,116.4128421,39.3202193,116.4975838,39.3284369,116.4900126,39.3494658,116.5003228,39.3519949,116.4742024,39.3933784,116.4676025,39.4117093,116.4879266,39.4205796,116.5138075,39.4467264,116.5147008,39.4493173,116.5182218,39.4501694,116.5347176,39.4608125,116.5470888,39.4743880
4000006202,8,116.3240297,39.5613200,116.2537110,39.5829737,116.2339258,39.5187103,116.2843614,39.5153918,116.2817988,39.5079983,116.2870117,39.4583422,116.2929052,39.4408155,116.3189808,39.4147856
4000006203,16,116.4056342,39.6491955,116.4062217,39.6685535,116.3709809,39.6651750,116.3702551,39.6686353,116.3464845,39.6628265,116.3210923,39.6603921,116.3223438,39.6569273,116.2884946,39.6486556,116.3191725,39.6003485,116.3315021,39.5656756,116.3314614,39.5656414,116.3240297,39.5613200,116.3189808,39.4147856,116.3583956,39.4023028,116.4429584,39.5823005,116.4450170,39.6529996
960003587,7,116.6666665,41.1166718,116.9166624,39.9833350,117.2499986,40.0166615,117.4833364,40.1833357,117.3333311,40.4333354,117.6000046,40.6833278,116.9833295,40.8166696
3276400,11,117.2292955,49.6077995,117.1110212,49.6445210,117.0834451,49.5825790,117.2100991,49.5675906,117.2233599,49.5369921,117.2389872,49.5238534,117.2593128,49.5137844,117.3195883,49.5024747,117.3638344,49.4995642,117.4107242,49.5120581,117.4288704,49.5237506
3276401,11,117.5473053,49.4888113,117.5765532,49.5507549,117.4482337,49.5640764,117.4367597,49.5949215,117.4218804,49.6084311,117.3787807,49.6258518,117.3420784,49.6308589,117.2929384,49.6336486,117.2684411,49.6287762,117.2292955,49.6077995,117.4288704,49.5237506
500200,4,118.3056600,24.4297100,118.3933700,24.4700100,118.4163600,24.4280400,118.3286700,24.3877500
500201,17,118.3056600,24.4297100,118.3286700,24.3877500,118.3264850,24.3840470,118.3227930,24.3860650,118.3193070,24.3883710,118.3160540,24.3909460,118.3130580,24.3937710,118.3103420,24.3968250,118.3079260,24.4000830,118.3058300,24.4035220,118.3040700,24.4071150,118.3026570,24.4108350,118.3016040,24.4146530,118.3009190,24.4185410,118.3006060,24.4224680,118.3006680,24.4264060,118.3011050,24.4303240
500202,19,118.3933700,24.4700100,118.3955660,24.4737240,118.3985360,24.4721310,118.4027460,24.4693960,118.4066210,24.4662730,118.4101170,24.4627970,118.4122190,24.4603010,118.4141250,24.4576770,118.4165980,24.4535300,118.4179770,24.4506430,118.4185840,24.4491680,118.4196260,24.4461650,118.4204360,24.4431030,118.4210120,24.4399960,118.4213490,24.4368600,118.4214280,24.4352860,118.4213040,24.4305620,118.4209210,24.4274310,118.4163600,24.4280400
500203,4,118.4779100,24.5431100,118.5309000,24.4462200,118.2443200,24.3145700,118.1911700,24.4113600
780200,11,118.0486837,24.5119919,117.9670027,24.4703442,118.0100146,24.4170744,118.0750629,24.4820756,118.1053686,24.4708894,118.1236019,24.4705855,118.1572618,24.4826159,118.1856193,24.5042991,118.2050737,24.5276412,118.2106464,24.5601609,118.2063426,24.5762911
780201,11,118.2913345,24.6179965,118.2432595,24.6695906,118.1782522,24.6095902,118.1473376,24.6195555,118.1290863,24.6191067,118.0960300,24.6056884,118.0693879,24.5840397,118.0498963,24.5606430,118.0447752,24.5447118,118.0486837,24.5119919,118.2063426,24.5762911
802200,4,119.4943000,23.4123700,119.5418000,23.3955400,119.5128700,23.3260100,119.4653900,23.3428400
802201,17,119.5128700,23.3260100,119.5139740,23.3219240,119.5097940,23.3211390,119.5055570,23.3206940,119.5012930,23.3205910,119.4970360,23.3208320,119.4928180,23.3214140,119.4886710,23.3223340,119.4846260,23.3235840,119.4807140,23.3251540,119.4769660,23.3270330,119.4734090,23.3292070,119.4700700,23.3316590,119.4669760,23.3343700,119.4641490,23.3373190,119.4616110,23.3404850,119.4653900,23.3428400
802202,17,119.4943000,23.4123700,119.4932020,23.4164710,119.4973850,23.4172560,119.5016260,23.4177020,119.5058920,23.4178040,119.5101530,23.4175630,119.5143740,23.4169800,119.5185240,23.4160600,119.5225710,23.4148100,119.5264840,23.4132380,119.5302350,23.4113580,119.5337930,23.4091830,119.5371320,23.4067300,119.5402270,23.4040170,119.5430530,23.4010660,119.5455900,23.3978990,119.5418000,23.3955400
802203,4,119.5028400,23.5185300,119.6125000,23.4796400,119.5043400,23.2198600,119.3948500,23.2586600
3255700,10,118.5303051,24.7431909,118.4686201,24.6765532,118.5355850,24.6421921,118.5671894,24.7221673,118.6001337,24.7230347,118.6169836,24.7294579,118.6424929,24.7528349,118.6671432,24.8052495,118.6664820,24.8218369,118.6611124,24.8377036
3255701,12,118.7080453,24.9184819,118.6461175,24.9528231,118.6111197,24.8694905,118.5780258,24.8700681,118.5608421,24.8643727,118.5341329,24.8421046,118.5147222,24.8051787,118.5116609,24.7888148,118.5133691,24.7722892,118.5303051,24.7431909,118.6611124,24.8377036,118.6513988,24.8517679
682500,4,119.5880800,23.5312400,119.6200100,23.6206700,119.6684100,23.6059900,119.6364500,23.5165700
682501,12,119.6200100,23.6206700,119.6684100,23.6059900,119.6720763,23.6085142,119.6677468,23.6131604,119.6627745,23.6172238,119.6572509,23.6206296,119.6512776,23.6233151,119.6449646,23.6252308,119.6384281,23.6263414,119.6317887,23.6266265,119.6251684,23.6260809,119.6186893,23.6247145
682502,12,119.5880800,23.5312400,119.5844270,23.5287201,119.5887568,23.5240762,119.5937280,23.5200151,119.5992492,23.5166116,119.6052188,23.5139281,119.6115272,23.5120141,119.6180582,23.5109047,119.6246919,23.5106203,119.6313064,23.5111661,119.6377800,23.5125322,119.6364500,23.5165700
682503,4,119.6229400,23.7270800,119.7347000,23.6931600,119.6335200,23.4101600,119.5219700,23.4440000
191300,4,119.3804800,23.1856800,119.4065900,23.2557800,119.4546300,23.2404800,119.4285000,23.1704000
191301,17,119.3804800,23.1856800,119.4285000,23.1704000,119.4297620,23.1663460,119.4256190,23.1654270,119.4214060,23.1648450,119.4171530,23.1646050,119.4128950,23.1647090,119.4086620,23.1651550,119.4044870,23.1659400,119.4004030,23.1670590,119.3964390,23.1685020,119.3926260,23.1702600,119.3889930,23.1723180,119.3855680,23.1746600,119.3823770,23.1772700,119.3794440,23.1801270,119.3767910,23.1832090
191302,17,119.4065900,23.2557800,119.4053330,23.2598390,119.4094780,23.2607590,119.4136950,23.2613410,119.4179500,23.2615810,119.4222120,23.2614770,119.4264470,23.2610310,119.4306250,23.2602450,119.4347120,23.2591250,119.4386780,23.2576800,119.4424930,23.2559220,119.4461270,23.2538630,119.4495530,23.2515190,119.4527450,23.2489080,119.4556780,23.2460500,119.4583300,23.2429660,119.4546300,23.2404800
191303,4,119.4110900,23.3621500,119.5220300,23.3268200,119.4239900,23.0640300,119.3132400,23.0992800
411100,4,119.9152100,26.1337200,119.9550800,26.2066000,120.0017200,26.1858200,119.9618400,26.1129400
411101,17,119.9152100,26.1337200,119.9618400,26.1129400,119.9625520,26.1087820,119.9582170,26.1083550,119.9538570,26.1082710,119.9495060,26.1085300,119.9451960,26.1091310,119.9409610,26.1100680,119.9368320,26.1113340,119.9328410,26.1129210,119.9290180,26.1148160,119.9253920,26.1170040,119.9219910,26.1194690,119.9188420,26.1221920,119.9159660,26.1251520,119.9133880,26.1283270,119.9111260,26.1316940
411102,17,119.9550800,26.2066000,119.9543740,26.2107730,119.9587120,26.2112000,119.9630760,26.2112840,119.9674310,26.2110240,119.9717440,26.2104230,119.9759830,26.2094850,119.9801150,26.2082170,119.9841090,26.2066290,119.9879340,26.2047330,119.9915610,26.2025430,119.9949620,26.2000770,119.9981120,26.1973520,120.0009870,26.1943900,120.0035650,26.1912130,120.0058250,26.1878450,120.0017200,26.1858200
411103,4,119.9745900,26.3115300,120.0822900,26.2635300,119.9423800,26.0080100,119.8348500,26.0559100
633900,4,119.9596100,26.2012100,120.0000700,26.2694800,120.0459700,26.2473400,120.0054900,26.1790800
633901,17,119.9596100,26.2012100,119.9554480,26.1993040,119.9575900,26.1958740,119.9600550,26.1926250,119.9628240,26.1895820,119.9658760,26.1867680,119.9691890,26.1842050,119.9727360,26.1819120,119.9764910,26.1799070,119.9804250,26.1782050,119.9845090,26.1768180,119.9887110,26.1757580,119.9930000,26.1750320,119.9973420,26.1746460,120.0017050,26.1746030,120.0060550,26.1749030,120.0054900,26.1790800
633902,17,120.0459700,26.2473400,120.0000700,26.2694800,119.9995140,26.2736660,120.0038680,26.2739660,120.0082350,26.2739220,120.0125810,26.2735360,120.0168720,26.2728090,120.0210780,26.2717480,120.0251640,26.2703600,120.0291010,26.2686560,120.0328570,26.2666490,120.0364060,26.2643550,120.0397190,26.2617900,120.0427710,26.2589750,120.0455390,26.2559310,120.0480030,26.2526800,120.0501430,26.2492490
633903,4,120.0233500,26.3737800,120.1293200,26.3226600,119.9822700,26.0747700,119.8764500,26.1257900
39300,11,119.7797215,26.0635072,119.7127013,26.0961239,119.6827076,26.0127931,119.6492268,26.0096968,119.6327931,26.0021234,119.6191028,25.9909840,119.5907900,25.9520995,119.5829433,25.9207970,119.5859615,25.9044222,119.6052988,25.8764831,119.7247346,25.9935180
39301,11,119.6052988,25.8764831,119.5502825,25.8064865,119.6139193,25.7738569,119.6439572,25.8572064,119.6754545,25.8589616,119.6923136,25.8656961,119.7175274,25.8895414,119.7342293,25.9212675,119.7424781,25.9475431,119.7350966,25.9797796,119.7247346,25.9935180
275200,11,118.8169838,28.9403669,118.7319648,28.9003871,118.7749852,28.8487410,118.8450000,28.9054076,118.8784961,28.8934983,118.8974542,28.8934394,118.9322407,28.9059196,118.9664019,28.9303857,118.9767459,28.9442980,118.9836367,28.9766535,118.9797099,28.9928924
275201,11,119.0696925,29.0295843,119.0216375,29.0845921,118.9516667,29.0279257,118.9200665,29.0391468,118.9010847,29.0394448,118.8826625,29.0354349,118.8444044,29.0140665,118.8198663,28.9889651,118.8140124,28.9731766,118.8169838,28.9403669,118.9797099,28.9928924
960003073,7,119.8239336,28.4079031,119.8467881,28.3340670,119.8710317,28.3490991,119.8754361,28.4038195,119.8693677,28.4089066,119.8544772,28.4139451,119.8385164,28.4135987
960003075,8,119.7614204,28.3376654,119.7748084,28.3209318,119.7953274,28.3381619,119.7997148,28.3928916,119.7887132,28.3827250,119.7829666,28.3696271,119.7833733,28.3556016,119.7867524,28.3488731
960003072,8,119.8710317,28.3490991,119.8820373,28.3592670,119.8877783,28.3723589,119.8873909,28.3863851,119.8839912,28.3931198,119.9093526,28.4043186,119.8959568,28.4210518,119.8754361,28.4038195
960003074,9,119.7953274,28.3381619,119.8013805,28.3330972,119.8162509,28.3280421,119.8322035,28.3283729,119.8467822,28.3340631,119.8467881,28.3340670,119.8239336,28.4079031,119.8239395,28.4079070,119.7997148,28.3928916
1589200,11,118.2033323,29.7962467,118.1384342,29.8579227,118.0886090,29.8046419,118.1735973,29.7630133,118.1709809,29.7320149,118.1767142,29.7161810,118.1869686,29.7021747,118.2226890,29.6759629,118.2511344,29.6634497,118.2890078,29.6638601,118.3065652,29.6703991
1589201,11,118.3766519,29.6104077,118.4213806,29.6637156,118.3363975,29.7036676,118.3407717,29.7329336,118.3363015,29.7490717,118.3271708,29.7636548,118.2923111,29.7907043,118.2583992,29.8054531,118.2393196,29.8066409,118.2033323,29.7962467,118.3065652,29.6703991
4000154300,11,118.7496743,31.1366243,118.8359601,31.1816223,118.7865427,31.2323727,118.7192059,31.1679362,118.6815262,31.1798776,118.6621499,31.1790450,118.6273988,31.1649333,118.5896889,31.1348734,118.5809406,31.1200606,118.5769707,31.1038141,118.5840952,31.0714720
4000154301,11,118.4979900,31.0264556,118.5473350,30.9757126,118.6144951,31.0402297,118.6331559,31.0317918,118.6714378,31.0291165,118.6898787,31.0341968,118.7296248,31.0599285,118.7526990,31.0880296,118.7556822,31.1208428,118.7496743,31.1366243,118.5840952,31.0714720
425600,13,118.9530520,31.7444882,118.7736411,31.7170979,118.6819878,31.6855236,118.6941388,31.6667640,118.6819505,31.6621136,118.7249262,31.6070759,118.8015654,31.6620772,118.8307223,31.6499515,118.8501134,31.6482148,118.8693723,31.6508068,118.9188872,31.6742341,118.9448292,31.6963299,118.9525348,31.7115787
425601,14,119.0335917,31.7956831,119.0447068,31.7995282,119.0017426,31.8545907,118.9251013,31.8029228,118.8959965,31.8150149,118.8765717,31.8167607,118.8394318,31.8074255,118.8044293,31.7874239,118.7803643,31.7654244,118.7731316,31.7500075,118.7708393,31.7335242,118.7736411,31.7170979,118.9530520,31.7444882,119.0447062,31.7795275
218500,11,119.9403818,31.8321168,119.9679013,31.8956975,119.8695555,31.9157134,119.8610396,31.9463102,119.8497887,31.9598885,119.8347756,31.9705318,119.7853577,31.9875133,119.7516435,31.9910790,119.7326146,31.9872033,119.7012312,31.9678501,119.8520638,31.8754333
218501,11,119.7012312,31.9678501,119.6095827,32.0062083,119.5821124,31.9426179,119.6837884,31.9259402,119.6915280,31.8995279,119.7024095,31.8857386,119.7171202,31.8748088,119.7679906,31.8558158,119.8016933,31.8522379,119.8206967,31.8561056,119.8520638,31.8754333
3223600,11,119.7243368,32.6442698,119.7160132,32.7292600,119.6352756,32.7137974,119.6752880,32.6371539,119.6509198,32.6162098,119.6430384,32.6009972,119.6423055,32.5680905,119.6506279,32.5397952,119.6665658,32.5103751,119.6809072,32.4990078,119.7174001,32.4873538
3223601,11,119.7240213,32.4023834,119.8030482,32.4178589,119.7647076,32.4995083,119.7880701,32.5203009,119.7957455,32.5355856,119.7984688,32.5520243,119.7910403,32.5968682,119.7756687,32.6219221,119.7611027,32.6331030,119.7243368,32.6442698,119.7174001,32.4873538
4000174800,11,119.2415932,34.4722846,119.3013604,34.5433480,119.2294644,34.5726004,119.1972841,34.4903326,119.1556293,34.4881640,119.1376599,34.4806733,119.1116483,34.4557065,119.0904235,34.4147404,119.0894059,34.3981634,119.0936220,34.3819339,119.1162593,34.3548398
4000174801,11,119.0566948,34.2837809,119.1283758,34.2545352,119.1604398,34.3368328,119.1822591,34.3355950,119.2198982,34.3464284,119.2349085,34.3574707,119.2602578,34.3952128,119.2683549,34.4289124,119.2550567,34.4599441,119.2415932,34.4722846,119.1162593,34.3548398
143200,11,119.0551795,33.7433032,118.9834886,33.6850592,119.0487986,33.6421353,119.0937818,33.7187975,119.1296927,33.7167944,119.1487490,33.7217206,119.1791757,33.7427666,119.1992279,33.7661610,119.2116857,33.7906377,119.2128602,33.8072072,119.2088329,33.8234647
143201,11,119.2715169,33.9000005,119.2061915,33.9395291,119.1561478,33.8628497,119.1202666,33.8648229,119.1011828,33.8598851,119.0707453,33.8388084,119.0414403,33.7906075,119.0409448,33.7740144,119.0551795,33.7433032,119.2088329,33.8234647,119.1998756,33.8383017
972100,10,118.4362781,35.1273852,118.4545900,35.2123954,118.3720915,35.2124122,118.3854067,35.1273901,118.3560411,35.1128788,118.3352633,35.0846965,118.3322334,35.0682845,118.3337442,35.0233126,118.3518563,34.9939332,118.3854611,34.9759001
972101,12,118.3721046,34.8909120,118.4512340,34.8909178,118.4362235,34.9759050,118.4698814,34.9939983,118.4812739,35.0077246,118.4879442,35.0233981,118.4894352,35.0399514,118.4894321,35.0683340,118.4812374,35.0955183,118.4545332,35.1201350,118.4362781,35.1273852,118.3854611,34.9759001
791200,11,119.1176127,36.7243395,119.1026134,36.8093387,119.0251904,36.7904329,119.0668611,36.7121051,119.0435668,36.6899040,119.0367006,36.6742458,119.0351230,36.6576958,119.0472563,36.6164188,119.0630374,36.5939874,119.0785520,36.5830185,119.1173311,36.5723679
791201,11,119.1340451,36.4873354,119.2148134,36.5062545,119.1681545,36.5846026,119.1912625,36.6038461,119.1997810,36.6189705,119.2031347,36.6353491,119.2010916,36.6518662,119.1852302,36.6911115,119.1569821,36.7149927,119.1176127,36.7243395,119.1173311,36.5723679
4000160400,10,120.0939006,36.4467797,120.1756867,36.2132529,120.1997731,36.2194122,120.1527982,36.2971034,120.1699657,36.3086745,120.1884791,36.3380130,120.1900798,36.3545611,120.1863075,36.3708790,120.1645521,36.4182923,120.1339770,36.4401566
4000160401,16,120.1000997,36.1892349,120.1781496,36.2091750,120.1756867,36.2132529,120.0939006,36.4467797,120.0767793,36.5321132,119.9984462,36.5121488,120.0009532,36.5080251,119.9770141,36.5019296,120.0241892,36.4242435,120.0069030,36.4125722,119.9884786,36.3831902,119.9869415,36.3666382,119.9907765,36.3503298,120.0125372,36.3030557,120.0430796,36.2812105,120.0830712,36.2745890
3325000,11,119.2649095,35.4645732,119.1866226,35.5195919,119.1385613,35.4628728,119.2368941,35.4295418,119.2357177,35.3993810,119.2424824,35.3837256,119.2539833,35.3700301,119.2994203,35.3409017,119.3306179,35.3315097,119.3509627,35.3313784,119.3883628,35.3437237
3325001,11,119.4684046,35.2854090,119.5114389,35.3421223,119.4197765,35.3787812,119.4231485,35.3974483,119.4125891,35.4292158,119.4001412,35.4423550,119.3539260,35.4674255,119.3227455,35.4768005,119.3023640,35.4769334,119.2649095,35.4645732,119.3883628,35.3437237
68400,11,118.7554300,37.3408802,118.8429913,37.3443099,118.8196515,37.4309670,118.8500365,37.4464516,118.8625586,37.4597439,118.8728006,37.4916369,118.8593489,37.5506092,118.8317695,37.5752120,118.8129233,37.5824522,118.7331618,37.4460962,118.7687576,37.4292320
68401,11,118.8129233,37.5824522,118.8212223,37.6674723,118.7386682,37.6640216,118.7570078,37.5773606,118.7301274,37.5622401,118.7180379,37.5486885,118.7107880,37.5331175,118.7088692,37.5165892,118.7105336,37.4883105,118.7206690,37.4594058,118.7331618,37.4460962
3320000,11,119.2679310,39.6775344,119.2438405,39.7445305,119.1455419,39.7061880,119.1143888,39.7272457,119.0940146,39.7327213,119.0512872,39.7308507,118.9906593,39.7107596,118.9762435,39.6984107,118.9620253,39.6673704,119.1570247,39.6495783,119.1612977,39.6658473
3320001,11,118.9620253,39.6673704,118.8520204,39.6524173,118.8794973,39.5904687,118.9777721,39.6238175,119.0088721,39.6045030,119.0294302,39.5995431,119.0509529,39.5988480,119.1020235,39.6091437,119.1331744,39.6222677,119.1474316,39.6347146,119.1570247,39.6495783
182900,11,118.9050315,42.2169254,118.9616704,42.2902414,118.8808251,42.3194279,118.8524430,42.2360727,118.8109810,42.2298809,118.7922210,42.2207970,118.7671789,42.1936095,118.7555450,42.1720098,118.7491906,42.1432662,118.7536280,42.1269974,118.7783897,42.0996877
182901,11,118.7166918,42.0263533,118.8025906,42.0022779,118.8275515,42.0855924,118.8685595,42.0894021,118.8882035,42.0973404,118.9160897,42.1229384,118.9277942,42.1463351,118.9335564,42.1730901,118.9196575,42.2043499,118.9050315,42.2169254,118.7783897,42.0996877
3277600,11,119.8002005,47.3107036,119.6785271,47.2974330,119.7060708,47.2338077,119.8193759,47.2704810,119.8524537,47.2496282,119.8752083,47.2435539,119.9236814,47.2441322,119.9942323,47.2662933,120.0095478,47.2792360,120.0194106,47.2944262,120.0231447,47.3108302
3277601,11,120.1481821,47.3259386,120.1189365,47.3878577,120.0022538,47.3511946,119.9726637,47.3686858,119.9498627,47.3747730,119.9012697,47.3741918,119.8324035,47.3541984,119.8161219,47.3417965,119.8051392,47.3269607,119.8002005,47.3107036,120.0231447,47.3108302
3324400,11,119.7137133,49.2175403,119.5837398,49.2209527,119.5940493,49.1539052,119.7173807,49.1755724,119.7452504,49.1524456,119.7670259,49.1439235,119.8167937,49.1391044,119.8991126,49.1538728,119.9184064,49.1646572,119.9327829,49.1783376,119.9412599,49.1939838
3324401,11,120.0746202,49.1873964,120.0609483,49.2544297,119.9342548,49.2361060,119.9065132,49.2591593,119.8847117,49.2677084,119.8348213,49.2725585,119.7557290,49.2577344,119.7364439,49.2469157,119.7221139,49.2332056,119.7137133,49.2175403,119.9412599,49.1939838
488000,4,120.3011500,22.6020600,120.3980900,22.5990700,120.3964000,22.5521400,120.2994900,22.5551300
488001,12,120.3980900,22.5990700,120.3964000,22.5521400,120.4000312,22.5496062,120.4036261,22.5547409,120.4064400,22.5602801,120.4084210,22.5661221,120.4095328,22.5721593,120.4097546,22.5782807,120.4090823,22.5843736,120.4075281,22.5903260,120.4051205,22.5960283,120.4019038,22.6013755
488002,12,120.3011500,22.6020600,120.2975266,22.6045973,120.2939345,22.5994603,120.2911244,22.5939192,120.2891479,22.5880760,120.2880413,22.5820381,120.2878249,22.5759166,120.2885025,22.5698243,120.2900615,22.5638732,120.2924731,22.5581727,120.2956930,22.5528277,120.2994900,22.5551300
488003,4,120.1925000,22.6360600,120.5089400,22.6263000,120.5049400,22.5179900,120.1887500,22.5277600
136800,4,120.7199400,22.0873600,120.7782800,22.0254200,120.7404300,21.9944300,120.6820900,22.0563600
136801,12,120.7782800,22.0254200,120.7404300,21.9944300,120.7409313,21.9902446,120.7473962,21.9913265,120.7536447,21.9932141,120.7595620,21.9958728,120.7650394,21.9992537,120.7699760,22.0032945,120.7742811,22.0079211,120.7778753,22.0130484,120.7806927,22.0185820,120.7826812,22.0244201
136802,12,120.7199400,22.0873600,120.7194503,22.0915553,120.7129811,22.0904723,120.7067289,22.0885831,120.7008087,22.0859225,120.6953296,22.0825395,120.6903924,22.0784964,120.6860880,22.0738676,120.6824956,22.0687384,120.6796811,22.0632032,120.6776963,22.0573638,120.6820900,22.0563600
136803,4,120.5851200,22.1126400,120.6724800,22.1842100,120.8751100,21.9690300,120.7877800,21.8975600
520900,4,121.5184000,22.0714700,121.5817600,22.0216200,121.5492700,21.9857300,121.4859200,22.0355700
520901,12,121.5817600,22.0216200,121.5492700,21.9857300,121.5504375,21.9816596,121.5566574,21.9836259,121.5625350,21.9863589,121.5679622,21.9898085,121.5728392,21.9939112,121.5770763,21.9985916,121.5805955,22.0037635,121.5833319,22.0093320,121.5852353,22.0151945,121.5862704,22.0212432
520902,12,121.5184000,22.0714700,121.5172493,22.0755500,121.5110259,22.0735822,121.5051456,22.0708474,121.4997167,22.0673958,121.4948392,22.0632910,121.4906028,22.0586085,121.4870854,22.0534346,121.4843518,22.0478646,121.4824521,22.0420008,121.4814212,22.0359513,121.4859200,22.0355700
520903,4,121.3810700,22.0777800,121.4560200,22.1606600,121.6865100,21.9792900,121.6115300,21.8965100
239800,4,121.4308700,22.7031700,121.4796200,22.7158300,121.5014900,22.6432700,121.4527700,22.6306200
239801,12,121.5014900,22.6432700,121.4527700,22.6306200,121.4512711,22.6266403,121.4576298,22.6250067,121.4641681,22.6241868,121.4707658,22.6241957,121.4773015,22.6250330,121.4836552,22.6266835,121.4897100,22.6291168,121.4953546,22.6322882,121.5004852,22.6361394,121.5050075,22.6405995
239802,12,121.4308700,22.7031700,121.4796200,22.7158300,121.4811283,22.7198163,121.4747654,22.7214508,121.4682226,22.7222712,121.4616203,22.7222623,121.4550800,22.7214244,121.4487223,22.7197728,121.4426642,22.7173381,121.4370172,22.7141649,121.4318854,22.7103117,121.4273631,22.7058496
239803,4,121.3693300,22.7930300,121.4818800,22.8222600,121.5628800,22.5533700,121.4505300,22.5241800
764800,4,121.0518700,22.7347600,121.1119000,22.8043100,121.1514300,22.7749600,121.0913900,22.7054200
764801,12,121.0518700,22.7347600,121.0475123,22.7335804,121.0497952,22.7278332,121.0528953,22.7224253,121.0567556,22.7174562,121.0613049,22.7130174,121.0664597,22.7091905,121.0721249,22.7060458,121.0781966,22.7036410,121.0845629,22.7020206,121.0911070,22.7012141,121.0913900,22.7054200
764802,12,121.1119000,22.8043100,121.1514300,22.7749600,121.1558046,22.7761447,121.1535253,22.7818935,121.1504278,22.7873032,121.1465690,22.7922745,121.1420198,22.7967157,121.1368639,22.8005450,121.1311963,22.8036920,121.1251212,22.8060987,121.1187505,22.8077208,121.1122015,22.8085284
764803,4,121.1548100,22.9030700,121.2460500,22.8352800,121.0486000,22.6066500,120.9574100,22.6743300
159700,4,121.5718600,23.9929100,121.6161900,24.0752900,121.6620200,24.0544700,121.6176700,23.9721100
159701,12,121.6161900,24.0752900,121.6620200,24.0544700,121.6660524,24.0565009,121.6624634,24.0616621,121.6581465,24.0663298,121.6531811,24.0704179,121.6476585,24.0738512,121.6416804,24.0765665,121.6353569,24.0785137,121.6288044,24.0796571,121.6221435,24.0799755,121.6154970,24.0794631
159702,12,121.5718600,23.9929100,121.5678350,23.9908918,121.5714259,23.9857327,121.5757434,23.9810675,121.5807079,23.9769819,121.5862283,23.9735510,121.5922029,23.9708379,121.5985219,23.9688925,121.6050691,23.9677505,121.6117243,23.9674329,121.6183650,23.9679456,121.6176700,23.9721100
159703,4,121.6354300,24.1802500,121.7412500,24.1321700,121.5984800,23.8671500,121.4928100,23.9151200
215600,4,120.3645200,23.5105900,120.4154300,23.5111200,120.4165600,23.4166200,120.3656800,23.4160900
215601,17,120.4165600,23.4166200,120.4192300,23.4131950,120.4156560,23.4110420,120.4118920,23.4091850,120.4079680,23.4076370,120.4039120,23.4064110,120.3997560,23.4055160,120.3955310,23.4049580,120.3912700,23.4047430,120.3870050,23.4048700,120.3827670,23.4053410,120.3785910,23.4061500,120.3745060,23.4072920,120.3705450,23.4087580,120.3667370,23.4105370,120.3631120,23.4126150,120.3656800,23.4160900
215602,17,120.3645200,23.5105900,120.3618590,23.5140220,120.3654350,23.5161760,120.3692010,23.5180340,120.3731280,23.5195820,120.3771870,23.5208090,120.3813470,23.5217050,120.3855750,23.5222630,120.3898400,23.5224790,120.3941090,23.5223510,120.3983500,23.5218810,120.4025300,23.5210710,120.4066180,23.5199290,120.4105820,23.5184620,120.4143920,23.5166820,120.4180200,23.5146030,120.4154300,23.5111200
215603,4,120.3299400,23.6121500,120.4475300,23.6133600,120.4510200,23.3150400,120.3337000,23.3138300
769700,4,120.5918300,24.3135800,120.6429700,24.3164300,120.6495700,24.2165200,120.5984700,24.2136800
769701,12,120.6495700,24.2165200,120.5984700,24.2136800,120.5960752,24.2100865,120.6019908,24.2072471,120.6082707,24.2051677,120.6147996,24.2038868,120.6214573,24.2034277,120.6281215,24.2037989,120.6346698,24.2049937,120.6409817,24.2069900,120.6469412,24.2097512,120.6524388,24.2132265
769702,12,120.5918300,24.3135800,120.6429700,24.3164300,120.6453822,24.3200317,120.6394622,24.3228727,120.6331770,24.3249532,120.6266421,24.3262349,120.6199780,24.3266941,120.6133074,24.3263224,120.6067531,24.3251267,120.6004360,24.3231289,120.5944722,24.3203659,120.5889717,24.3168885
769703,4,120.5515900,24.4134300,120.6697000,24.4200100,120.6896700,24.1166500,120.5718400,24.1100900
756400,4,121.1712860,25.0687300,121.2544530,25.1341750,121.2881520,25.0986410,121.2049910,25.0332150
756401,4,121.1795520,25.0572610,121.2603760,25.1208810,121.2940750,25.0853500,121.2132570,25.0217490
756402,17,121.2555880,25.1382630,121.2597320,25.1371320,121.2637520,25.1356770,121.2676170,25.1339080,121.2712980,25.1318390,121.2747670,25.1294860,121.2779970,25.1268670,121.2809640,25.1240010,121.2836450,25.1209110,121.2860200,25.1176190,121.2880700,25.1141520,121.2897810,25.1105350,121.2911390,25.1067960,121.2921340,25.1029640,121.2927590,25.0990670,121.2881520,25.0986410,121.2544530,25.1341750
756403,17,121.2038580,25.0291270,121.1997180,25.0302560,121.1957000,25.0317090,121.1918370,25.0334760,121.1881580,25.0355430,121.1846900,25.0378940,121.1814610,25.0405110,121.1784930,25.0433750,121.1758110,25.0464640,121.1734350,25.0497530,121.1713820,25.0532190,121.1696680,25.0568350,121.1683070,25.0605720,121.1673080,25.0644040,121.1666800,25.0683000,121.1712860,25.0687300,121.2049910,25.0332150
756404,17,121.2615100,25.1249690,121.2656540,25.1238390,121.2696730,25.1223840,121.2735380,25.1206150,121.2772190,25.1185470,121.2806880,25.1161940,121.2839180,25.1135750,121.2868850,25.1107100,121.2895660,25.1076200,121.2919410,25.1043290,121.2939920,25.1008620,121.2957030,25.0972450,121.2970610,25.0935060,121.2980570,25.0896740,121.2986810,25.0857770,121.2940750,25.0853500,121.2603760,25.1208810
756405,17,121.2121250,25.0176600,121.2079850,25.0187890,121.2039680,25.0202420,121.2001050,25.0220090,121.1964260,25.0240750,121.1929580,25.0264260,121.1897290,25.0290430,121.1867610,25.0319070,121.1840790,25.0349950,121.1817020,25.0382840,121.1796490,25.0417500,121.1779360,25.0453650,121.1765740,25.0491030,121.1755750,25.0529340,121.1749470,25.0568310,121.1795520,25.0572610,121.2132570,25.0217490
756406,4,121.3230800,25.2107000,121.4008300,25.1286700,121.1507200,24.9318700,121.0729300,25.0137800
756407,4,121.3171700,25.2239900,121.3949200,25.1419500,121.1424400,24.9433400,121.0646500,25.0252500
760800,4,121.5038300,25.0948000,121.6032100,25.0912800,121.6011900,25.0443700,121.5018500,25.0478800
760801,12,121.6032100,25.0912800,121.6011900,25.0443700,121.6048754,25.0418193,121.6085714,25.0469333,121.6114740,25.0524558,121.6135297,25.0582853,121.6147005,25.0643146,121.6149648,25.0704327,121.6143176,25.0765271,121.6127707,25.0824857,121.6103523,25.0881988,121.6071070,25.0935612
760802,12,121.5038300,25.0948000,121.5001481,25.0973498,121.4964550,25.0922331,121.4935565,25.0867083,121.4915060,25.0808771,121.4903410,25.0748467,121.4900829,25.0687283,121.4907362,25.0626343,121.4922888,25.0566769,121.4947121,25.0509656,121.4979613,25.0456056,121.5018500,25.0478800
760803,4,121.3932800,25.1293500,121.7163600,25.1179100,121.7116000,25.0096600,121.3888000,25.0210900
960003726,4,121.5025000,25.0430556,121.5094444,25.0305556,121.5238889,25.0352778,121.5188889,25.0486111
162500,11,121.3736206,28.5047198,121.3169344,28.4330652,121.3890722,28.4072550,121.4140370,28.4889033,121.4509651,28.4925763,121.4675110,28.5005796,121.4811391,28.5120722,121.5025914,28.5462808,121.5089876,28.5764412,121.5054104,28.5927395,121.4847655,28.6202118
162501,11,121.5414033,28.6919310,121.4692609,28.7177460,121.4409322,28.6360815,121.4114061,28.6334261,121.3942931,28.6263634,121.3798486,28.6156521,121.3557299,28.5786968,121.3493497,28.5484624,121.3529530,28.5321688,121.3736206,28.5047198,121.4847655,28.6202118
800900,10,120.7919428,27.8531485,120.7319208,27.7848466,120.8023185,27.7522142,120.8339942,27.8338848,120.8646349,27.8357546,120.8964513,27.8528363,120.9305747,27.9048228,120.9337755,27.9211783,120.9320766,27.9377085,120.9255917,27.9532868
800901,12,120.9697456,28.0351769,120.9026927,28.0677917,120.8727404,27.9844784,120.8392414,27.9820912,120.8222946,27.9749137,120.8080316,27.9641055,120.7790976,27.9254160,120.7717229,27.8984108,120.7738660,27.8819210,120.7919428,27.8531485,120.9255917,27.9532868,120.9147611,27.9668509
903000,10,119.9836367,29.2796312,119.9369487,29.2029805,120.0125000,29.1789725,120.0291996,29.2673263,120.0574620,29.2727666,120.0868363,29.2934261,120.1076460,29.3363840,120.1113088,29.3667217,120.1062594,29.3827261,120.0966263,29.3970458
903001,12,120.1247046,29.4854003,120.0507926,29.5060033,120.0341223,29.4193337,120.0046490,29.4131298,119.9886846,29.4040693,119.9759592,29.3917168,119.9556959,29.3519713,119.9532429,29.3204430,119.9591277,29.3046579,119.9836367,29.2796312,120.0966263,29.3970458,120.0830646,29.4087039
141300,14,120.5262923,30.2443668,120.2492287,30.1873695,120.2486989,30.1872327,120.2551570,30.1764639,120.2747465,30.1404268,120.2762337,30.1413186,120.2847662,30.1270906,120.3681491,30.1770844,120.3942464,30.1632841,120.4130271,30.1598447,120.4321973,30.1607223,120.4837941,30.1775270,120.5122455,30.1972412,120.5216860,30.2116958
141301,15,120.6179569,30.2744138,120.5852401,30.3345752,120.5841548,30.3339243,120.5752483,30.3512407,120.4918452,30.3012496,120.4656274,30.3137121,120.4466694,30.3164807,120.4275275,30.3149165,120.3762059,30.2974732,120.3488119,30.2778236,120.3395590,30.2632758,120.3353932,30.2305606,120.2420442,30.2005863,120.2492287,30.1873695,120.5262923,30.2443668
420800,11,121.4015832,29.8845760,121.3282766,29.9445914,121.2853037,29.8878987,121.3753114,29.8495488,121.3742913,29.8192988,121.3807054,29.8036613,121.3915628,29.7899965,121.4061226,29.7792344,121.4659597,29.7557800,121.5035089,29.7603219,121.5199977,29.7687258
420801,11,121.5933891,29.7087419,121.6363387,29.7688179,121.5463620,29.8021006,121.5489838,29.8329667,121.5432704,29.8488078,121.5330223,29.8628259,121.5189369,29.8740646,121.4556821,29.8975494,121.4365364,29.8974182,121.4015832,29.8845760,121.5199977,29.7687258
960003651,9,120.6046079,30.7019804,120.6084006,30.6883240,120.6179789,30.6769626,120.6318808,30.6696053,120.6448429,30.7392874,120.6289539,30.7360338,120.6157363,30.7277951,120.6112474,30.7215271,120.6059626,30.7092521
960003653,8,120.6943228,30.7264441,120.7149377,30.6745130,120.7403532,30.6624816,120.7486419,30.6816777,120.7202333,30.6867849,120.7215958,30.6940597,120.7178120,30.7077089,120.7082315,30.7190899
960003650,4,120.5775462,30.7143737,120.6059626,30.7092521,120.6112474,30.7215271,120.5858224,30.7335670
960003652,10,120.6318806,30.6696044,120.6652591,30.6589761,120.6813623,30.6567603,120.6972381,30.6600111,120.7104527,30.6682459,120.7149393,30.6745148,120.6943250,30.7264412,120.6943199,30.7264427,120.6609736,30.7370666,120.6448433,30.7392872
807900,11,120.3752171,31.4328812,120.3259589,31.3577902,120.4023427,31.3334333,120.4227994,31.4177253,120.4427444,31.4185075,120.4776099,31.4325819,120.4995705,31.4596415,120.5175878,31.5064943,120.5170662,31.5230866,120.5115234,31.5389983,120.4871944,31.5645599
807901,11,120.5366097,31.6396618,120.4600145,31.6640228,120.4394945,31.5797469,120.4194333,31.5789477,120.3845440,31.5648180,120.3626344,31.5377139,120.3447238,31.4908996,120.3452860,31.4743082,120.3508629,31.4584062,120.3752171,31.4328812,120.4871944,31.5645599
827300,17,121.3645148,31.3590844,121.2854644,31.3590636,121.3020782,31.2723236,121.2758934,31.2570482,121.2645146,31.2435963,121.2556197,31.2115751,121.2572842,31.1816446,121.2662894,31.1531725,121.2777027,31.1397564,121.2803405,31.1383741,121.2835104,31.1350019,121.3104743,31.1223469,121.3005283,31.0342023,121.3072188,31.0344950,121.3578607,31.2740823,121.3695214,31.3590766,121.3645134,31.3590759
827301,14,121.3072188,31.0344950,121.3071889,31.0342135,121.3202582,31.0350618,121.3795555,31.0376391,121.3792673,31.0388892,121.3862571,31.0393439,121.3662379,31.1209870,121.3953403,31.1399141,121.4053394,31.1541389,121.4110533,31.1866841,121.4093816,31.2183815,121.4013354,31.2426646,121.3754314,31.2670163,121.3578607,31.2740823
40045152,4,121.4321506,31.2367404,121.4250043,31.2302100,121.4310405,31.2251926,121.4378133,31.2290541
40000128,8,121.4673444,31.2352433,121.4705194,31.2357283,121.4746287,31.2293776,121.4740726,31.2281322,121.4724937,31.2273745,121.4693724,31.2262756,121.4671290,31.2300070,121.4657301,31.2331091
40000122,6,121.4333477,31.2057148,121.4330458,31.2022276,121.4359813,31.2012573,121.4383564,31.2019288,121.4400048,31.2070770,121.4354709,31.2071669
437300,11,120.9571766,31.9958892,120.9471722,31.9108833,121.0262317,31.9126319,121.0062235,31.9992868,121.0374044,32.0161349,121.0488375,32.0296085,121.0557705,32.0451314,121.0577291,32.0616465,121.0455831,32.1215539,121.0190322,32.1455896,121.0011788,32.1524462
437301,11,121.0162171,32.2357248,120.9337690,32.2357078,120.9538053,32.1524164,120.9341825,32.1441532,120.9196943,32.1329731,120.9031803,32.1031803,120.9039392,32.0583106,120.9127977,32.0267448,120.9242099,32.0132587,120.9571766,31.9958892,121.0011788,32.1524462
960003505,4,121.0736284,31.5098619,121.0736279,31.5087270,121.0756308,31.5087284,121.0756313,31.5098633
960003506,4,121.1030181,31.5131052,121.1026210,31.5128399,121.1014735,31.5140190,121.1018598,31.5142888
960003504,4,121.0724649,31.5108703,121.0719678,31.5116925,121.0721562,31.5117754,121.0726647,31.5109543
912100,11,120.2788235,33.4706542,120.3546684,33.5290756,120.2892962,33.5724069,120.2381001,33.4976731,120.1984290,33.5022233,120.1791943,33.4979529,120.1478535,33.4779524,120.1189722,33.4443085,120.1133787,33.4283801,120.1129167,33.4117863,120.1271500,33.3810939
912101,11,120.0515176,33.3226702,120.1167498,33.2793460,120.1677730,33.3541379,120.1874440,33.3496269,120.2265232,33.3538276,120.2437646,33.3620808,120.2761024,33.3929134,120.2924660,33.4233407,120.2883260,33.4560714,120.2788235,33.4706542,120.1271500,33.3810939
3256800,11,121.1482542,37.7582338,121.0829827,37.8012282,121.0246961,37.7295692,120.9879813,37.7349030,120.9673476,37.7318687,120.9484132,37.7247111,120.9041588,37.6906047,120.8874089,37.6668833,120.8840014,37.6505057,120.8934527,37.6184556,121.0616107,37.7014812
3256801,11,120.8934527,37.6184556,120.8117502,37.5617680,120.8753649,37.5187747,120.9353734,37.5904429,120.9676095,37.5853464,120.9883505,37.5876624,121.0076312,37.5941501,121.0508285,37.6260516,121.0698385,37.6532553,121.0725074,37.6697185,121.0616107,37.7014812
61400,11,121.4458415,38.9927122,121.3358274,39.0160770,121.3306005,38.9490525,121.4406233,38.9507039,121.4553331,38.9279160,121.4706069,38.9163274,121.4892109,38.9082065,121.5515490,38.8991054,121.5904307,38.9040412,121.6087721,38.9125148,121.6341238,38.9388633
61401,11,121.7408129,38.9172447,121.7493883,38.9859554,121.6394022,38.9776126,121.6233088,39.0040667,121.6079119,39.0155717,121.5892030,39.0235855,121.5284627,39.0325604,121.4895068,39.0275969,121.4711527,39.0191010,121.4458415,38.9927122,121.6341238,38.9388633
269400,11,121.2033765,40.8849028,121.1316750,40.8182321,121.2056271,40.7838339,121.2523345,40.8621800,121.2859929,40.8622065,121.3067339,40.8676348,121.3249153,40.8769347,121.3593467,40.9111952,121.3688884,40.9261571,121.3729785,40.9424652,121.3713421,40.9590174
269401,11,121.4216668,41.0517392,121.3443259,41.0894853,121.3009819,41.0078148,121.2636256,41.0081304,121.2429165,41.0025390,121.2106164,40.9804295,121.1838230,40.9312683,121.1848518,40.9146883,121.2033765,40.8849028,121.3713421,40.9590174,121.3517029,40.9884004
180600,11,120.4272199,41.4673963,120.4422496,41.3807054,120.5265317,41.3944852,120.4815323,41.4728165,120.5108842,41.4952491,120.5194151,41.5105684,120.5223633,41.5270192,120.5144943,41.5685664,120.4970220,41.5949749,120.4807254,41.6062440,120.4394232,41.6176308
180601,11,120.4277468,41.7026335,120.3400788,41.6837564,120.3834367,41.6071345,120.3656131,41.5964917,120.3445029,41.5676146,120.3455282,41.5347110,120.3554970,41.5147958,120.3707613,41.4914585,120.3865320,41.4797997,120.4272199,41.4673963,120.4394232,41.6176308
737200,11,122.1390889,43.4924387,122.0866603,43.4155006,122.1811536,43.3940621,122.1983694,43.4790137,122.2421005,43.4867702,122.2605867,43.4965497,122.2749603,43.5094650,122.2944488,43.5482310,122.2972584,43.5808612,122.2898622,43.5965712,122.2598365,43.6212811
737201,11,122.3125260,43.6982389,122.2176393,43.7196832,122.2003453,43.6347497,122.1563680,43.6269140,122.1378867,43.6170900,122.1143448,43.5889366,122.1042570,43.5654669,122.1015692,43.5327841,122.1090248,43.5170908,122.1390889,43.4924387,122.2598365,43.6212811
146900,11,122.1533038,46.0837411,122.2100505,46.1387450,122.1033898,46.1754018,122.1062320,46.2043453,122.0992992,46.2202352,122.0866536,46.2343408,122.0407395,46.2624065,121.9973229,46.2735677,121.9733206,46.2730723,121.9299072,46.2595626,122.0682813,46.1437116
146901,11,121.9299072,46.2595626,121.8433480,46.3195923,121.7865858,46.2679786,121.8949411,46.2279331,121.8903240,46.2106683,121.9005755,46.1785299,121.9143037,46.1649239,121.9575626,46.1409430,122.0010098,46.1297410,122.0249498,46.1302332,122.0682813,46.1437116
156400,11,122.3855213,30.0969767,122.3055285,30.0906169,122.3296373,30.0070938,122.3122232,29.9989393,122.2883922,29.9733038,122.2830043,29.9573755,122.2825591,29.9407817,122.2894819,29.8982105,122.3112014,29.8712178,122.3455663,29.8572499,122.3794191,30.0110522
156401,11,122.3455663,29.8572499,122.3394892,29.7713266,122.4192600,29.7776853,122.3952614,29.8612105,122.4125753,29.8693034,122.4364519,29.8948895,122.4418850,29.9108055,122.4423816,29.9273982,122.4355187,29.9700417,122.4138188,29.9970594,122.3794191,30.0110522
791300,11,122.3393517,37.3263574,122.2528918,37.3501106,122.2341589,37.2656427,122.1942406,37.2587104,122.1770844,37.2492751,122.1546629,37.2216242,122.1430359,37.1947454,122.1392550,37.1623998,122.1453367,37.1465251,122.1715795,37.1211179,122.2885157,37.2506886
791301,11,122.1715795,37.1211179,122.1209423,37.0454662,122.2071196,37.0217176,122.2257812,37.1062026,122.2655185,37.1130759,122.2826744,37.1224758,122.2961992,37.1350943,122.3168949,37.1770486,122.3207621,37.2093494,122.3147254,37.2252362,122.2885157,37.2506886
52700,11,124.2586834,39.9509319,124.2386341,39.8693027,124.3263017,39.8659005,124.3096450,39.9509089,124.3461786,39.9668594,124.3595638,39.9799087,124.3711732,40.0115967,124.3695078,40.0349888,124.3609725,40.0671323,124.3488605,40.0809019,124.3130028,40.0990869
52701,11,124.3313504,40.1807217,124.2487427,40.1858140,124.2620282,40.0974338,124.2280078,40.0816266,124.2148456,40.0684334,124.2065985,40.0530821,124.2004926,40.0133458,124.2099455,39.9821223,124.2224153,39.9685507,124.2586834,39.9509319,124.3130028,40.0990869
3336500,11,122.2900621,40.4881569,122.2216952,40.4198251,122.2990393,40.3871947,122.3356771,40.4705181,122.3725447,40.4708985,122.3929149,40.4768470,122.4105720,40.4866006,122.4410253,40.5195514,122.4533196,40.5514457,122.4429692,40.5834052,122.4300204,40.5967772
3336501,11,122.4966437,40.6651752,122.4209724,40.6978106,122.3792727,40.6144645,122.3424106,40.6140592,122.3220069,40.6080942,122.2906063,40.5854060,122.2699438,40.5498722,122.2666874,40.5334594,122.2691314,40.5169655,122.2900621,40.4881569,122.4300204,40.5967772
3278300,11,122.6703929,39.1957052,122.6917687,39.1111637,122.7754248,39.1345273,122.7224462,39.2102298,122.7387515,39.2219017,122.7563742,39.2518504,122.7571251,39.2684384,122.7523039,39.2846116,122.7374492,39.3103801,122.7050571,39.3317176,122.6632025,39.3376538
3278301,11,122.6417480,39.4221738,122.5578026,39.3988034,122.6110731,39.3231284,122.5946594,39.3113425,122.5771625,39.2813444,122.5764937,39.2647542,122.5813927,39.2485953,122.5962441,39.2229405,122.6286171,39.2016313,122.6703929,39.1957052,122.6632025,39.3376538
827700,11,123.3850469,41.6018626,123.2916885,41.5552650,123.3518752,41.5070840,123.4218284,41.5704134,123.4602842,41.5630448,123.4823200,41.5649589,123.5029461,41.5710712,123.5557787,41.5993147,123.5787480,41.6243332,123.5838077,41.6404949,123.5766655,41.6729719
827701,11,123.6749805,41.7197285,123.6131445,41.7695845,123.5415050,41.7045866,123.5046822,41.7136209,123.4824678,41.7129029,123.4425132,41.6989935,123.4075313,41.6756707,123.3836676,41.6505153,123.3783757,41.6343950,123.3850469,41.6018626,123.5766655,41.6729719
110300,11,122.9448830,41.2521440,122.8606244,41.2693190,122.8506229,41.1826506,122.8127942,41.1740161,122.7954000,41.1638156,122.7738319,41.1351892,122.7671791,41.1118959,122.7650159,41.0819973,122.7718185,41.0662111,122.8001551,41.0411788,122.9032734,41.1704170
110301,11,122.8001551,41.0411788,122.7567963,40.9595122,122.8427538,40.9457122,122.8543643,41.0290099,122.8934148,41.0393528,122.9100139,41.0502513,122.9223128,41.0640169,122.9394815,41.0997548,122.9404898,41.1306321,122.9328977,41.1462144,122.9032734,41.1704170
3320600,11,122.9183678,45.4854224,122.8083341,45.4488016,122.8582220,45.3904100,122.9515828,45.4504090,122.9869327,45.4375975,123.0104027,45.4355290,123.0338368,45.4377886,123.0857046,45.4559153,123.1140356,45.4777803,123.1226513,45.4932404,123.1217036,45.5261462
3320601,11,123.2316714,45.5612022,123.1800870,45.6179242,123.0883739,45.5612587,123.0526382,45.5727805,123.0290059,45.5741399,123.0056778,45.5711667,122.9576454,45.5524261,122.9305408,45.5333324,122.9204919,45.5183012,122.9183678,45.4854224,123.1217036,45.5261462
417700,11,123.9059735,47.3144005,123.8777089,47.3977095,123.7848782,47.3753441,123.8482045,47.3019870,123.8226731,47.2765660,123.8172726,47.2603774,123.8182312,47.2437919,123.8354355,47.2063361,123.8599409,47.1820292,123.8800152,47.1725788,123.9273287,47.1656064
417701,11,123.9556050,47.0839692,124.0484417,47.1046457,123.9851155,47.1779902,124.0021665,47.1903220,124.0192001,47.2211330,124.0183860,47.2377221,124.0012316,47.2753325,123.9745208,47.2999859,123.9538190,47.3088424,123.9059735,47.3144005,123.9273287,47.1656064
3320400,11,122.8183971,47.9355442,122.8633674,48.0155393,122.7619932,48.0258842,122.7587147,47.9425853,122.7123211,47.9302823,122.6946118,47.9186775,122.6819954,47.9043951,122.6753288,47.8884100,122.6725273,47.8405881,122.6813404,47.8250801,122.7149931,47.8011532
3320401,11,122.6732849,47.7194962,122.7712473,47.7040616,122.7796177,47.7924165,122.8162443,47.8016046,122.8352100,47.8122462,122.8494364,47.8258201,122.8663215,47.8665157,122.8643283,47.8978545,122.8541677,47.9129908,122.8183971,47.9355442,122.7149931,47.8011532
263100,11,124.1347690,50.4458783,124.1364578,50.5291856,124.0282496,50.5222556,124.0699072,50.4372406,124.0373790,50.4200210,124.0241500,50.4057229,124.0171846,50.3897296,124.0186102,50.3498506,124.0355190,50.3248021,124.0533076,50.3126988,124.1002572,50.2991318
263101,11,124.1002601,50.2107864,124.2067665,50.2227785,124.1650902,50.3027624,124.2051215,50.3241958,124.2226197,50.3551555,124.2214131,50.3717359,124.2163980,50.3901196,124.1991007,50.4196308,124.1596089,50.4408525,124.1347690,50.4458783,124.1002572,50.2991318
450900,11,122.3619145,52.9828962,122.2803211,53.0529108,122.2012864,53.0014063,122.3162617,52.9531673,122.3047717,52.9242755,122.3083819,52.9078206,122.3189257,52.8924892,122.3572801,52.8626974,122.3993227,52.8476506,122.4264072,52.8448357,122.4795706,52.8520736
450901,11,122.5629783,52.7837594,122.6420667,52.8284944,122.5287195,52.8818917,122.5407511,52.9103189,122.5376287,52.9268100,122.5275278,52.9422514,122.5111307,52.9555891,122.4426994,52.9845374,122.4158441,52.9882962,122.3619145,52.9828962,122.4795706,52.8520736
40002548,19,124.5427012,40.2664999,124.4339999,40.1783985,124.3790987,40.1305987,124.3626990,40.1247003,124.3213016,40.0922015,124.3058009,40.0611013,124.3083989,40.0441997,124.3381000,40.0208000,124.3200000,39.9767000,124.3521000,39.9728000,124.3708000,40.0117000,124.3650000,40.0808000,124.3954989,40.1149018,124.4092011,40.1349999,124.4294010,40.1405013,124.4562989,40.1721992,124.4839000,40.1727000,124.5169000,40.2191998,124.5652993,40.2509019
3356500,11,125.6516787,42.0050157,125.5699733,41.9416666,125.6421785,41.9038001,125.6971374,41.9771237,125.7362951,41.9745554,125.7577866,41.9790536,125.7769844,41.9875302,125.8092828,42.0161085,125.8283988,42.0456231,125.8296751,42.0621943,125.8150694,42.0932701
3356501,11,125.8950303,42.1532901,125.8228190,42.1945331,125.7678575,42.1195416,125.7296708,42.1212645,125.7082640,42.1164301,125.6740096,42.0955164,125.6416389,42.0531045,125.6392326,42.0366027,125.6426584,42.0202007,125.6516787,42.0050157,125.8150694,42.0932701
179300,11,125.5883286,43.9618827,125.4849700,43.9186359,125.5468129,43.8670787,125.6234750,43.9320784,125.6636362,43.9232475,125.6866173,43.9244801,125.7083757,43.9299505,125.7574715,43.9559789,125.7856843,43.9826672,125.7912491,44.0153353,125.7850748,44.0313288
179301,11,125.8867022,44.0763670,125.8248418,44.1279206,125.7465470,44.0629228,125.7045089,44.0721922,125.6814894,44.0707892,125.6597632,44.0651492,125.6108539,44.0373503,125.5850678,44.0104897,125.5801781,43.9942684,125.5883286,43.9618827,125.7850748,44.0313288
3151400,15,126.0813094,45.5107410,126.3958955,45.7045109,126.4331801,45.7284737,126.3595777,45.7699866,126.2966902,45.6955442,126.2480501,45.7009475,126.2250094,45.6968806,126.1872372,45.6772091,126.1482938,45.6395899,126.1446750,45.6304678,126.1322547,45.6198365,126.1121968,45.5884351,126.1118329,45.5718388,126.1226243,45.5527682,126.0686352,45.5179131
3151401,17,126.1411704,45.4768661,126.1419720,45.4764125,126.1746826,45.5153796,126.1987480,45.5102447,126.2454392,45.5138051,126.2662202,45.5217724,126.3146423,45.5599534,126.3301892,45.5841081,126.3393592,45.5913516,126.3592392,45.6227554,126.3536837,45.6554379,126.3506739,45.6591887,126.4096711,45.6966369,126.3958955,45.7045109,126.0813094,45.5107410,126.0379386,45.4830894,126.1108575,45.4412675
69300,11,125.1242804,46.8277420,125.0942942,46.9110744,125.0032073,46.8852899,125.0665399,46.8086135,125.0418649,46.7849306,125.0356885,46.7688804,125.0357893,46.7522823,125.0421548,46.7362675,125.0671918,46.7015068,125.1035726,46.6800478,125.1507045,46.6739241
69301,11,125.1790022,46.5939440,125.2701074,46.6163501,125.2067830,46.6930340,125.2298813,46.7149335,125.2366031,46.7308793,125.2370768,46.7474744,125.2195509,46.7853372,125.2082616,46.8005497,125.1716056,46.8218535,125.1242804,46.8277420,125.1507045,46.6739241
4000256200,11,126.2442167,48.4468413,126.3721435,48.4636861,126.3386164,48.5258830,126.2235276,48.4852517,126.1840874,48.5075513,126.1351267,48.5131328,126.1106908,48.5094658,126.0529399,48.4931747,126.0346590,48.4818302,126.0214388,48.4677345,126.0133645,48.4352607
4000256201,11,125.8857014,48.4183314,125.9192546,48.3561436,126.0340136,48.3970083,126.0522805,48.3835850,126.0972821,48.3698106,126.1222477,48.3691539,126.1801392,48.3807656,126.2226326,48.4003334,126.2432887,48.4302544,126.2442167,48.4468413,126.0133645,48.4352607
415200,10,127.5669223,41.9976632,127.5401845,41.9143928,127.6295810,41.9058164,127.6229326,41.9908301,127.6604861,42.0067874,127.6742746,42.0198468,127.6830488,42.0351118,127.6910948,42.0890115,127.6736512,42.1192727,127.6381287,42.1390005
415201,12,127.6647690,42.2223411,127.5770368,42.2258145,127.5837377,42.1425088,127.5462841,42.1275355,127.5319639,42.1147808,127.5225872,42.0997107,127.5187901,42.0833534,127.5171249,42.0600613,127.5223037,42.0332893,127.5327763,42.0186270,127.5669223,41.9976632,127.6381287,42.1390005
139200,11,127.3556281,50.0155990,127.4519083,50.0397117,127.3819033,50.1130243,127.4121706,50.1399820,127.4180497,50.1561470,127.4172002,50.1727363,127.4096729,50.1886192,127.3677470,50.2314940,127.3219011,50.2464414,127.2960246,50.2477388,127.3223252,50.0955846
139201,11,127.2960246,50.2477388,127.2626675,50.3310849,127.1663970,50.3019022,127.2330703,50.2285810,127.2090543,50.2065699,127.2022460,50.1905540,127.2021466,50.1739559,127.2087560,50.1579067,127.2512693,50.1126455,127.2723378,50.1030058,127.3223252,50.0955846
911000,10,129.3504943,42.8942029,129.2338218,42.8925833,129.2441862,42.8255581,129.3592403,42.8505375,129.3830148,42.8290869,129.4024418,42.8205731,129.4468321,42.8157758,129.5183604,42.8332590,129.5475320,42.8582746,129.5545460,42.8740566
911001,12,129.6712081,42.8707715,129.6557703,42.9377924,129.5441488,42.9127751,129.5176918,42.9359319,129.4978296,42.9439366,129.4758106,42.9479012,129.4214910,42.9442234,129.3876791,42.9345327,129.3705611,42.9236513,129.3578787,42.9098950,129.3504943,42.8942029,129.5545460,42.8740566
628600,12,129.7100892,44.6501577,129.6241698,44.6827788,129.5858378,44.6011122,129.5419330,44.5965412,129.5217938,44.5881852,129.4938230,44.5619890,129.4822104,44.5437435,129.4728948,44.5144493,129.4762915,44.4980288,129.4999698,44.4697826,129.6555833,44.5684964,129.6417839,44.5818710
628601,10,129.4999698,44.4697826,129.4315979,44.3964486,129.5141264,44.3672092,129.5524837,44.4488842,129.5937128,44.4519964,129.6144369,44.4595248,129.6444184,44.4845349,129.6666046,44.5365348,129.6640479,44.5530327,129.6555833,44.5684964
3277700,11,128.9259627,47.7894560,128.8093458,47.8261800,128.7835395,47.7608784,128.9102630,47.7491666,128.9215657,47.7245366,128.9361842,47.7111660,128.9554404,47.7007936,129.0113410,47.6857945,129.0520281,47.6851692,129.0753957,47.6904663,129.1122548,47.7120971
3277701,11,129.2306855,47.6771619,129.2547764,47.7424688,129.1280996,47.7524773,129.1158229,47.7826150,129.1009390,47.7958628,129.0814510,47.8060681,129.0270075,47.8192031,128.9839573,47.8186244,128.9610096,47.8124568,128.9259627,47.7894560,129.1122548,47.7120971
4004770900,11,130.9163658,44.3975268,131.0084116,44.3414047,131.0574403,44.3974028,130.9466358,44.4320755,130.9509015,44.4498426,130.9485023,44.4663522,130.9401945,44.4818557,130.9084695,44.5057535,130.8573469,44.5257241,130.8111916,44.5263968,130.7707651,44.5105113
4004770901,11,130.6784789,44.5665367,130.6293808,44.5105274,130.7405538,44.4760285,130.7363285,44.4581290,130.7388174,44.4416261,130.7472010,44.4261450,130.7789920,44.4023214,130.8299411,44.3824093,130.8759817,44.3817021,130.9163658,44.3975268,130.7707651,44.5105113
268300,11,130.3649092,46.8101993,130.2615437,46.7652871,130.3268731,46.7154156,130.4085516,46.7787499,130.4509211,46.7706001,130.4750437,46.7721906,130.5174893,46.7876292,130.5664902,46.8293828,130.5717839,46.8455812,130.5707688,46.8621649,130.5635085,46.8780036
268301,11,130.6701292,46.9230490,130.6014319,46.9729155,130.5248407,46.9095877,130.4824615,46.9177161,130.4582743,46.9161200,130.4355200,46.9102976,130.3891225,46.8856701,130.3617433,46.8588147,130.3565126,46.8426065,130.3649092,46.8101993,130.5635085,46.8780036
3277000,11,131.1094891,45.3361732,131.0028970,45.3795545,130.9668277,45.3159854,131.0868211,45.2993264,131.0952597,45.2703593,131.1079380,45.2563639,131.1253237,45.2451526,131.1745758,45.2274851,131.2182800,45.2248658,131.2408564,45.2296278,131.2771034,45.2504079
3277001,11,131.3854682,45.2087849,131.4198241,45.2723628,131.2998180,45.2873696,131.2979867,45.3054811,131.2899989,45.3211000,131.2584926,45.3454450,131.2371202,45.3525086,131.1701796,45.3596004,131.1472366,45.3556512,131.1094891,45.3361732,131.2771034,45.2504079
960003078,8,132.6043592,47.1383448,132.7189297,47.1123018,132.7220774,47.0984175,132.7171890,47.0847923,132.7108173,47.0788650,132.7393253,47.0631861,132.7171888,47.0493369,132.6966551,47.0700053
3320800,10,134.2598828,48.1685927,134.1481946,48.1253647,134.2151537,48.0704118,134.3001417,48.1337445,134.3417636,48.1253007,134.3665762,48.1263913,134.4391832,48.1526353,134.4686502,48.1776254,134.4756038,48.1935630,134.4702012,48.2262780
3320801,12,134.5768271,48.2713406,134.5148821,48.3212566,134.4299018,48.2612574,134.3845055,48.2705355,134.3596585,48.2691315,134.3362083,48.2634899,134.2874662,48.2390227,134.2626870,48.2172203,134.2553219,48.2013644,134.2543676,48.1847783,134.2598828,48.1685927,134.4702012,48.2262780
960003080,10,132.6043597,47.1383439,132.5758019,47.1540081,132.5979555,47.1678613,132.6185349,47.1471957,132.6277496,47.1510151,132.6481392,47.1531877,132.6682029,47.1498687,132.6848687,47.1415815,132.7082162,47.1242809,132.7189294,47.1123008
960003079,10,132.6966551,47.0700053,132.6874095,47.0661772,132.6670384,47.0640187,132.6470200,47.0673430,132.6304052,47.0756018,132.6070310,47.0928925,132.5963045,47.1048650,132.5931211,47.1187265,132.5979633,47.1323720,132.6043592,47.1383448
