:020000040800F2
:1000000000060020E1020008E3020008E302000805
:10001000E3020008E3020008E3020008E30200082C
:10002000E3020008E3020008E3020008457000084C
:10003000E3020008E3020008E3020008E30200080C
:10004000E3020008E3020008E3020008E3020008FC
:10005000E3020008E3020008E3020008E3020008EC
:10006000E3020008E3020008E3020008514600082A
:1000700079460008A5460008D1460008FD4600085C
:100080002547000851470008E3020008E302000882
:10009000E3020008E3020008E3020008E3020008AC
:1000A000E3020008E3020008E3020008E30200089C
:1000B000E3020008E3020008E3020008E30200088C
:1000C000E3020008E3020008E3020008E30200087C
:1000D000E3020008E3020008E3020008E30200086C
:1000E000E3020008E3020008E3020008E30200085C
:1000F000E3020008E3020008E30200087D4700086D
:10010000E3020008517F0008657F0008E302000851
:10011000E3020008E3020008E3020008E30200082B
:10012000A9470008D1470008FD47000829480008F2
:1001300055480008E3020008E3020008E302000853
:10014000E3020008E3020008E3020008E3020008FB
:100150007D480008A9480008D5480008E3020008C7
:10016000E3020008E3020008E3020008E3020008DB
:10017000E3020008317C0008E3020008E302000803
:10018000E3020008E3020008E3020008E3020008BB
:10019000E3020008E3020008E3020008E3020008AB
:1001A000E3020008E3020008E3020008E30200089B
:1001B000E3020008E3020008E3020008E30200088B
:1001C000E3020008E3020008E3020008E30200087B
:1001D000E30200081D7C0008E3020008E3020008B7
:1001E000E3020008E3020008E3020008E30200085B
:1001F000E3020008E3020008E3020008E30200084B
:10020000E3020008E3020008E3020008E30200083A
:10021000E3020008E3020008E3020008E30200082A
:10022000E3020008E3020008E3020008E30200081A
:10023000E3020008E3020008E3020008E30200080A
:10024000E3020008E3020008E3020008E3020008FA
:10025000E3020008E3020008E3020008E3020008EA
:10026000E3020008E3020008E3020008E3020008DA
:10027000E3020008E3020008E3020008E3020008CA
:10028000E3020008E3020008E3020008E3020008BA
:10029000E3020008E3020008E3020008E3020008AA
:1002A000E3020008E3020008E3020008E30200089A
:1002B000E3020008E3020008E3020008E30200088A
:1002C000E3020008E3020008E3020008E30200087A
:1002D000E3020008E3020008E3020008E30200086A
:1002E00002E000F000F8FEE772B6374880F30888B5
:1002F000364880F3098836483649086040F20000E5
:10030000CCF200004EF63471CEF200010860BFF36B
:100310004F8FBFF36F8F40F20000C0F2F0004EF637
:100320008851CEF200010860BFF34F8FBFF36F8F8B
:100330004FF00000E1EE100A4EF63C71CEF20001E3
:100340000860062080F31488BFF36F8F06F0DCFE90
:1003500006F05EF84FF055301F491B4A91423CBFF2
:1003600041F8040BFAE71D49184A91423CBF41F895
:10037000040BFAE71A491B4A1B4B9A423EBF51F83D
:10038000040B42F8040BF8E700201849184A914280
:100390003CBF41F8040BFAE706F0F4FE06F0BCF8A7
:1003A000144C154DAC4203DA54F8041B8847F9E7A6
:1003B00000F0C4F9114C124DAC4203DA54F8041B9E
:1003C0008847F9E706F0DCBE000600200022002086
:1003D0000000000808ED00E00000002000060020FA
:1003E000A092000800220020642200206822002041
:1003F000C4580020E0020008E0020008E002000803
:10040000E00200082DE9F04F2DED108AC1F80CD064
:10041000D0F80CD0BDEC108ABDE8F08F002383F338
:1004200011882846A047002005F0D4FDFEE705F01E
:100430005FFD00DFFEE7000053B94AB9002908BF9D
:1004400000281CBF4FF0FF314FF0FF3000F074B9AF
:10045000ADF1080C6DE904CE00F006F8DDF804E01B
:10046000DDE9022304B070472DE9F047089D0446FA
:100470008E46002B4DD18A42944669D9B2FA82F257
:1004800052B101FA02F3C2F1200120FA01F10CFA93
:1004900002FC41EA030E94404FEA1C48210CBEFBCB
:1004A000F8F61FFA8CF708FB16E341EA034306FB54
:1004B00007F199420AD91CEB030306F1FF3080F0E3
:1004C0001F81994240F21C81023E63445B1AA4B230
:1004D000B3FBF8F008FB103344EA034400FB07F7D2
:1004E000A7420AD91CEB040400F1FF3380F00A8113
:1004F000A74240F207816444023840EA0640E41B08
:1005000000261DB1D4400023C5E900433146BDE8B3
:10051000F0878B4209D9002D00F0EF800026C5E955
:10052000000130463146BDE8F087B3FA83F6002E6D
:100530004AD18B4202D3824200F2F980841A61EBE5
:10054000030301209E46002DE0D0C5E9004EDDE703
:1005500002B9FFDEB2FA82F2002A40F09280A1EBEB
:100560000C014FEA1C471FFA8CFE0126200CB1FB40
:10057000F7F307FB131140EA01410EFB03F0884239
:1005800008D91CEB010103F1FF3802D2884200F2C6
:10059000CB804346091AA4B2B1FBF7F007FB101158
:1005A00044EA01440EFB00FEA64508D91CEB0404F6
:1005B00000F1FF3102D2A64500F2BB800846A4EB51
:1005C0000E0440EA03409CE7C6F12007B34022FA3C
:1005D00007FC4CEA030C20FA07F401FA06F31C436B
:1005E000F9404FEA1C4900FA06F3B1FBF9F8200C78
:1005F0001FFA8CFE09FB181140EA014108FB0EF0BE
:10060000884202FA06F20BD91CEB010108F1FF3A0D
:1006100080F08880884240F28580A8F10208614419
:10062000091AA4B2B1FBF9F009FB101144EA014127
:1006300000FB0EFE8E4508D91CEB010100F1FF34D2
:100640006CD28E456AD90238614440EA0840A0FB6A
:100650000294A1EB0E01A142C846A64656D353D040
:100660005DB1B3EB080261EB0E0101FA07F722FA64
:1006700006F3F1401F43C5E9007100263146BDE88D
:10068000F087C2F12003D8400CFA02FC21FA03F3F0
:10069000914001434FEA1C471FFA8CFEB3FBF7F071
:1006A00007FB10360B0C43EA064300FB0EF69E4296
:1006B00004FA02F408D91CEB030300F1FF382FD22F
:1006C0009E422DD9023863449B1B89B2B3FBF7F6D7
:1006D00007FB163341EA034106FB0EF38B4208D9B0
:1006E0001CEB010106F1FF3816D28B4214D9023EF1
:1006F0006144C91A46EA004638E72E46284605E70F
:100700000646E3E61846F8E64B45A9D2B9EB0208DF
:1007100064EB0C0E0138A3E74646EAE7204694E76F
:100720004046D1E7D0467BE7023B614432E73046A2
:1007300009E76444023842E7704700BF38B501F06A
:100740007FFA01F021FC06F087FB054606F070FCFD
:100750000446D0B90F4B9D4219D001339D4241F25E
:10076000883504BF01240025002006F07FFB0CB172
:1007700000F076F801F0DCFB00F02EFD08B100F08F
:100780006FF8284600F01AF9F9E70025ECE705466E
:10079000EAE700BF010007B008B501F023FAA0F1B5
:1007A00020035842584108BD07B5042101900DEBC4
:1007B000010001F035FA03B05DF804FB38B53023D1
:1007C00083F31188174803680BB105F0E7FC002399
:1007D000154A4FF47A71134805F0D6FC002383F3D1
:1007E0001188124C236813B12368013B23606368AE
:1007F00013B16368013B63600D4D2B7833B96368B7
:100800007BB9022001F0F4FA322363602B78032BCA
:1008100007D163682BB9022001F0EAFA4FF47A732A
:10082000636038BD68220020BD07000888230020CF
:1008300080220020084B187003280CD8DFE800F055
:1008400008050208022001F0C1BA022001F0ACBA8A
:10085000024B00225A60704780220020882300202B
:10086000F8B5504B504A1C461968013100F0998088
:1008700004339342F8D162684C4B9A4240F2918023
:100880004B4B9B6803F1006303F500339A4280F001
:100890008880002001F0FAF90220FFF7CBFF454BDA
:1008A0000021D3F8E820C3F8E810D3F81021C3F8EA
:1008B0001011D3F81021D3F8EC20C3F8EC10D3F8C2
:1008C0001421C3F81411D3F81421D3F8F020C3F87D
:1008D000F010D3F81821C3F81811D3F81821D3F861
:1008E000802042F00062C3F88020D3F8802022F0FC
:1008F0000062C3F88020D3F88020D3F8802042F033
:100900000072C3F88020D3F8802022F00072C3F870
:100910008020D3F8803072B64FF0E023C3F8084D42
:10092000D4E90004BFF34F8FBFF36F8F224AC2F8A0
:100930008410BFF34F8F536923F480335361BFF3A7
:100940004F8FD2F8803043F6E076C3F3C905C3F386
:100950004E335B0103EA060C29464CEA81770139E4
:10096000C2F87472F9D2203B13F1200FF2D1BFF319
:100970004F8FBFF36F8FBFF34F8FBFF36F8F5369ED
:1009800023F4003353610023C2F85032BFF34F8F7A
:10099000BFF36F8F302383F31188854680F3088877
:1009A0002047F8BD0000020820000208FFFF0108F0
:1009B000002200200044025800ED00E02DE9F04F35
:1009C00095B0DFF8D8922022FF21029004A8D9F830
:1009D000085001F057FAA84A1378A3B90121A74893
:1009E00011700360302383F3118803680BB105F0A5
:1009F000D5FB0023A24A4FF47A71A04805F0C4FB4E
:100A0000002383F31188029B13B19E4B029A1A6054
:100A10009D4A1378032B03D000231370994A536027
:100A20004FF0000B029C5E46DA46CDF804B0012080
:100A300001F0CCF924B1934B1B68002B00F0288205
:100A4000002001F0CFF8B0F10008F3DB012001F045
:100A5000ABF9A8F121031F2BE9D801A252F823F02A
:100A6000E10A0008FD0A00088B0B00082F0A0008A5
:100A70002F0A00082F0A0008150C0008070E0008AE
:100A8000F90C0008550D00087B0D0008A10D0008A9
:100A90002F0A0008B30D0008D70D00084F0E0008FC
:100AA000690B00082F0A0008970E0008ED0A0008DD
:100AB000690B00082F0A0008550D00082F0A0008CE
:100AC0002F0A00082F0A00082F0A00082F0A000822
:100AD0002F0A00082F0A00082F0A00088B0B0008B5
:100AE0000220FFF759FE002840F0FF81029B0221FF
:100AF0006648BBF1000F08BF1C4640E04FF47A7017
:100B000001F070F8071EF1DB0220FFF745FE002818
:100B1000ECD0013F052F00F2EA81DFE807F0030780
:100B20000A0D10330520FFF73FFE14E0D9F800004E
:100B3000F9E7D9F80400F6E7D9F80800F3E74FF031
:100B40001C08404608F1040801F0A2F8FFF72CFE4B
:100B5000B8F12C0FF5D10120019B4FF0000A00FAEB
:100B600007F71F43FBB2019301F0D8F92EB1019BA7
:100B700003F00B030B2B08BF00240221444801F0B3
:100B80004FF854E7D9F80C00CDE7002EAED0019B0A
:100B900003F00B030B2BA9D10220FFF7FDFD074645
:100BA0000028A3D00120002601F070F80220FFF7F2
:100BB00041FE1FFA86FB584601F078F8044688B1DA
:100BC000A8F14002584601365142514101F07EF8E9
:100BD0000028EED1BB46044602212E483E4601F0D5
:100BE0001FF824E725460120FFF724FED9F8083036
:100BF000AB4207D9284601F04BF8013040F07A812A
:100C00000435F3E70025204BBB463E461D701D4BC7
:100C10005D60A9E7002E3FF469AF019B03F00B0371
:100C20000B2B7FF463AF0220FFF704FE322000F0AD
:100C3000D9FFB0F10008FFF659AF18F003077FF4B1
:100C400055AF08EB0503D9F8082093423FF64EAFA5
:100C5000B8F5807F3FF74AAF0F4BB84503931FDDD0
:100C60004FF47A7000F0BEFF0028FFF63FAF039B01
:100C7000013703F8010BF0E78423002068220020ED
:100C8000BD0700088823002080220020CC880008AF
:100C9000C4880008C88800088422002000220020A0
:100CA000C820FFF779FD074600283FF41FAF1F2D2E
:100CB00011D8C5F1200204AB25F003008F4942454D
:100CC000184428BF4246039201F0B6F8039AFF2168
:100CD0008A4801F0D7F84FEAA803C8F3870287498A
:100CE0002846039301F0D6F8064600283FF474AF77
:100CF000039B05EB830537E70220FFF74DFD002836
:100D00003FF4F4AE01F000F800283FF4EFAE002706
:100D1000B846D9F80830BB4218D91F2F11D8049B08
:100D200001330ED027F0030314AA134453F8403CB8
:100D30000C93404604220CA9043701F037F9804691
:100D4000E7E7384600F0A4FF0C90F2E74046FFF7D3
:100D50002BFD09E7002364210CA80C9300F056FF3B
:100D600000287FF4C3AE0220FFF716FD00283FF4F1
:100D7000BDAE0C9800F0BEFFE9E7002364210CA88B
:100D80000C9300F043FF00287FF4B0AE0220FFF781
:100D900003FD00283FF4AAAE0C9800F0ADFFD6E7A3
:100DA0000220FFF7F9FC00283FF4A0AE00F0BCFFE2
:100DB000CDE70220FFF7F0FC00283FF497AE0CA926
:100DC000142000F0B7FF0390FFF7EEFC03990CA886
:100DD00000F026FFC8E60220FFF7DEFC00283FF403
:100DE00085AE474B0CAF03F1100C1868083353F86D
:100DF000041C3A46634503C21746F6D11020FFF79C
:100E0000D3FC1021E3E7322000F0ECFE071EFFF6D2
:100E10006DAEBB077FF46AAE07EB0A03D9F8082072
:100E200093423FF663AE0220FFF7B6FC00283FF482
:100E30005DAE27F003075744BA453FF495AE5046E0
:100E40000AF1040A00F024FFFFF7AEFCF4E74FF4C8
:100E50007A70FFF7A1FC00283FF448AE00F054FF81
:100E6000002849D0049B01330BD0082204A900209C
:100E700001F010F800283FD02022FF2104A801F043
:100E800001F82048022100F0CBFE1F4805F0A8F829
:100E900015B0BDE8F08F002E3FF428AE019B03F0A3
:100EA0000B030B2B7FF422AE002364210CA80C93C0
:100EB00000F0ACFE074600287FF418AE0220FFF7D2
:100EC0006BFC804600283FF411AE02210D4800F073
:100ED000A7FE41F2883005F083F80C9801F052F833
:100EE00046463C4601F01AF8A1E506463CE64FF0BE
:100EF000000AFBE5BB466FE637466DE6842200201C
:100F0000B0880008C4880008A0860100704700006F
:100F100070470000704700002DE9F04100F5803770
:100F2000044616463B7C5BB9C0681030204400F094
:100F300083FFE5683544B5F5004FE56002D816B18A
:100F4000BDE8F081DEB905F07F0605F11000002153
:100F5000C6F180062044F6B232462E4400F092FFDD
:100F6000A06804F11008324600F10060414600F527
:100F7000003005F00DFD30B901233B74E0E74FF47C
:100F800000463546ECE7A26805F1100140463244C0
:100F90002144A260E268521BE26000F04DFF022093
:100FA000BDE8F04100F024BF183000F0E9BC0000BB
:100FB00010B5044601F016F8204610BD10B50446E1
:100FC00001F010F8204610BDC0B2A0F14103052B7E
:100FD00002D83738C0B27047A0F16103052B94BF27
:100FE00057383038F6E7000070B504461546084615
:100FF00003220C4900F02AFF014688B908346E1C10
:1010000015F91100FFF7E0FF024616F91100013152
:10101000FFF7DAFF102940EA021004F8010BEFD1C4
:1010200070BD00BFD08800082DE9F04FADF53F7DC1
:101030000746416801222AA802F0B6FE002840F0C7
:1010400087800646824681461125DFF80C81DFF84D
:101050000CB101AB4FF4805241462AA803F004F8CA
:10106000002875D1019AB2F5805F71D8002A65D049
:101070000446019A9442ECD2282D0FD008DC132D9F
:101080002DD01E2D39D0112D13D00134A4B2F0E78C
:10109000322D2DD0372D2FD02D2DF6D13B68121BA0
:1010A00008EB040138461B692D259847BDF804401C
:1010B000EBE7121B022A09D9594608EB040000F09D
:1010C000C5FE18B902342825A4B2DEE718F80430AA
:1010D0003A2B3DD00A2B1CBFA1461325D5E718F8A3
:1010E00004300A2B34D03A2B04BFA2463225CCE779
:1010F00018F80430202BC8D0264618F804300A2BE4
:101100001AD1AAEB090208EB090102A811254F2AFE
:1011100028BF4F2207F0B8FBA21B08EB060116A858
:101120004F2A28BF4F2207F0AFFB3B6816AA02A93F
:10113000DB6838469847A8E71E25A6E73B6838468F
:1011400004491B69984701200DF53F7DBDE8F08FEC
:101150000020F9E7D289000890230020D4880008F5
:1011600000F1180110B5044686B00846019100F060
:10117000F1FB2046FFF758FF60B1019902A800F08B
:1011800049FC102204F1080102A807F03DFBB0FA67
:1011900080F0400906B010BD70B504460025EEB2DF
:1011A000304600F083FD58B100213046013500F093
:1011B0008DFD08B9002070BD022000F019FEEEE799
:1011C0002046FFF731FF0028F4D004F58034207C5E
:1011D00080F00100EFE70000F0B5C9B005F054FE63
:1011E00000F01CFF18B90025284649B0F0BD69463B
:1011F0002A4802F0FBFF00284BD1294C204603F07F
:1012000025F8284803F022F8274803F01FF8214664
:10121000224803F097F80028E5D1702000F0DCFEAA
:10122000064610B1214B44600360336830469B682A
:101230009847054600282ED01A4F1948394603F022
:1012400081F805460028CED1194800F0C5FE0446B5
:1012500038B1184B4760036000F58033C0E9025590
:101260001D74236820469B689847054628B10E499F
:101270000C4803F067F80028B5D1336830465B6846
:1012800098471CB1236820465B68984700F0AEFE83
:10129000AAE70025FAE70446EFE700BFD888000870
:1012A000E8880008FF8800081589000838890008C8
:1012B00014000100548900082DE9F04FD44A8DB084
:1012C0000B68D0F804A001931A440368D14E1A4465
:1012D000D1F81C90DFF8B4C3DFF8B4B3D0E902341E
:1012E000634003EA0A03634013444A6802920AEB2C
:1012F0007363029CC84A2244C468224484688AEA10
:1013000004051D40654015448A68039203EB35557A
:10131000039CC24A2244846822448AEA03042C4083
:1013200084EA0A041444CA6805EBF43404921644AF
:1013300083EA0502224056445A4032440E6905961B
:1013400004EBB222059FB64E3E441E4485EA0403D8
:1013500013406B4033444E69069602EB7363069F5D
:10136000B04E3E442E4484EA02051D40654035449B
:101370008E69079603EB3555079FAB4E3E442644D6
:1013800082EA03042C4054403444A84E4E4405EBFA
:10139000F434164483EA050222405A4032440E6A6D
:1013A000089604EBB222089FA14E3E441E4485EAF3
:1013B000040313406B4033444E6A099602EB736397
:1013C000099F9C4ED1F830E03E44D1F83880F34478
:1013D0002E4484EA02051D40654035448E6AA6F518
:1013E000244703EB35550A964F3F274482EA03040E
:1013F0002C4054403C44CF6A0B9705EBF4340B9ED1
:101400008D4F3744029E174483EA050222405A401A
:101410003A448A4F774404EBB2221F4485EA04031E
:1014200013406B403B444F6BBC4402EB7363654419
:1014300084EA020C0CEA030C8CEA040C6544DFF825
:1014400054C2C44403EB3555A44482EA03042C403F
:1014500054406444D1F83CC0794905EBF43461440C
:10146000114483EA050222405A400A44754904EBBC
:10147000B2223144079E194484EA02032B406340A0
:101480000B44714902EBF36331440B9E0D4482EA35
:1014900003012140514029446C4D03EBF151354487
:1014A000019E254483EA010414405C402C44684DAD
:1014B00001EBB4443544069E154481EA04021A4007
:1014C0004A402A44634D04EB323235440A9E1D449F
:1014D00084EA02030B4063402B445F4D02EBF3634D
:1014E0003544059E0D4482EA0301214051402944C0
:1014F0005A4D03EBF1516544254483EA010414403D
:101500005C402C44564D01EBB4443544099E1544CF
:1015100081EA04021A404A402A44524D04EB323216
:101520003544049E1D4484EA02030B4063402B446F
:101530004D4D02EBF36345440D4482EA0301214023
:1015400051402944494D03EBF1513544089E2C4448
:1015500083EA010515405D402C44454D01EBB44440
:101560003544039E2A4481EA04051D404D402A4427
:10157000404D04EB32323D442B4484EA020593444F
:101580000D4065402B443C4D02EBF3633544069E11
:10159000294482EA0305254055402944374D03EB91
:1015A000F1514D442C4483EA010515405D4025442A
:1015B00001EBB54581EA050404EA03024A405A44B6
:1015C000A6F5B82B089E05EB3232ABF2BE6B544049
:1015D0005B4423442A4C344402EB33730B9E0C448B
:1015E00085EA020159402144264C344403EB7151F1
:1015F000029E254482EA03044C402544224C444484
:1016000001EB3545144483EA01026A40224443E079
:1016100078A46AD7EECEBDC156B7C7E8DB702024E8
:10162000AF0F7CF52AC68747134630A8019546FDC3
:10163000D8988069AFF7448BBED75C892211906B34
:101640002108B44962251EF640B340C0515A5E26B7
:10165000AAC7B6E95D102FD65314440281E6A1D87B
:10166000C8FBD3E7E6CDE121D60737C3870DD5F414
:10167000ED145A4505E9E3A9F8A3EFFCD9026F6719
:1016800081F6718722619D6D0C38E5FD937198FD9F
:101690008A4C2A8D8E4379A6934C344405EB7222F2
:1016A000059E1C4481EA0503534023448F4C344477
:1016B00002EB33730A9E0C4485EA0201594021442F
:1016C0008B4C4C4403EB7151254482EA03044C409B
:1016D0002C44884D354401EB3444019E154483EA83
:1016E000010262402A44844D3D4404EB72221D44B1
:1016F00081EA040353402B44804D354402EB33739D
:10170000049E294484EA02055D4029447C4D354409
:1017100003EB7151079E254482EA03044C402C449C
:10172000784D354401EB3444099E2A4483EA01058F
:1017300065401544744A324404EB7525039E1344F6
:1017400081EA04026A401A44704B734405EB32721A
:101750000B4484EA0501514019446D4B634402EB8C
:1017600071511C4485EA02034B401C44694B3344CD
:1017700001EB3444019E1D4482EA010363402B4483
:10178000654D04EB73233544069E154463EA01025C
:1017900062402A44614D03EBB2624D4462EA04099F
:1017A00029445F4D89EA0309454449442C445D4D71
:1017B00002EBB1513544049E61EA03081D4488EAF6
:1017C0000208444401EB744464EA02034B402B4496
:1017D000554D04EBF323754463EA010E15448EEA7C
:1017E000040E0EEB0502514D03EBB262354462EA82
:1017F000040E29440A9D8EEA030EA5F580164C4D71
:101800007144A6F6833602EBB151264461EA030423
:1018100054403444029E01EB7444354464EA0206A9
:101820001D444E407319089E424D04EBF32335448A
:1018300063EA01061544664072193F4D03EBB2623C
:10184000654462EA040629443C4D5E403144079EEB
:1018500002EBB151354461EA03062C44384D564041
:101860003D443444059E1D4401EB744464EA020384
:101870004B402B44334D04EBF32335440B9E15446E
:1018800063EA010262402A442F4D03EBB262354401
:10189000039E0D4462EA0401594029442B4D02EB9A
:1018A000B15135442A4E254461EA030454402C4486
:1018B000099D01EB74442E4464EA02051E4485EA46
:1018C00001039D1903681A440AEB040303EBF52393
:1018D0000260436083681C44C36819448460C1602B
:1018E0000DB0BDE8F08F00BF44EABEA4A9CFDE4B27
:1018F000604BBBF670BCBFBEC67E9B28FA27A1EA30
:101900008530EFD4051D880439D0D4D9E599DBE6BC
:10191000F87CA21F6556ACC4442229F497FF2A43E1
:10192000A72394AB39A093FCC3595B6592CC0C8F71
:10193000D15D84854F7EA86FE0E62CFE144301A3A1
:10194000A111084E827E53F735F23ABDBBD2D72A99
:1019500091D386EB094B036003F18833436003F1B5
:101960002943A3F59613A3F68B638360A3F1883311
:10197000C3600023C0E90433704700BF01234567FB
:101980002DE9F8431446026905460E46E300C2F30A
:10199000C50800F118079B18036122BF4369013392
:1019A000436112F4FC7F436903EB5473436114D029
:1019B000C8F1400907EB08004C4504D22246BDE8B7
:1019C000F84306F031BF403C4A464E4406F02CFF37
:1019D000444439462846FFF76FFCA04606EB04094D
:1019E000B8F13F0FA9EB08010AD94022384606F0AA
:1019F0001BFF39462846A8F14008FFF75DFCEFE7DA
:101A0000A1096FF03F02384602FB014206EB81114B
:101A1000D5E7000070B50B6901F1180506460C46C4
:101A2000C3F3C503EA18501C8022EA54C3F13F02F5
:101A3000072A1FD8002100F025FA29462046FFF783
:101A40003BFC38220021284600F01CFA2369294675
:101A50002046236563696365FFF72EFC214610224B
:101A6000304606F0E1FE204658220021BDE87040D5
:101A700000F008BAC3F137020021E5E70F4B70B55B
:101A80001B780C460133DBB2012B11D80C4D4FF4FF
:101A90007A732968A2FB033222460E6A0146284661
:101AA000B047844204D1074B002201201A7070BD58
:101AB0004FF4FA7004F094FA0020F8E710220020A6
:101AC000683B0020BC33002000232DE9F0471A4674
:101AD000054688460120194602F0A4FF04468020EE
:101AE00005F076F80746002861D0002C5FD03B4E09
:101AF00028464FF0800A736943F0C0637361D6F8DB
:101B0000143143F0C063C6F8143104F0E1FE05EB74
:101B1000080200FB05F34FF4D06C50434FF03D0E2C
:101B2000834233D23269520143D4D6F81021510195
:101B30003FD4216803F100628A602268D76022687E
:101B4000C2F804A02268C2F800C0D4F80090D9F806
:101B5000002042F00102C9F80020D4F80090D9F822
:101B6000002022F01E02C9F80020D4F80090D9F815
:101B70000020D207FBD494F80C90803361680EFAF1
:101B800009F20A60CCE7002004F080FF204602F052
:101B900089FF384605F05AF8104B5A6942F0C06286
:101BA0005A61D3F8142142F0C062C3F81421BDE891
:101BB000F0870B4B9A6A42F400729A629A6A42F476
:101BC00000429A6261B60026012004F05FFFB04532
:101BD000D9D9A819013604F093FEF8E70020005285
:101BE00000ED00E0002307B5024601210DF10700DA
:101BF0008DF80730FFF742FF20B19DF8070003B0D2
:101C00005DF804FB4FF0FF30F9E700000A460421BD
:101C100008B5FFF733FF80F00100C0B2404208BDB5
:101C200030B4054C0A46014623682046DD69034B63
:101C3000AC4630BC604700BF683B0020A086010076
:101C400070B5104C0025104E04F046FE2080306820
:101C5000238883420CD800252088013804F038FE00
:101C600023880544013BB5F5802F2380F4D370BD54
:101C700004F02EFE336805440133B5F5003F3360B0
:101C8000E5D3E8E7BE3300209033002004F0FEBE29
:101C900000F1006000F500300068704700F100605E
:101CA000920000F5003004F073BE0000054B1A6886
:101CB000054B1B889B1A834202D9104404F008BECE
:101CC0000020704790330020BE33002038B5044612
:101CD000074D29B128682044BDE8384004F010BE03
:101CE0002868204404F0FAFD0028F3D038BD00BF76
:101CF000903300200020704700F1FF5000F58F1056
:101D0000D0F8000870470000064991F8243033B13C
:101D100000230822086A81F82430FFF7BFBF0120A2
:101D2000704700BF94330020014B1868704700BF14
:101D30000010005C194B01380322084470B51D687F
:101D4000174BC5F30B042D0C1E88A6420BD15C6803
:101D50000A46013C824213460FD214F9016F4EB17C
:101D600002F8016BF6E7013A03F10803ECD1814276
:101D70000B4602D22C2203F8012B0424094A1688B0
:101D8000AE4204D1984284BF967803F8016B013CBF
:101D900002F10402F3D1581A70BD00BF0010005CBC
:101DA0001422002094890008022804D1054B4FF426
:101DB00000429A6170470128FCD1034B4FF4006246
:101DC000F7E700BF00040258000C0258022804D1B3
:101DD000054B4FF000429A6170470128FCD1034B3C
:101DE0004FF00062F7E700BF00040258000C0258F1
:101DF000022805D1064A536983F4004353617047B2
:101E00000128FCD1034A536983F40063F6E700BF5D
:101E100000040258000C025870B504464FF47A765C
:101E20004CB1412C254628BF412506FB05F0641B1B
:101E300004F0D6F8F4E770BD002310B5934203D048
:101E4000CC5CC4540133F9E710BD0000013810B573
:101E500010F9013F3BB191F900409C4203D11AB106
:101E60000131013AF4E71AB191F90020981A10BD36
:101E70001046FCE703460246D01A12F9011B00295E
:101E8000FAD1704702440346934202D003F8011B83
:101E9000FAE770472DE9F8431F4D14460746884678
:101EA00095F8242052BBDFF870909CB395F824304D
:101EB0002BB92022FF2148462F62FFF7E3FF95F858
:101EC00024004146C0F1080205EB8000A24228BF71
:101ED0002246D6B29200FFF7AFFF95F82430A41B3C
:101EE00017441E449044E4B2F6B2082E85F82460EC
:101EF000DBD1FFF709FF0028D7D108E02B6A03EBFD
:101F000082038342CFD0FFF7FFFE0028CBD1002011
:101F1000BDE8F8830120FBE794330020024B1A78D8
:101F2000024B1A70704700BFBC3300201022002003
:101F300010B5114C114803F083FB21460F4803F004
:101F4000ABFB24684FF47A70D4F89020D2F80438B0
:101F500043F00203C2F80438FFF75EFF0849204649
:101F600003F0A8FCD4F89020D2F8043823F0020340
:101F7000C2F8043810BD00BF48910008683B00203B
:101F8000509100087047000008B571B6054B1988DC
:101F9000054B1888FFF798FD02210E20FFF794FDEE
:101FA00061B608BDBE3300209033002030B50A442E
:101FB000084D91420DD011F8013B5840082340F3E1
:101FC0000004013B2C4013F0FF0384EA5000F6D1DB
:101FD000EFE730BD2083B8ED0121884238BF0846C5
:101FE00004F030BE08B104F031BE704710B5084CA3
:101FF00001220849002001F0B3FE23783BB10648D6
:1020000003F05EFA044803F091FA0023237010BD38
:10201000C0330020A4890008A03600201D482DE907
:10202000F041036D2BB901224FF48051503004F080
:1020300051FF194E33780BB1FFF7D8FF0324174F28
:102040004FF00008134D15492846C7F8048003F0E7
:102050005FFA284603F098F848B1013C284603F09F
:1020600065FA14F0FF04EED1204634700FE00C49FD
:1020700001220C4801F074FE014618B1284603F015
:102080001FFAEAE7084800F011F801203070BDE8B7
:10209000F08100BFA0360020C03300202C22002099
:1020A000A4890008C4330020A88900080FB40020C8
:1020B00004B070470068704703460068596870476D
:1020C0000B0A017043700B0C090E8370C1707047CE
:1020D000110A027003714170110C120E8170C270EE
:1020E0001A0A42711A0C1B0E8271C37170470000EC
:1020F000C36A0239023B8B4283BF4389006C01FBF8
:102100000300002070470000C2F307238A76CB76D5
:102110000378032B01BF120C0A75120A4A75704727
:1021200000F10B010022D30143EA520310F8012B06
:1021300052FA83F38842DAB2F5D1104670470000B4
:1021400010B5417804460020013102464901022AB7
:1021500016BFA35C032203EBC03302F101021EBFD2
:102160009BB203EB500398B29142F0D810BD00002F
:1021700002684AB1134613F8011B1F290DD93A29E9
:10218000F9D1911C8B4202D04FF0FF30704712788A
:10219000302AF9D1036000207047014B187870474E
:1021A0001036002038B50D46044618B90920002322
:1021B0002B6038BD0368002BF8D01A78002AF5D0C0
:1021C0008188DA889142F1D1587804F0A5F810F0AE
:1021D0000100EBD12368EBE738B50D4640F25231F0
:1021E000144602F0B9F9FF2807D9012C0BD9030ACC
:1021F000022468702B70204638BD30B1002CFAD014
:1022000001242870F7E70024F5E70446F3E700000F
:102210002DE9F8430026D0F8008005460C468E765E
:10222000836B002B4AD098F80030042B4BD13346F7
:102230003546402720E0B7F5187F80F0C480F906C6
:1022400006F1010608BF0237D05B02372BB900F553
:10225000205292B2B2F5006F0DD305F11A01C5F10B
:10226000FF0240EA03402144FFF7B6FF002800F0D8
:10227000AA80054400200346D8F8102092F82310C5
:10228000B142D8D8002B40F09E80002D00F09B80FA
:1022900000232544AB766373D8F81020137903F03C
:1022A0003701DB0621730BD402F13800FFF704FF7E
:1022B000C4E9000193896381D3892381BDE8F88350
:1022C00000200146F4E7C36C01335ED1EA6B0023C2
:1022D0002E26551E184615F8011F013020290CD056
:1022E000052908BFE521092804D10B2B9EBFE7185B
:1022F00001337E73E718013379730B28EBD1E118B2
:1023000000204873A17E00294BD1002B40D06FF0F4
:102310000C0604F10D000825361B331810F8011BBC
:10232000002938D02E298BB24AD0A3F141011929B6
:1023300003D8117B0D4200D020330373EDE7B9F1D0
:10234000000F05D100F520539BB2B3F5006F0BD3FE
:1023500007F11A01C7F1FF0240EA09402144FFF7E3
:102360003BFF48B10744002002368146D8F80C30C4
:10237000985B0028E3D13846B9F1000F4FF0000216
:1023800018BF002023189A76A0E7B1463746EDE73C
:102390003F23A3760123234400219976137B03B9BD
:1023A0006373D37A02F11C0003F03F03237300230D
:1023B000FFF780FE20606360D38A6381138B7CE724
:1023C00010250B46B9E73F230125A37660E70000FF
:1023D00038B50546002435F8020B08B9204638BD4B
:1023E00002F0EEF86308C2B203EBC43312FA83F3CF
:1023F0009AB2C0F3072303EB520303EBC2339CB240
:10240000E9E7000037B5C37804461BB90025284624
:1024100003B030BD00F14C01826C01234078019182
:1024200003F0A0FF054680B9A36BE070A06C226B9F
:10243000C31A9342EAD2A3780199022BE6D102444F
:102440000123607803F08EFFE1E70125DFE700005C
:1024500038B5836C05460C468B4210D0FFF7D2FF8F
:1024600060B92246012305F14C01687803F056FF5C
:1024700000281CBF4FF0FF340120AC6438BD0020A1
:10248000FCE7000038B500230446C3704FF0FF336B
:102490008364FFF7DDFF00284BD1B4F84A524AF6B7
:1024A00055239D4207D10B22254904F14C0006F02B
:1024B000ABF900283FD094F84C30EB2B03D0183305
:1024C000DBB2012B2ED84AF655239D4206D10822B5
:1024D0001C4904F19E0006F097F948B3B4F8573050
:1024E000B3F5007F1ED194F85930DBB15A1E1A4261
:1024F00018D1B4F85A30ABB194F85C30013B012BE1
:1025000010D8B4F85D306BB1B4F85F307F2B06D8CB
:1025100004F16C00FFF7CEFDB0F5803F02D3B4F8B4
:10252000623053B94AF6552085420CBF0220032081
:1025300038BD0420FCE70120FAE70020F8E700BFDF
:10254000D4890008E089000802392DE9F04701F03C
:1025500007044FF0010A466C05460AFA04F41746D0
:10256000984606EB1136C1F3C809E4B23146284655
:102570000136FFF76DFF18B10120BDE8F0879946DD
:1025800005EB090292F84C30234214BF01210021CF
:10259000414513D06340013F82F84C3085F803A0D9
:1025A000EBD0640014F0FF04EAD109F10103012427
:1025B0004FF00009B3F5007FE1D1D7E70220DCE757
:1025C00001290246F8B50C4640F28C800668F36A91
:1025D0008B4240F287803378013B032B00F28280EC
:1025E000DFE803F00229384B04EB5405B16B3046A9
:1025F00001EB5521FFF72CFF10B14FF0FF30F8BD74
:102600006F1CC5F30805B16B3046354401EB57210B
:1026100095F84C50FFF71CFF0028EED1C7F30807D0
:10262000E3073E4496F84C0045EA00204CBF000901
:10263000C0F30B00E3E7B16B304601EB1421FFF769
:1026400007FF0028D9D1640004F4FF742644B6F8CB
:102650004C00D4E7B16B304601EBD411FFF7F8FE24
:102660000028CAD1A40006F14C0004F4FE742044F2
:10267000FFF720FD20F07040C1E7D0E90430D579A4
:1026800053EA000101D0916801B95DBB9168022D48
:10269000A4EB01010DD1013B728940F1FF305B0ACF
:1026A00043EAC053B3FBF2F399421BD81CD0601C21
:1026B000A5E7032D02D193698B42F8D8D3699BB962
:1026C000B16B304601EBD411FFF7C2FE002894D164
:1026D000A0004C3600F4FE703044FFF7EBFC20F015
:1026E00000408CE701208AE76FF0004087E7000098
:1026F000F8B5066804460D463378042B0CBF4FF03E
:1027000080524FF400128A4201D80220F8BDCA0656
:10271000FBD182680163D2B9022B13D83389B3EBA2
:10272000551FF2D9F36BA363A36B6263002BECD04C
:1027300003EB55234C36C5F308050020A36335444D
:10274000E563E3E7F36BC271002BE7D01A467789A4
:102750007F02BD42114604D23046FFF7C9FCA06398
:10276000E2E72046FFF72CFF431C024606D0012873
:10277000CBD9F36A8342C8D9ED1BEAE70120C5E74C
:1027800001292DE9F04706460C46174608D9C36AC9
:102790008B4205D90378022B62D003D8012B22D0BB
:1027A000022552E0033B012BFAD8816B01EBD411D7
:1027B000FFF74EFE0546002847D1A40006F14C0362
:1027C00004F4FE741C443378042B07D0204627F011
:1027D0007047FFF76FFC00F0704007433946204612
:1027E000FFF76EFC2FE001EB5108816B01EB5821E4
:1027F000FFF72EFE054640BB14F0010406F14C091C
:1028000008F1010AC8F3080808BFFBB230461FBF31
:1028100019F8083003F00F023B0103F0F00318BF72
:10282000134309F808300123B16BF37001EB5A210F
:10283000FFF70EFE054640B9CAF3080A44B1C7F3D4
:10284000071709F80A700123F3702846BDE8F087DE
:1028500019F80A30C7F3032723F00F031F43F0E7EB
:10286000816B01EB1421FFF7F3FD05460028ECD145
:10287000640006F14C0304F4FF741F551919C7F3E3
:1028800007274F70DFE70000F8B504460E461746ED
:10289000E3690BB91846F8BD012BA6EB03052068C8
:1028A00014BFAA1C3A46691CFFF76AFF0028F2D140
:1028B000E369013BE361EBE701292DE9F8430646B3
:1028C0000C461746056802D80220BDE8F883EB6A7B
:1028D0008B42F9D97AB9A14621463046A046FFF786
:1028E0006FFE0446B0B92B78042B02D1002F43D1E0
:1028F000F7710020E9E72B78042B02D1C379022B72
:10290000E9D04FF0FF3239462846FFF739FF00285B
:10291000E1D0DAE70128D7D0421C01D10120D4E769
:102920002B78042B19D1EA6AAB69023A93421CD383
:1029300008F10102A2420CD02B78042B08D100230D
:10294000A2EB090249462846FFF7FEFD0028BCD14C
:10295000A146EB6AA342BFD8C5E7002241462846FC
:10296000FFF70EFF0028DED0AFE70133AB612B7914
:1029700043F001032B71DBE7F3798BB9B468BC42F8
:1029800002D10223F371B4E721463046FFF718FE67
:10299000012899D9431CC1D001348442EFD0A8E763
:1029A000032BA6D1B368BB42A3D8B2691344BB4280
:1029B0009FD3E6E770B5C3790446032B06D181683F
:1029C0008369CD18A94203D10023E371002070BDB3
:1029D0004E1C20683246FFF7D3FE0028F7D131465F
:1029E000F0E700002DE9F74305460191FFF70AFDE6
:1029F0000446002849D105F14C09019928464FF4B5
:102A00000072FFF775FB2146A86407464846FFF7AA
:102A100039FA6C896402B4F5004F28BF4FF40044C2
:102A2000B4F5007F2FD9204604F014F9804630B168
:102A300022460021640A0026FFF724FA09E0640810
:102A4000EEE72346BA194146687803F08BFC18B9C3
:102A500026446B899E42F4D3404604F00BF9688902
:102A6000801B18BF012003B0BDE8F08301366B89DD
:102A70009E42F4D20123BA194946687803F072FCE9
:102A80000028F3D0EBE70026F1E70120EBE7000098
:102A9000F8B50446FFF7B6FC0546002842D1237876
:102AA000032B37D12779012F34D104F14C0601468D
:102AB0004FF400723046FFF7E5F9552341227221A9
:102AC00084F84A32AA2304F50D7084F84F2084F864
:102AD0004B32522384F8301284F84C3084F84D3055
:102AE000612384F8311284F84E3084F83332A169BE
:102AF00084F83222FFF7E4FA616904F50E70FFF7FB
:102B0000DFFA626B3B46314601326078A26403F023
:102B100029FC257100226078114603F047FC00383B
:102B200018BF0120F8BD000000232DE9F0430B6021
:102B300085B00F461546FFF71BFB061EC0F2B2819B
:102B4000804B53F82640002C00F0AE813C6005F02D
:102B5000FE0523786BB1607803F0DEFBC70708D46D
:102B60001DB110F0040500D00A25284605B0BDE8C7
:102B7000F0830023F0B22370607003F0B9FBC1074B
:102B800000F194810DB14207EED400212046FFF7F9
:102B900079FC022840F099806E4604F2122304F278
:102BA0005221324618461033FFF784FA42F8040BDC
:102BB0008B42F7D1002556F8041B00297DD0204612
:102BC000FFF760FC012879D80128A26C40F0C08092
:102BD00004F1570304F18C0113F8015B002D7BD144
:102BE0008B42F9D1B4F8B430B3F5807F74D194F846
:102BF000B830092B70D104F19400FFF75DFA4FF063
:102C0000FF33171841F10001BB4275EB010363D399
:102C100004F1A000FFF74EFA94F8BA302063012BBC
:102C2000A37059D194F8B99003FA09F91FFA89F3FE
:102C30006381002B50D0444B04F1A800FFF73AFA0F
:102C40000646984248D8831C626304F1A400E362FC
:102C5000FFF730FA00EB020804F19C00C4F8408052
:102C6000FFF728FA10441FFA89F2A06306FB02F36B
:102C700013EB080345EB05029F4271EB02032BD3D4
:102C80002E4604F1AC00FFF715FAE06365B96389DD
:102C9000B34221D9E16B2046FFF72AFA8119204679
:102CA000FFF7D6FB98B90136631993F84C30812BA6
:102CB00014D02035C5F30805E8E703200135042DBD
:102CC0007FF479AF042807D101E0042801D1012560
:102CD0004BE701287FF678AF0D2546E705F1140094
:102CE00004F14C063044FFF7E5F901280546F3D915
:102CF000E36A8342F0D96189821E236C02FB0133AF
:102D00006364A16B204601EBD511FFF7A1FB0028FE
:102D1000DDD105F07F0006EB8000FFF7CBF9431C07
:102D200003D00135A842ECD0D6E70425C4E905005C
:102D3000064A257000251388E56101339BB2138094
:102D4000E38012E714360020FDFFFF7F18360020D5
:102D5000B4F85730B3F5007FBED1B4F8626026B93D
:102D600004F17000FFF7A6F9064694F85C3026637C
:102D7000591EA3700129AFD894F859506581002DD0
:102D8000AAD0691E2942A7D1B4F85D8018F00F0FB0
:102D9000A4F80880A0D1B4F85F0018B904F16C0061
:102DA000FFF788F9B4F85A10002995D006FB03FE06
:102DB00001EB181CF44460458ED3A0EB0C00A84234
:102DC000B0FBF5F388D33E48834285D84FF6F570C3
:102DD00083426DD903259F1C114402EB0C03032D84
:102DE000E7626263A16323644CD1B4F8763053EA9E
:102DF00008037FF471AFBB0004F17800FFF75AF9C4
:102E0000E06303F2FF13B6EB532FFFF465AF4FF00F
:102E1000FF33032DC4E905334FF08003237187D1BD
:102E2000B4F87C30012B83D1511C2046FFF710FBF6
:102E300000287FF47DAFB4F84A224AF6552320716A
:102E40009A427FF475AF1F4B04F14C00FFF732F943
:102E500098427FF46DAF03F1FF5304F50C70FFF758
:102E600029F903F50053203398427FF461AF04F54C
:102E70000D70FFF71FF9A06104F50E70FFF71AF946
:102E8000606155E7B8F1000F3FF426AF7144022DA1
:102E90004FEA4703E1631EBFD91907F0010303EBB3
:102EA0005103AEE70B2560E60C255EE603255CE6E4
:102EB00040F6F575AB428CBF022501258BE700BFBC
:102EC000F5FFFF0F525261412DE9F84F07460568A3
:102ED000884649B96E69C6B1EB6AB34298BF01260C
:102EE000AB69A3B9002405E0FFF76AFB012804469B
:102EF00003D801242046BDE8F88F421C00F0D280A0
:102F0000EB6A8342F6D84646EAE70126E8E72A78E4
:102F1000EB6A042A40F08380A6F1020A023B4FF0DC
:102F2000010B9A4528BF4FF0000AD146696C28462C
:102F300001EB1931FFF78CFA00283BD109F00703A8
:102F4000EA6AC9F3C8010BFA03F3901EDBB26A18F0
:102F50004C4609F1010992F84C20814502EA03022E
:102F600033BF5B0000234FF40071DBB228BF9946EA
:102F7000B2B90234631E0333BCD80123214628466C
:102F80001A46FFF7E1FA0228B3D0012800F08A8040
:102F9000B8F1000F13D10223FB710028A9D130E052
:102FA000CA450AD0002BD2D10131B1F5007FBDD284
:102FB0000123CCE74FF0FF34DCE70024DAE7FB79AC
:102FC000022B07D1731CA342E7D0BB68F31ABB6185
:102FD0000323FB7108F10102FB69A24205D113B181
:102FE0000133FB61D9E70223FBE70BB90123FB6146
:102FF000224641463846FFF747FC00284FD10123BF
:10300000FB61EA6AAB69023A6C6193429CBF03F1CF
:10301000FF33AB612B7943F001032B716AE746451F
:1030200014D1741C3846A34298BF02242146FFF7EE
:10303000C7FA01283FF45DAF431C33D0E0B16B69A0
:10304000012B03D9EA6A934238BF1E463446013445
:10305000EB6AA34203D8012E7FF644AF0224214637
:103060003846FFF7ADFA48B101283FF442AF0130CE
:1030700018D0B442EBD135E7002CE7D04FF0FF3247
:1030800021462846FFF77CFB48B9B8F1000FB8D0BD
:10309000224641462846FFF773FB0028B1D001289D
:1030A0007FF427AF4FF0FF3424E700002DE9F84309
:1030B00006680446076B894633782037042B0CBF1B
:1030C0004FF080534FF40013BB429CBF0023836337
:1030D000836B73B1C7F30808B8F1000F3CD101331B
:1030E000416B836339B93389B3EB571F34D800235D
:1030F000A36304200AE07389013B13EA57232BD111
:10310000FFF75EFA0128054602D80220BDE8F883E1
:10311000421C01D10120F9E7F36A834216D8B9F1C4
:10312000000FE4D0616B2046FFF7CEFE0546C8B124
:103130000128EAD0431CEDD001463046FFF752FC8F
:103140000028E7D1E37943F00403E37129463046D0
:103150006563FEF7CDFFA0634C360020276346442D
:10316000E663D3E70720D1E7F8B50E460021044611
:103170000768FFF7BDFA98B90546A16B3846FFF717
:1031800067F968B93A78E36B042A1B780CD11B06FF
:103190000ED5054601212046FFF788FF0028ECD018
:1031A000042808BF072006E0E52B01D0002BF0D152
:1031B0000135B542EED1F8BDC16C4B1C2DE9F04193
:1031C00004460568066B1FD1E5274FF00108A16B87
:1031D0002846FFF73DF998B92A78E36B042A09BF1E
:1031E0001A781F7002F07F021A7085F80380236B33
:1031F000B3420DD200212046FFF758FF0028E6D049
:10320000042808BF022003E0FFF772FA0028DBD091
:10321000BDE8F0812DE9F04105460068A96B06691B
:10322000FFF716F9044620B9EB6B1A78852A03D00C
:1032300002242046BDE8F081324603F1200153F814
:10324000040B8B4242F8040BF9D1777801377F01E8
:10325000A7F16003B3F5007FEAD800212846FFF705
:1032600025FF04280446E3D00028E2D1A96B286892
:10327000FFF7EEF804460028DBD1EB6B1A78C02A82
:10328000D6D106F1200203F1200153F8040B8B4242
:1032900042F8040BF9D196F823300F222C33B3FBFC
:1032A000F2F3B7EB431FC3D34FF040080021284689
:1032B000FFF7FCFE04280446BAD00028B9D1A96B58
:1032C0002868FFF7C5F804460028B2D1EB6B1A78DE
:1032D000C12AADD1B8F5187F09D206EB080203F177
:1032E000200153F8040B8B4242F8040BF9D108F18A
:1032F00020084745DAD8B8F5187F9AD83046FEF747
:103300001FFF7388834294D092E700000B6800226D
:1033100010B5036004460B6A83604B6AC261C371D7
:1033200023F0FF03896AC0E90432C164FFF7E0F9C2
:1033300020B92046BDE81040FFF76CBF10BD00006B
:10334000F8B50368054601271C692046FEF7F8FE1C
:10335000A070000A6678E0702846E96CFFF7C8F9AB
:1033600020B1022828BF0220C0B2F8BDA96B28688E
:10337000FFF76EF80028F4D1EB6B04F1200254F84B
:10338000041B944243F8041BF9D12B68DF70002E14
:10339000E7D000212846013EFFF788FEE0E7000065
:1033A0002DE9F8434FF0FF08064607680424454618
:1033B0004FF6FF79B16B11B9002C73D063E038463A
:1033C000FFF746F8044600285DD1F06B0378002B28
:1033D0006ED03A78042A11D1852B4DD1336B30460B
:1033E000F364FFF717FF044600284CD13B691B79B3
:1033F00003F03F03B3712046BDE8F883C27AE52BA2
:1034000002F03F02B27143D02E2B41D022F02001B6
:1034100008293DD00F2A40D1590637D503F0BF0502
:10342000336B90F80D80F364437B434530D1428B7E
:1034300072BB03780D21FC6823F04003DFF874E0D1
:10344000013B4B4301211EF801CB30F80CC009B3FE
:10345000FF2B1DD824F813C06146013301320D2A19
:10346000F1D10278520605D521B1FF2B10D80022E8
:1034700024F81320013DEDB200213046FFF716FE7F
:103480000446002896D00023B363B4E7AB42CBD008
:10349000FF25F1E7CC45E1D0FAE72DB9FEF740FE74
:1034A000404501D10024A6E74FF0FF33F364A2E7C3
:1034B0000424E8E77C8A00082DE9F04F002187B05A
:1034C0000446D0F80090FFF713F9804670B999F8D8
:1034D0000030042B33D1D9F80C00FEF779FF0746F2
:1034E0002046FFF75DFF054620B18046404607B005
:1034F000BDE8F08FD9F810309A8CBA42F0D193F829
:1035000023B040265D4506D1D9F80C3033F815308C
:10351000002BE5D1EAE7F106D9F8103008BF0236F2
:10352000985B01F04DF8D9F80C30824633F815005D
:1035300001F046F88245D3D102360135E2E74FF07B
:10354000FF0A4FF0FF3B5546C4F84CB0A16B48460C
:10355000FEF77EFF00285CD1E66B3778002F77D02E
:10356000F27AE52F02F03F03A37103D0120704D5CE
:103570000F2B04D0C4F84CB04FE00F2B54D194F86B
:103580004B3058063FD4790645D5236B07F0BF076B
:1035900096F80DA0E364737B53453ED1738B002BEB
:1035A0003BD135780121D9F80C3005F03F05019366
:1035B0000D23013D5D43284B13F8012BB25A71B323
:1035C000FF2D059329D81046049200F0F9FF6B1CDB
:1035D00003900293019B33F8150000F0F1FF03996B
:1035E00081421AD1049A029D1146059B1B4A9342BF
:1035F000E2D133785A0604D519B1019B33F815305E
:103600005BB97D1EEDB200212046FFF74FFD00287B
:103610009CD080466AE7BD42BDD0FF25F3E74FF658
:10362000FF708242E2D0F8E72DB93046FEF778FD10
:1036300050453FF45BAF94F84B30DB079AD40B2234
:1036400004F14001304605F0DFF8002892D14DE743
:103650004FF004084AE700BF7C8A0008898A000806
:103660002DE9F04F90F84BB099B004461BF0A0053F
:1036700040F068810668F26832F81530002B4AD1B4
:103680003378042B40F087800F230E352046B5FB9E
:10369000F3F5A91CFFF768FD8146002877D1236B5D
:1036A0000135A3EB4515E3795A07E56435D523F0D9
:1036B00004032046E371FFF77DF950BB4FF0FF3262
:1036C000616B2046FFF7E0F818BBA3682BB32146D7
:1036D00004A8FFF71BFEE0B970894FF40071D4E92C
:1036E0000423E0FB01233069C4E904233830FEF7EA
:1036F000EFFC3069D4E904232830FEF7E9FCE379D4
:10370000326904A843F0010382F82130FFF718FE64
:1037100018B181463BE00135AEE7D6E903544022BB
:1037200000212046FEF7AEFB8523012140222370B5
:10373000C0234FF0C10C04EB010884F820300023B3
:103740001E469E46571C04F802C0F0B2023204F82E
:1037500007E021B135F8131009B10133DBB20F0ACC
:10376000A15408F802700232D706F2D135F813706E
:103770000136002FE6D184F82330831C284663707D
:10378000FEF726FE84F82400000A84F82500484647
:1037900019B0BDE8F08F04F140070DF1100A1BF0DD
:1037A000010F97E807008AE8070000F0D380402364
:1037B0004FF0010884F84B30BC46F368B8F1050FB0
:1037C0009AE80700ACE803002CF8022B4FEA1242FB
:1037D0008CF8002059D9981E424630F8021F002963
:1037E00042D10DF10F0C072102F00F0E9146120984
:1037F0000EF13000392888BF0EF1370001390CF87E
:10380000010902D0B9F10F0FEED818AB7E205A187B
:1038100002F8580C38460022914206D010F801CB2D
:1038200002F1010EBCF1200F31D104F13F0C072948
:1038300002F1010297BF18AB20205818013198BF40
:1038400010F8580C072A0CF80200F0D92046FFF7B0
:1038500033FE8146002878D108F10108B8F1640FE1
:10386000AAD14FF0070992E74FF0100C01F0010EBA
:1038700049080EEB4202D30344BF82F4883282F03F
:103880002102BCF1010CF1D1A7E74246A9E772463B
:10389000C2E7216B2046A1EB4511FEF729FF8146C7
:1038A00000287FF474AF4FF6FF783846FEF738FCF7
:1038B0000190A16B3046FEF7CBFD814600287FF4D6
:1038C00066AFE36BE9B2019A4FF00D0CD6F80CE04D
:1038D0005A734FF00F02DFF8E0A0DA724A1E187335
:1038E0000CFB02F284469876D87640451AF8019B84
:1038F0000CF1010C18BF3EF8120003EB090B18BFC6
:10390000013203F809004FEA1029002808BF404699
:10391000BCF10D0F8BF80190E7D1404502D03EF885
:1039200012200AB941F040011970012300212046FC
:10393000F370FFF7BBFB814600287FF428AF013D01
:10394000B7D11BE04FF0060921E704287FF41FAF31
:1039500084F84BB01BF0020F20461BBF0C350D2125
:103960000125B5FBF1F518BF01352946FFF7FCFB32
:10397000814600287FF40BAF013D8AD1A16B304610
:10398000FEF766FD814600287FF401AF0146202244
:10399000E06BFEF777FAE36B03CF18605960BA78F3
:1039A00039889A72198194F84B30E26B03F018034E
:1039B00013730123F370EAE67C8A000810B504460D
:1039C0000A463430FEF776FB886004F13800FEF7D3
:1039D00073FBC2E9040194F8213003F00203D371B0
:1039E0000023D36110BD000003284B8B04BF8A8ADB
:1039F00043EA0243184670472DE9F04F0B7899B01F
:103A0000044689462F2BD0F800B001D05C2B09D199
:103A10004A461378914601322F2BFAD05C2BF8D00E
:103A2000002301E0DBF81C30A3600023E3619BF876
:103A30000030042B1ED1A368E3B1DBF8203021460F
:103A400004A82362DBF824306362DBF82830A36229
:103A5000FFF75CFC0346002854D1DBF8102002F18C
:103A60003800FEF727FBC4E9040392F8213003F085
:103A70000203E37199F800301F2B00F23581802397
:103A80000021204684F84B3019B0BDE8F04FFEF716
:103A90002FBE49460B78894601312F2BFAD05C2B7B
:103AA000F8D01F2B8CBF00250425012F2FD11388A0
:103AB0002E2B31D1002322F8173004F140029F420F
:103AC0008CBF2E21202101330B2B02F8011BF6D1D4
:103AD00045F02005204684F84B50FFF7EDFC94F8A4
:103AE0004B30002800F0E78004280BD1990603F042
:103AF000040240F1DC80002A00F0F68080230020E0
:103B000084F84B3019B0BDE8F08F0425CDE7022FC3
:103B100002D153882E2BCAD0911E87BB002322F8D6
:103B20001730002F00F0118132F8130019460133CD
:103B30002028F9D009B92E2801D145F00305901E9F
:103B400030F817302E2B01D0013FF9D14FF0203340
:103B50004FF0000A6364D0462364C4F8473008235A
:103B6000481C32F811600090F6B1202E03D02E2EA2
:103B70000DD1B84210D045F003050099F0E731F8B7
:103B80001730202B01D02E2BC8D1013FC5E79A4515
:103B900005D20099B9423BD10B2B30D101E00B2B60
:103BA00027D145F003050B2394F84020E52A04BFF4
:103BB000052284F84020082B04BF4FEA88085FFAEA
:103BC00088F808F00C030C2B03D008F00303032B38
:103BD00001D145F00205A8073FF57CAF18F0010FB1
:103BE00018BF45F0100518F0040F18BF45F0080580
:103BF00070E70099B94202D045F00305D4D84FEAE6
:103C000088080B234FF0080A00975FFA88F8B4E79A
:103C10007F2E15D9304640F25231CDE9022345F0CE
:103C20000203019300F098FC10F0800F0646DDE9D6
:103C3000022316D000F07F0646498E5D019D46B3F3
:103C400031464548CDE9012304F008FEDDE90123B2
:103C5000F8B9A6F1410189B219291ED848F0020825
:103C600010E0FF28EAD9591E8A4503D345F0030521
:103C70009A4682E704EB0A01000A0AF1010A019D53
:103C800081F8400004EB0A010AF1010A81F8406062
:103C900073E745F003055F26F4E7A6F1610189B2F9
:103CA00019299EBF203E48F00108B6B2EAE7002A73
:103CB00008BF052026E75A073FF524AFA379DB06A6
:103CC00045D59BF80000042835D1A3682146E27948
:103CD00023622369DBF8100023F0FF0313436362C0
:103CE000E36CA362FFF76AFE23680027DA6819F81D
:103CF000010B00283FF409AF40F25231009200F06E
:103D00004BFC054608B31F28009A7FF6FEAE2F280D
:103D10003FF4BFAE5C283FF4BCAE7F2805D8014617
:103D20000E4804F09BFD009A78B9FF2F0DD022F8C1
:103D300017500137DBE7216B0BF14C03C1F308018E
:103D40001944FFF751FEA060CEE70620DAE6052011
:103D5000D8E600BFFC890008F5890008EC89000856
:103D60001FB5CDE9001003A814460391FEF700FA31
:103D7000002815DB0B4A52F820300BB100211970D6
:103D8000019B0BB10021197042F820302CB10022A8
:103D900001A96846FEF7C8FE0446204604B010BDDF
:103DA0000B24FAE7143600202DE9F04798B090462E
:103DB00005460191002800F0528102F03F0603A958
:103DC00001A83246FEF7B0FE002840F04681039B72
:103DD0004FF48C60049302F03DFF0746002800F08A
:103DE0004081039B00F500720199D86004A81A6114
:103DF000FFF702FE044620B99DF95B30002BB8BFE7
:103E0000062418F01C0F00F0CD80002C4CD0042CA0
:103E100040D104A8FFF724FC044600283AD146F01C
:103E20000806039B1A78042A40F083801869294603
:103E30002B60FFF7C3FD039B1E220021186902308F
:103E4000FEF720F8039C00211A2220692630FEF795
:103E500019F8236920221A71246902F035FF0146FE
:103E6000012208342046FEF72BF9039B04A81B69A6
:103E700083F82120FFF764FA044658B9A96801B312
:103E800002462846FEF718FDAB68039A0446013B3C
:103E90005361B4B1384602F0EDFE0CB100232B6043
:103EA000204618B0BDE8F0879DF8163013F0110FCA
:103EB00040F0848018F0040F40F0C98018F0080F1B
:103EC000AFD1039A31071399936C48BF46F040066F
:103ED000E964AB641078042872D1069B9DF8171032
:103EE0002B62089B106923F0FF030B4329466B628A
:103EF000179BAB62FFF762FDDDF80CA000240022E7
:103F000005F15008BAF8063021464046C5F800A031
:103F1000AB80002385F8306085F831406C64C5E9DA
:103F20000E234FF40072FDF7ADFFB20653D4002408
:103F3000B0E702F0C9FE0146009013980E30FEF77C
:103F4000BFF8139800991630FEF7BAF8039C13993E
:103F50002078FFF749FD202300228046CB722046BF
:103F60001399FEF7D1F8139B002201211A775A7793
:103F70009A77DA77039BD970B8F1000FA1D0414648
:103F800004A8D3F84890FEF797FC0446002881D196
:103F900049460398FEF75CFA039B044608F1FF309C
:103FA000586176E7002C7FF475AF9DF81630DC067B
:103FB0004FD418F0020F84D0D80782D5072469E7C0
:103FC000FFF712FD0023A86001F11C00FEF772F854
:103FD0006B61286190E7D5E9046956EA0903A6D028
:103FE000BAF80AA0A9684FEA4A2AC5E90E69B2459B
:103FF00074EB09031BD300242964002C7FF44AAF1F
:10400000C6F30803002B92D0039C2046FEF770F8FD
:1040100008B3760A0123414646EAC95682196A6402
:10402000607802F07BF9041E18BF012432E72846AD
:10403000FEF7C6FAB6EB0A06014669F10009012847
:1040400003D9431CD3D10124D6E70224D4E70824A2
:1040500020E704241EE702241CE704461EE7092487
:104060001EE711241CE700002DE9F04F994685B0AA
:104070000023884603A90446C9F800301646FEF717
:1040800091F8054680BB94F831506DBB94F8303000
:1040900013F00103009300F0A68004F1500AD4E964
:1040A0000432D4E90E011B1A62EB0102B34272F131
:1040B000000238BF1E46BEB1D4E90E10C1F308039A
:1040C000002B40F08280039B5A894B0A013A43EA55
:1040D000C0531A401BD151EA000309D1A06801283E
:1040E0000DD8022584F83150284605B0BDE8F08F80
:1040F000216C20460192FEF763FA019AEFE7431C18
:1041000004D10123009D84F83130EDE72064DDF80F
:104110000CB0216C5846FDF7EBFF0028E1D0B6F556
:10412000007F02EB000731D3BBF80A1002EB5620E8
:10413000730A88429BF8010088BF8B1A3A464146B1
:10414000019302F0EBF80028DBD194F93020019BB9
:10415000002A0BDA606CC01B984207D24FF4007241
:10416000514608EB4020FDF767FE019B5F02D9F83E
:104170000030F61BB8443B44C9F80030D4E90E3295
:10418000DB1942F10002C4E90E3294E7626CBA42D4
:104190001AD094F93030002B0DDA012351469BF8E8
:1041A000010002F0DFF80028ABD194F8303003F0C2
:1041B0007F0384F83030039801233A465146407813
:1041C00002F0ACF800289CD16764A16B4046C1F3B3
:1041D0000801C1F500775144B74228BF37463A4637
:1041E000FDF72AFEC3E707257EE7000070B596B00D
:1041F0000E460022019002A901A8FEF795FC044694
:10420000E0B94FF48C6002F025FD0546D8B1029B61
:1042100000F500720199D86002A81A61FFF7ECFB63
:10422000044640B99DF95330002B0ADB1EB13146DC
:1042300002A8FDF7EDFF284602F01CFD204616B04F
:1042400070BD0624F7E71124F8E7000070B5B8B098
:104250000222019003A901A8FEF766FC044608BBF0
:10426000039B4FF48C60109302F0F4FC0546002889
:1042700066D0039B00F500720199D86010A81A61FE
:10428000FFF7BAFB044650B99DF88B30980655D419
:10429000190653D49DF84630DA0706D50724284678
:1042A00002F0E8FC204638B070BD039B04931878F8
:1042B000042814D104A91869FFF780FB069E9DF815
:1042C0004630DB0610D410A8FEF776FF044600281F
:1042D000E5D156BB0398FEF7DBFB0446DFE71F99E9
:1042E000FFF782FB0646EAE7039BDA69B242D5D0C4
:1042F00024930021269624A81B78042B01BFDDE916
:104300000823CDE928239DF817308DF89730FEF764
:10431000EFF904460028C2D124A8FFF741F804466B
:104320000028BBD00428BAD1CDE70246314604A804
:10433000FEF7C2FA04460028B1D1CBE70624AEE767
:104340001124AFE7F0B5BDB0CDE900106846FDF728
:104350000FFF022203A901A8FEF7E6FB044600288E
:1043600041D1039B4FF48C60149302F073FC05461B
:10437000002800F0EE80039B00F5007214AE019956
:10438000D8601A613046FFF737FB044640BB9DF802
:104390009B3013F0A00F40F0D880039B009F1A7849
:1043A000042A68D11B6904AC03F1400C1868083377
:1043B00053F8041C2246634503C21446F6D150222A
:1043C000314628A8FDF738FD394628A8FFF714FB29
:1043D000044600284CD12A9A169B9A4206D00824FB
:1043E000284602F047FC20463DB0F0BD349A209BA1
:1043F0009A42F4D128A8FFF733F904460028EFD1F8
:10440000039B04AF1B6993F801E093F823C09C8CD5
:104410003A46083303CAB24243F8080C43F8041C76
:104420001746F5D1039B28A81B6983F801E0039B7D
:104430001A6982F823C01A6982F82440240A82F893
:1044400025401A691379D9065CBF43F02003137124
:10445000FEF776FF04460028C2D13046FEF7ACFED8
:1044600004460028BCD10398FEF712FB0446B7E7C8
:104470000428B5D1BEE7239A04AB02F1200C1068E2
:10448000083252F8041C1C46624503C42346F6D188
:104490005022314628A8FDF7CFFC394628A8FFF75F
:1044A000ABFA044600284CD12A9A169B9A4296D120
:1044B000349A209B9A4292D128A8FFF7D1F804465B
:1044C00000288DD137990DF11D030DF12D0001F15B
:1044D0000D0253F8044B834242F8044BF9D118887B
:1044E000012710809B7893709DF81B30039CDA069F
:1044F00058BF43F02003CB72E770CB7ADB06ACD514
:10450000169A2A9B9A42A8D02078FFF76DFA0146A6
:104510002046FDF7EDFD0146C8B12046FDF798FFA6
:10452000044600287FF45CAF039890F86D302E2B82
:1045300093D12A9A00F16C01FDF7E6FD039BDF7031
:104540008BE704287FF44CAFB6E7062448E7022443
:1045500046E7112447E700007F2810B501D880B254
:1045600010BDB0F5803F13D240F2523399420FD1C3
:104570000849002231F8024B93B2844203D103F17F
:104580008000C0B2ECE70132802AF3D11346F6E78F
:104590000020E5E73C8D00087F280DD940F252331A
:1045A000994208D1FF2806D800F10040034B80381B
:1045B00033F8100070470020704700BF3C8D0008A2
:1045C000B0F5803FF0B522D21F4A83B21F49B0F543
:1045D000805F28BF0A46141D34F8042C2146AAB176
:1045E000934213D334F8025C2E0AEFB252FA85F5E7
:1045F000A84222DA082E09D8DFE806F0050A1012D0
:104600001416181A1C00801A34F810301846F0BD21
:10461000981A00F001001B1A9BB2F7E7103BFBE76A
:10462000203BF9E7303BF7E71A3BF5E70833F3E7C0
:10463000503BF1E7A3F5E353EEE70434002ECBD172
:1046400001EB4702C7E700BF8C8A0008808C000896
:1046500008B5074B074A196801F03D019960536896
:104660000BB190689847BDE8084002F023BD00BF39
:10467000000002401C36002008B5084B1968890963
:1046800001F03D018A019A60054AD3680BB11069B7
:104690009847BDE8084002F00DBD00BF0000024091
:1046A0001C36002008B5084B1968090C01F03D01C3
:1046B0000A049A60054A53690BB190699847BDE8AE
:1046C000084002F0F7BC00BF000002401C3600208A
:1046D00008B5084B1968890D01F03D018A059A60FB
:1046E000054AD3690BB1106A9847BDE8084002F04B
:1046F000E1BC00BF000002401C36002008B5074B9B
:10470000074A596801F03D01D960536A0BB1906ABC
:104710009847BDE8084002F0CDBC00BF0000024051
:104720001C36002008B5084B5968890901F03D0185
:104730008A01DA60054AD36A0BB1106B9847BDE86D
:10474000084002F0B7BC00BF000002401C36002049
:1047500008B5084B5968090C01F03D010A04DA60FC
:10476000054A536B0BB1906B9847BDE8084002F0C7
:10477000A1BC00BF000002401C36002008B5084B59
:104780005968890D01F03D018A05DA60054AD36B4D
:104790000BB1106C9847BDE8084002F08BBC00BF1D
:1047A000000002401C36002008B5074B074A196874
:1047B00001F03D019960536C0BB1906C9847BDE8D6
:1047C000084002F077BC00BF000402401C36002005
:1047D00008B5084B1968890901F03D018A019A6002
:1047E000054AD36C0BB1106D9847BDE8084002F044
:1047F00061BC00BF000402401C36002008B5084B15
:104800001968090C01F03D010A049A60054A536DCC
:104810000BB1906D9847BDE8084002F04BBC00BF5B
:10482000000402401C36002008B5084B1968890DA9
:1048300001F03D018A059A60054AD36D0BB1106EF7
:104840009847BDE8084002F035BC00BF00040240B4
:104850001C36002008B5074B074A596801F03D0196
:10486000D960536E0BB1906E9847BDE8084002F0D6
:1048700021BC00BF000402401C36002008B5084BD4
:104880005968890901F03D018A01DA60054AD36E51
:104890000BB1106F9847BDE8084002F00BBC00BF99
:1048A000000402401C36002008B5084B5968090C6A
:1048B00001F03D010A04DA60054A536F0BB1906FB5
:1048C0009847BDE8084002F0F5BB00BF0004024075
:1048D0001C36002008B5084B5968890D01F03D01D0
:1048E0008A05DA60054AD36F13B1D2F88000984781
:1048F000BDE8084002F0DEBB000402401C36002088
:1049000000230C4910B51A460B4C0B6054F82300D9
:10491000026001EB430004334260402BF6D1074AAA
:104920004FF0FF339360D360C2F80834C2F80C3400
:1049300010BD00BF1C3600203C8E00080000024065
:104940000F28F8B510D9102810D0112811D012282E
:1049500008D10F240720DFF8C8E00126DEF8005058
:10496000A04208D9002653E00446F4E70F240020B3
:10497000F1E70724FBE706FA00F73D424AD1264C4F
:104980004FEA001C3D4304EB00160EEBC000CEF8CE
:104990000050C0E90123FBB273B12048D0F8D830F1
:1049A00043F00103C0F8D830D0F8003143F00103E0
:1049B000C0F80031D0F8003117F47F4F0ED01748FF
:1049C000D0F8D83043F00203C0F8D830D0F8003126
:1049D00043F00203C0F80031D0F8003154F80C0065
:1049E000036823F01F030360056815F00105FBD180
:1049F00004EB0C033D2493F80CC05F6804FA0CF43C
:104A00003C6021240560446112B1987B00F04EFBAC
:104A10003046F8BD0130A3E73C8E00080044025840
:104A20001C36002010B5302484F31188FFF788FF6E
:104A3000002383F3118810BD10B50446807B00F07D
:104A40004BFB01231549627B03FA02F20B6823EA50
:104A50000203DAB20B6072B9114AD2F8D81021F011
:104A60000101C2F8D810D2F8001121F00101C2F8FA
:104A70000011D2F8002113F47F4F0ED1084BD3F868
:104A8000D82022F00202C3F8D820D3F8002122F067
:104A90000202C3F80021D3F8003110BD1C360020FB
:104AA0000044025808B5302383F31188FFF7C4FF90
:104AB000002383F3118808BD836CC26A8B4250685F
:104AC00010B506D95A1E4C0002EB4103B3FBF4F3B8
:104AD000184410BD01F001038A0748BF43F00203E8
:104AE0004A0748BF43F008030A0748BF43F00403DE
:104AF000CA0648BF43F010038A06426B48BF43F022
:104B0000200313434363704710B5074C204600F061
:104B1000F3FC064B0022C4E91023054BA364054BAC
:104B2000E363054BE36410BDA03600200070005223
:104B300000B4C404F4360020F4380020C36A0BB972
:104B4000104BC3620379012B11D10F4B98420ED148
:104B50000E4BD3F8D42042F48032C3F8D420D3F8DB
:104B6000FC2042F48032C3F8FC20D3F8FC30436CC4
:104B700000221A65DA621A605A605A624FF0FF32F8
:104B80009A6370473C8F0008A0360020004402580A
:104B90000379012B1BD0436C00221A65DA621A607C
:104BA0005A605A624FF0FF329A63094B98420ED115
:104BB000084BD3F8D42022F48032C3F8D420D3F8A1
:104BC000FC2022F48032C3F8FC20D3F8FC3070477C
:104BD000A03600200044025810B5446C0649FFF787
:104BE0006BFF6060236842F2107043F003032360A0
:104BF000BDE8104001F0F4B9801A06000129F8B5AB
:104C0000466C0B4F09D175680A493D40FFF754FFC8
:104C1000054345F480557560F8BD746806493C400D
:104C2000FFF74AFF044344F480547460F4E700BF84
:104C300000ECFFFF80F0FA0240787D01436C002217
:104C40005A601A6070470000426C0129536823F4CF
:104C5000404304D0022905D001B95360704743F4A2
:104C60008043FAE743F40043F7E70000436C41F464
:104C700080519A60D9605A6B1206FCD580229A63E3
:104C80007047000010B541F48851446CA260E160A7
:104C9000616B11F04502FBD0A26311F0040203D056
:104CA000FFF718FF012010BD616910461960FAE78F
:104CB00010B541F48851446CA260E160616B11F061
:104CC0004502FBD0A26311F0050203D0FFF702FFFB
:104CD000012010BD616910461960FAE773B51346EB
:104CE00004460E46302282F31188426CD26B32B1F8
:104CF0004FF0FF314030019301F07EF9019B606C71
:104D000000220265C263C262456B15F4807504D14E
:104D100085F31188012002B070BD4FF0FF3181632F
:104D200082F31188012E06D90C21204602B0BDE87D
:104D30007040FFF7BDBF1046EDE7000073B5446C4F
:104D40000E4600250192616BA1632565E562FFF7C0
:104D5000C1FE012E07D9019B2A460C2102B0BDE8F5
:104D60007040FFF7A5BF02B070BD000010B541F460
:104D70009851446CA260E160616B11F04502FBD078
:104D8000A26311F03F0203D0FFF7A4FE012010BD83
:104D9000216A10461960E1695960A16999606169E9
:104DA000D960F4E72DE9F74304460191006D01A9AC
:104DB0001746984602F0A6F8064600284AD0626CCC
:104DC0002046DDF804905568C5F3090501356B00F0
:104DD000A56CB5FBF3F54FF47A73B5FBF3F55D43C2
:104DE000556200F04FFB50BB636C4FF0FF32012562
:104DF0004146C3F8589020461D659A634FF495725A
:104E0000DA6342F207029F62DA62E36C0A9AFFF702
:104E10004FFFA0B9E26C104B11680B407BB92946DB
:104E20002046FFF75BFF054648B92E463A460199F2
:104E3000206D02F09FF8304603B0BDE8F0833A469B
:104E40000199206D02F096F8E26C01212046FFF7EF
:104E500075FFF0E70126EEE708E0FFFD2DE9F743D7
:104E60001F46436C01924FF47A725D68044688468F
:104E7000C5F3090501356E00856CB5FBF6F5B5FB8C
:104E8000F2F555435D6200F0FDFA20B10125284698
:104E900003B0BDE8F0837E0201A9206D324602F026
:104EA00031F805460028F1D0636C019AD4F84C9093
:104EB0009A6501221A654FF0FF329A634FF495729A
:104EC000DA639E62236BDB064B4658BF4FEA4828E5
:104ED000012F42461BD912212046FFF7E9FEC0B937
:104EE000D9F80020104B13409BB9636C42F2930237
:104EF00039462046DA62E26CFFF7F0FE804640B9A0
:104F000032460199206D454602F034F8BFE7112181
:104F1000E2E732460199206D02F02CF8E26C394646
:104F20002046FFF70BFFB2E708E0FFFD2DE9F34154
:104F30001F46436C01924FF47A725D6804468846BE
:104F4000C5F3090501356E00856CB5FBF6F5B5FBBB
:104F5000F2F555435D6200F095FA20B1012528462F
:104F600002B0BDE8F0817E0201A9206D324602F058
:104F70000FF805460028F1D0636C019A9A6501226A
:104F80001A654FF0FF329A634FF48D72DA639E62B6
:104F9000236BE66CDB06334658BF4FEA4828012FE7
:104FA000424619D919212046FFF782FEB0B932686E
:104FB0000F4B134093B9636C42F29102394620467D
:104FC000DA62E26CFFF78AFE064638B90199354687
:104FD000206D02F019F8C2E71821E4E70199206D6D
:104FE00002F012F8E26C39462046FFF7A7FEB6E75A
:104FF00008E0FFFD12F0030F2DE9F04107460C46D3
:1050000015461E4617D00E44B44202D10020BDE81A
:10501000F0810123FA6B21463846FFF71FFF002875
:10502000F5D128464FF40072F96B05F5007501348F
:10503000FCF702FFE8E7BDE8F041FFF70FBF000013
:1050400012F0030F2DE9F04107460C4615461E46A7
:1050500017D00E44B44202D10020BDE8F0812946A9
:105060004FF40072F86B05F50075FCF7E5FE0123BF
:10507000FA6B21463846FFF759FF0028EDD101347D
:10508000E8E7BDE8F041FFF751BF0000002070479E
:10509000302310B583F311880024436C403021463F
:1050A000DC6300F0B7FF84F3118810BD090100F143
:1050B0006043012203F56143C9B283F8001300F095
:1050C0001F039A4043099B0003F1604303F56143CA
:1050D000C3F880211A60704700F01F0301229A4034
:1050E000430900F160409B0000F5614003F160431B
:1050F00003F56143C3F88020C3F88021002380F8C2
:10510000003370470379052B05BF836A0020012017
:105110004B6004BF4FF400730B60704770B55D1EA9
:10512000866A04460D44B54205D9436B43F08003BB
:105130004363012070BD06250571FFF75BFF052362
:105140002371F7E770B55D1E866A04460D44B542CB
:1051500005D9436B43F080034363012070BD0725ED
:105160000571FFF76DFF05232371F7E738B5057962
:105170000446052D05D108230371FFF787FF25712C
:1051800038BD0120FCE700000323F0B5037185B0B2
:105190000446FFF721FD002220461146FFF766FD79
:1051A0004FF4D57203AB08212046FFF781FD02467C
:1051B000B8B901232363039BC3F30323012B09D154
:1051C00003AB37212046FFF773FD18B9A44B039AB0
:1051D0001340ABB120460125FFF730FD02232371B8
:1051E00037E103AB002237212046FFF761FD28B9E4
:1051F0009B4A039B1A40002A00F0A78002232363E6
:10520000236B03F00F03022B40F0A9806425954E19
:1052100042F2107000F0E4FE03AB3246012120465A
:10522000FFF730FD0028D5D1039B002B80F293803F
:105230005A0003D5236B43F010032363002204F1CB
:10524000080302212046FFF791FD02460028C1D144
:1052500004F1380303212046FFF72AFD0028B9D1C5
:1052600004F11805A26B092120462B46FFF77EFDAD
:105270000028AFD102ABA26B07212046FFF718FD33
:1052800006460028A6D1236B03F00F03022B40F043
:105290008F807E227F21284603F058F8012840F2B3
:1052A0008780E76B42F2107000F09AFE08234FF4FB
:1052B0000072394620460096FFF774FD002889D118
:1052C000384603F091F8236BA06203F00F03022B22
:1052D00072D103AB644A06212046FFF7E9FC00289F
:1052E00071D15F49039B1940B1FA81F14909204608
:1052F000FFF784FC02AB4FF4007210212046FFF749
:10530000D7FC054600287FF465AF554E029B33421B
:105310007FF460AF236B13F00E0F03F00F0273D016
:10532000022A7FF457AFE36A1978012900F09480CC
:10533000022900F09380002900F089804B4F20461D
:10534000FFF782FC03AB3A4676E011462046226323
:10535000FFF78CFC54E7013D7FF45AAF3AE7444D28
:105360006426444A3E4F012B18BF154603AB00226A
:1053700037212046FFF79CFC00287FF42BAF039BCE
:105380003B427FF427AF03AB2A4629212046FFF793
:1053900079FC00287FF41EAF039B002BFFF648AF7B
:1053A000013E3FF417AF42F2107000F019FEDDE746
:1053B000284602F0EDFF86E77E227F212846E66B35
:1053C00002F0C4FF08B9002191E7002340223146D2
:1053D000204600930623FFF7E5FC0028F3D1B389AC
:1053E0005BBA9B07EFD5244B402231462046009301
:1053F0000623FFF7D7FC0028E5D1317C01F00F012F
:105400000F3918BF012172E7E36A1978F9B1012950
:105410007FF4E0AE2046FFF717FC03ABA26B372109
:105420002046FFF745FC00287FF4D4AE039B3342AF
:105430007FF4D0AE03AB022206212046FFF738FCF2
:1054400000287FF4C7AE039B33427FF4C3AE05232D
:105450002371284605B0F0BD084F70E7084F6EE78E
:1054600008E0FFFD0080FFC00001B9030000B703A2
:105470000080FF5000001080F1FFFF800001B703A3
:105480000002B70337B504460C4D01ABA26B0D21EA
:105490002046FFF70DFC78B9019B2B420BD1C3F3DB
:1054A0004323042B08D0053B022B04D84FF47A7019
:1054B00000F096FDE9E7012003B030BD08E0FFFDF4
:1054C00070B53023054683F3118803790024022B3D
:1054D00003D184F31188204670BD0423037184F343
:1054E00011880226FFF7CEFF04462846FFF7A6FBE9
:1054F0002E71F0E7FFF708BB044B03600123037133
:1055000000234363C0E90A33704700BF448F00089B
:1055100010B53023044683F31188C162FFF70EFBF8
:1055200002230020237180F3118810BD10B53023B1
:10553000044683F31188FFF72BFB00230122E3626B
:10554000227183F3118810BD026843681143016022
:1055500003B118477047000013B5406B00F5805445
:10556000D4F8A4381A681178042914D1017C0229CE
:1055700011D11979012312898B4013420BD101A952
:105580004C3002F011FED4F8A4480246019B217968
:10559000206800F0DFF902B010BD0000143002F006
:1055A00093BD00004FF0FF33143002F08DBD0000BA
:1055B0004C3002F065BE00004FF0FF334C3002F07B
:1055C0005FBE0000143002F061BD00004FF0FF31FB
:1055D000143002F05BBD00004C3002F031BE000020
:1055E0004FF0FF324C3002F02BBE0000002070471D
:1055F00010B500F58054D4F8A4381A68117804293D
:1056000017D1017C022914D15979012352898B4089
:1056100013420ED1143002F0F3FC024648B1D4F824
:10562000A4484FF4407361792068BDE8104000F051
:105630007FB910BD406BFFF7DBBF00007047000073
:105640007FB5124B01250426044603600023057430
:1056500000F1840243602946C0E902330C4B0290FA
:10566000143001934FF44073009602F0A5FC094BEF
:1056700004F69442294604F14C000294CDE90063FB
:105680004FF4407302F06CFD04B070BD688F0008E9
:1056900035560008595500080A68302383F31188ED
:1056A0000B790B3342F823004B79133342F8230074
:1056B0008B7913B10B3342F8230000F58053C3F804
:1056C000A41802230374002080F31188704700009F
:1056D00038B5037F044613B190F85430ABB90125B7
:1056E000201D0221FFF730FF04F114006FF00101CB
:1056F000257700F0B5FC04F14C0084F854506FF0AD
:105700000101BDE8384000F0ABBC38BD10B5012147
:1057100004460430FFF718FF0023237784F8543041
:1057200010BD000038B504460025143002F05CFCC2
:1057300004F14C00257702F02BFD201D84F8545015
:105740000121FFF701FF2046BDE83840FFF750BFB9
:1057500090F8803003F06003202B06D190F8812070
:105760000023212A03D81F2A06D800207047222AA6
:10577000FBD1C0E91D3303E0034A42670722826779
:10578000C3670120704700BF3422002037B500F501
:105790008055D5F8A4381A68117804291AD1017CEB
:1057A000022917D11979012312898B40134211D193
:1057B00000F14C04204602F0ABFD58B101A920468F
:1057C00002F0F2FCD5F8A4480246019B217920683A
:1057D00000F0C0F803B030BD01F10B03F0B550F894
:1057E000236085B004460D46FEB1302383F3118853
:1057F00004EB8507301D0821FFF7A6FEFB6806F1C4
:105800004C005B691B681BB1019002F0DBFC019846
:1058100003A902F0C9FC024648B1039B2946204671
:1058200000F098F8002383F3118805B0F0BDFB6801
:105830005A691268002AF5D01B8A013B1340F1D146
:1058400004F18002EAE70000133138B550F8214036
:10585000ECB1302383F3118804F58053D3F8A428E6
:105860001368527903EB8203DB689B695D6845B17D
:1058700004216018FFF768FE294604F1140002F0C5
:10588000C9FB2046FFF7B4FE002383F3118838BD1F
:105890007047000001F00CBD01234022002110B52B
:1058A000044600F8303BFCF7EDFA0023C4E901336D
:1058B00010BD000010B53023044683F31188242264
:1058C000416000210C30FCF7DDFA204601F012FDAA
:1058D00002230020237080F3118810BD70B500EB07
:1058E0008103054650690E461446DA6018B110224D
:1058F0000021FCF7C7FAA06918B110220021FCF7BB
:10590000C1FA31462846BDE8704001F0F9BD0000FB
:1059100083682022002103F0011310B50446836040
:105920001030FCF7AFFA2046BDE8104001F074BE1D
:10593000F0B4012500EB810447898D40E4683D43C4
:10594000A469458123600023A2606360F0BC01F07C
:1059500091BE0000F0B4012500EB810407898D4061
:10596000E4683D436469058123600023A2606360AD
:10597000F0BC01F007BF000070B50223002504460B
:10598000242203702946C0F888500C3040F8045C8B
:10599000FCF778FA204684F8705001F045FD636802
:1059A0001B6823B129462046BDE87040184770BDEA
:1059B0000378052B10B504460AD080F88C300523F7
:1059C000037043681B680BB1042198470023A36050
:1059D00010BD00000178052906D190F88C2043689D
:1059E00002701B6803B118477047000070B590F84B
:1059F0007030044613B1002380F8703004F1800247
:105A0000204601F02DFE63689B68B3B994F880309E
:105A100013F0600535D00021204602F01FF9002167
:105A2000204602F00FF963681B6813B10621204677
:105A30009847062384F8703070BD204698470028A8
:105A4000E4D0B4F88630A26F9A4288BFA36794F975
:105A50008030A56F002B4FF0300380F20381002DC2
:105A600000F0F280092284F8702083F3118800216D
:105A70002046D4E91D23FFF76DFF002383F311882F
:105A8000DAE794F8812003F07F0343EA022340F22F
:105A90000232934200F0C58021D8B3F5807F48D010
:105AA0000DD8012B3FD0022B00F09380002BB2D1F8
:105AB00004F1880262670222A267E367C1E7B3F5D7
:105AC000817F00F09B80B3F5407FA4D194F88230B1
:105AD000012BA0D1B4F8883043F0020332E0B3F5D3
:105AE000006F4DD017D8B3F5A06F31D0A3F5C063C8
:105AF000012B90D86368204694F882205E6894F861
:105B00008310B4F88430B047002884D043686367BA
:105B10000368A3671AE0B3F5106F36D040F602426F
:105B200093427FF478AF5C4B63670223A367002343
:105B3000C3E794F88230012B7FF46DAFB4F888305E
:105B400023F00203A4F88830C4E91D55E56778E71F
:105B5000B4F88030B3F5A06F0ED194F882302046AF
:105B600084F88A3001F0BEFC63681B6813B1012120
:105B700020469847032323700023C4E91D339CE784
:105B800004F18B0363670123C3E72378042B10D14F
:105B9000302383F311882046FFF7BAFE85F311887E
:105BA0000321636884F88B5021701B680BB1204679
:105BB000984794F88230002BDED084F88B30042391
:105BC000237063681B68002BD6D0022120469847BB
:105BD000D2E794F8843020461D0603F00F010AD561
:105BE00001F030FD012804D002287FF414AF2B4BC4
:105BF0009AE72B4B98E701F017FDF3E794F8823012
:105C0000002B7FF408AF94F8843013F00F01B3D069
:105C10001A06204602D502F039F8ADE702F02AF85C
:105C2000AAE794F88230002B7FF4F5AE94F8843024
:105C300013F00F01A0D01B06204602D502F00EF88B
:105C40009AE701F0FFFF97E7142284F8702083F3AE
:105C500011882B462A4629462046FFF769FE85F320
:105C60001188E9E65DB1152284F8702083F311886C
:105C700000212046D4E91D23FFF75AFEFDE60B2242
:105C800084F8702083F311882B462A462946204643
:105C9000FFF760FEE3E700BF988F0008908F0008D1
:105CA000948F000838B590F870300446002B3ED031
:105CB000063BDAB20F2A34D80F2B32D8DFE803F0D4
:105CC00037313108223231313131313131313737E9
:105CD000856FB0F886309D4214D2C3681B8AB5FB2D
:105CE000F3F203FB12556DB9302383F311882B4671
:105CF0002A462946FFF72EFE85F311880A2384F8E9
:105D000070300EE0142384F87030302383F3118850
:105D1000002320461A461946FFF70AFE002383F3A4
:105D2000118838BDC36F03B198470023E7E700210E
:105D3000204601F093FF0021204601F083FF6368B5
:105D40001B6813B10621204698470623D7E70000B9
:105D500010B590F870300446142B29D017D8062BB4
:105D600005D001D81BB110BD093B022BFBD8002187
:105D7000204601F073FF0021204601F063FF6368B5
:105D80001B6813B1062120469847062319E0152BFE
:105D9000E9D10B2380F87030302383F3118800237E
:105DA0001A461946FFF7D6FD002383F31188DAE778
:105DB000C3689B695B68002BD5D1C36F03B198475B
:105DC000002384F87030CEE70023826803750369EE
:105DD0001B6899689142FBD25A6803604260106068
:105DE0005860704700238268037503691B689968CF
:105DF0009142FBD85A680360426010605860704757
:105E000008B50846302383F311880A7D0023052A4C
:105E100006D8DFE802F00B050503120E8269136055
:105E20004FF0FF338361FFF7CFFF002383F3118827
:105E300008BD8269936801339360D0E90032136032
:105E40005A60EDE7FFF7C0BF054BD96808751868C1
:105E5000026853601A600122D8600275FAF7D2BA5C
:105E6000F83800200C4B30B5DD684B1C87B0044679
:105E70000FD02B46094A684600F086F92046FFF706
:105E8000E3FF009B13B1684600F088F9A86907B0EA
:105E900030BDFFF7D9FFF9E7F8380020015E0008B0
:105EA00038B50C4D04468161EB6881689A6891426F
:105EB00003D8BDE83840FFF787BF1846FFF792FFC9
:105EC00001230146EC6020462375BDE83840FAF70F
:105ED00099BA00BFF8380020044B1A68DB68906854
:105EE0009B68984294BF002001207047F83800203A
:105EF000084B10B51C68D868226853601A600122EC
:105F0000DC602275FFF76EFF01462046BDE81040B9
:105F1000FAF778BAF838002038B50123084C002584
:105F20002370656002F08EFA02F0B4FA0549064863
:105F300002F088FB0223237085F3118838BD00BF6F
:105F4000603B0020A08F0008F838002000F05CB90A
:105F5000034A516853685B1A9842FBD8704700BFE8
:105F6000001000E08B600223086108468B827047B6
:105F70008368A3F1840243F8142C026943F8442C8B
:105F8000426943F8402C094A43F8242CC268A3F123
:105F9000200043F8182C022203F80C2C002203F8EE
:105FA0000B2C034A43F8102C704700BF1D04000857
:105FB000F838002008B5FFF7DBFFBDE80840FFF721
:105FC00041BF0000024BDB6898610F20FFF73CBF28
:105FD000F8380020302383F31188FFF7F3BF000067
:105FE00008B50146302383F311880820FFF73AFFF4
:105FF000002383F3118808BD054BDB6821B10360E2
:1060000098610320FFF72EBF4FF0FF30704700BFAD
:10601000F838002003682BB100220260184699610D
:10602000FFF710BF70470000064BDB6839B14268CC
:1060300018605A60136043600420FFF713BF4FF0ED
:10604000FF307047F83800200368984206D01A687D
:106050000260506018469961FFF7F4BE7047000077
:1060600038B504460D462068844200D138BD036827
:1060700023605C608561FFF7E5FEF4E7036810B517
:106080009C68A2420CD85C688A600B604C602160FE
:10609000596099688A1A9A604FF0FF33836010BD87
:1060A000121B1B68ECE700000A2938BF0A2170B5F3
:1060B00004460D460A26601902F0BEF902F0A6F960
:1060C000041BA54203D8751C04462E46F3E70A2E8E
:1060D00004D90120BDE8704002F0F4BA70BD0000A0
:1060E000F8B5144B0D460A2A4FF00A07D96103F19F
:1060F0001001826038BF0A224160196914460160AC
:1061000048601861A81802F087F902F07FF9431B74
:106110000646A34206D37C1C28192746354602F0C2
:106120008BF9F2E70A2F04D90120BDE8F84002F00C
:10613000C9BAF8BDF8380020F8B506460D4602F099
:1061400065F90F4A134653F8107F9F4206D12A463D
:1061500001463046BDE8F840FFF7C2BFD169BB68D1
:10616000441A2C1928BF2C46A34202D92946FFF70E
:106170009BFF224631460348BDE8F840FFF77EBF4B
:10618000F838002008390020C0E90323002310B4A8
:106190005DF8044B4361FFF7CFBF000010B5194C09
:1061A000236998420DD08168D0E9003213605A60AB
:1061B0009A680A449A60002303604FF0FF33A3619A
:1061C00010BD0268234643F8102F5360002202607E
:1061D00022699A4203D1BDE8104002F027B99368C2
:1061E00081680B44936002F011F92269E1699268B9
:1061F000441AA242E4D91144BDE81040091AFFF73D
:1062000053BF00BFF83800202DE9F047DFF8BC800D
:1062100008F110072C4ED8F8105002F0F7F8D8F813
:106220001C40AA68031B9A423ED814444FF0000950
:10623000D5E90032C8F81C4013605A60C5F80090D8
:10624000D8F81030B34201D102F0F0F889F3118888
:10625000D5E9033128469847302383F311886B69C9
:10626000002BD8D002F0D2F86A69A0EB040982466C
:106270004A450DD2022002F025FA0022D8F810304B
:10628000B34208D151462846BDE8F047FFF728BF82
:10629000121A2244F2E712EB09092946384638BFA0
:1062A0004A46FFF7EBFEB5E7D8F81030B34208D006
:1062B0001444C8F81C00211AA960BDE8F047FFF794
:1062C000F3BEBDE8F08700BF08390020F838002091
:1062D00038B502F09BF8054AD2E90845031B1819A6
:1062E00045F10001C2E9080138BD00BFF8380020BF
:1062F00010B560B9074804790368053C9B6818BF6E
:106300000124984708B144F00404204610BD01243C
:10631000FBE700BFA0360020FFF7EABF2DE9F047FA
:10632000884617469A460446B0B90D4E3579052D74
:1063300005D003240DE0013D15F0FF050ED03268B5
:10634000534639463046D2F814904246C847002892
:10635000F1D12046BDE8F0870424FAE70124F8E7EC
:10636000A03600202DE9F047884617469A46044695
:10637000B0B90D4E3579052D05D003240DE0013D52
:1063800015F0FF050ED03268534639463046D2F834
:1063900018904246C8470028F1D12046BDE8F08752
:1063A0000424FAE70124F8E7A036002037B50C46AC
:1063B000154670B951B101290BD1074869460368E8
:1063C0001B6A984710B9019B04462B60204603B016
:1063D00030BD0424FAE700BFA0360020002070473B
:1063E000FEE70000704700004FF0FF3070470000EC
:1063F0004B6843608B688360CB68C3600B69436103
:106400004B6903628B6943620B680360704700004D
:1064100008B53C4B40F2FF713B48D3F888200A4353
:10642000C3F88820D3F8882022F4FF6222F0070204
:10643000C3F88820D3F88820D3F8E0200A43C3F8B3
:10644000E020D3F808210A43C3F808212F4AD3F8E3
:1064500008311146FFF7CCFF00F5806002F11C0106
:10646000FFF7C6FF00F5806002F13801FFF7C0FFBB
:1064700000F5806002F15401FFF7BAFF00F580607B
:1064800002F17001FFF7B4FF00F5806002F18C01AA
:10649000FFF7AEFF00F5806002F1A801FFF7A8FF4B
:1064A00000F5806002F1C401FFF7A2FF00F58060F3
:1064B00002F1E001FFF79CFF00F5806002F1FC01B2
:1064C000FFF796FF02F58C7100F58060FFF790FFF3
:1064D00001F074FC0E4BD3F8902242F00102C3F895
:1064E0009022D3F8942242F00102C3F894220522AC
:1064F000C3F898204FF06052C3F89C20054AC3F8B7
:10650000A02008BD0044025800000258AC8F0008CB
:1065100000ED00E01F00080308B501F03BFDFFF7A8
:10652000FBFC104BD3F8DC2042F04002C3F8DC2027
:10653000D3F8042122F04002C3F80421D3F8043137
:10654000094B1A6842F008021A601A6842F0040205
:106550001A6000F061FD00F03FFBBDE8084000F06C
:10656000B5B800BF00440258001802480120704727
:10657000002070477047000002290CD0032904D086
:106580000129074818BF00207047032A05D805488D
:1065900000EBC2007047044870470020704700BFFE
:1065A000AC910008442200206091000870B59AB0B8
:1065B00005460846144601A900F0C2F801A8FBF7F9
:1065C00059FC431C0022C6B25B001046C5E90034EA
:1065D00023700323023404F8013C01ABD1B202342E
:1065E0008E4201D81AB070BD13F8011B013204F8B5
:1065F000010C04F8021CF1E708B5302383F311887D
:106600000348FFF7C3F8002383F3118808BD00BFD8
:10661000683B002090F8803003F01F02012A07D168
:1066200090F881200B2A03D10023C0E91D3315E027
:1066300003F06003202B08D1B0F884302BB990F818
:106640008120212A03D81F2A04D8FFF781B8222AE3
:10665000EBD0FAE7034A426707228267C36701204B
:10666000704700BF3B22002007B5052917D8DFE897
:1066700001F0191603191920302383F31188104AE9
:1066800001210190FFF72AF9019802210D4AFFF735
:1066900025F90D48FFF746F8002383F3118803B06E
:1066A0005DF804FB302383F311880748FFF710F8E7
:1066B000F2E7302383F311880348FFF727F8EBE76D
:1066C0000091000824910008683B002038B50C4D6B
:1066D0000C4C2A460C4904F10800FFF767FF05F14E
:1066E000CA0204F110000949FFF760FF05F5CA72FC
:1066F00004F118000649BDE83840FFF757BF00BF56
:106700004054002044220020E0900008EA90000855
:10671000F590000870B5044608460D46FBF7AAFB45
:10672000C6B22046013403780BB9184670BD324614
:106730002946FBF78BFB0028F3D10120F6E7000088
:106740002DE9F84F05460C46FBF794FB2A49C6B2E3
:106750002846FFF7DFFF08B1043EF6B22749284676
:10676000FFF7D8FF08B11036F6B2632E0DD8DFF868
:106770008890DFF888A0224FDFF88CB0DFF88C809B
:106780002E7846B92670BDE8F88F29462046BDE828
:10679000F84F02F071B8252E2AD107224946284623
:1067A000FBF754FB50B9B8F800300735033424F830
:1067B000033C98F8023004F8013CE1E70822514616
:1067C0002846FBF743FB98B9A21C0E4B19780232FE
:1067D0000909C95D02F8041C13F8011B01F00F013F
:1067E0005B45C95D02F8031CF0D118340835C7E7D2
:1067F000013504F8016BC3E7CC910008F59000085F
:10680000D891000800E8F11F0CE8F11FD4910008AE
:10681000BFF34F8F044B1A695107FCD1D3F81021F5
:106820005207F8D1704700BF0020005208B50D4B49
:106830001B78ABB9FFF7ECFF0B4BDA68D10704D537
:106840000A4A5A6002F188325A60D3F80C21D20702
:1068500006D5064AC3F8042102F18832C3F80421A0
:1068600008BD00BF9E56002000200052230167454E
:1068700008B5114B1B78F3B9104B1A69510703D5B2
:10688000DA6842F04002DA60D3F81021520705D5E9
:10689000D3F80C2142F04002C3F80C21FFF7B8FFF7
:1068A000064BDA6842F00102DA60D3F80C2142F0BC
:1068B0000102C3F80C2108BD9E56002000200052A2
:1068C0000F289ABF00F58060400400207047000048
:1068D0004FF4003070470000102070470F2808B5B3
:1068E0000BD8FFF7EDFF00F500330268013204D149
:1068F00004308342F9D1012008BD0020FCE70000EC
:106900000F2838B505463FD8FFF782FF1F4CFFF729
:106910008DFF4FF0FF3307286361C4F814311DD891
:106920002361FFF775FF030243F02403E360E3688C
:1069300043F08003E36023695A07FCD42846FFF73D
:1069400067FFFFF7BDFF4FF4003100F09FFA2846C4
:10695000FFF78EFFBDE83840FFF7C0BFC4F8103125
:10696000FFF756FFA0F108031B0243F02403C4F80D
:106970000C31D4F80C3143F08003C4F80C31D4F856
:1069800010315B07FBD4D9E7002038BD002000524E
:106990002DE9F84F04460D46104644EA0203DE0690
:1069A00002D00020BDE8F88F20F01F00DFF8D4B03F
:1069B000DFF8D4A0FFF73AFF05EB0008454503D107
:1069C0000120FFF755FFEDE720222946204601F080
:1069D0001BFF10B920342035F0E7234604F12002D4
:1069E0001F68791CDDD104339342F9D104F1784357
:1069F0002048214EB3F5801F204B38BF184603F1C5
:106A0000F80332BFD946D1461E46FFF701FF0760A3
:106A1000A4EB050C336805F11C0143F0020333605D
:106A20002B1FD9F8007017F00507FAD153F8042F7F
:106A30008B424CF80320F4D1BFF34F8FFFF7E8FEF1
:106A40004FF0FF330360336823F002033360BFF37A
:106A50004F8F0B4BC3F85C42BFF34F8FBFF36F8F69
:106A600020222946204601F0CFFE0028B2D0384629
:106A7000A7E700BF142100520C200052142000523E
:106A800000ED00E0102000521021005210B5084C1B
:106A9000237828B11BB9FFF7C9FE0123237010BD6D
:106AA000002BFCD02070BDE81040FFF7E1BE00BF16
:106AB0009E5600202DE9F04F0D4685B0814658B115
:106AC00011F00D0614BF2022082211F008030193D3
:106AD00004D0431E03426AD0002435E0002E37D094
:106AE00009F11F0121F01F094FF00108324F05F095
:106AF0000403DFF8D0A005EA080BBBF1000F32D089
:106B00007869C0072FD408F101080C37B8F1060FD7
:106B1000F3D19EB9294D4946A819019201F0DCFC38
:106B2000044600283AD11836019A782EF3D1494606
:106B300001F0D2FC0446002830D1019A4946204891
:106B400001F0CAFC044668BB204605B0BDE8F08FE2
:106B50000029C9D101462846029201F0BDFC044635
:106B6000E0B9029AC0E713B178694107CBD5AC0709
:106B700002D578698007C6D5019911B178690107F6
:106B8000C1D51820494600FB08A0CDE9022301F039
:106B9000A3FC0446DDE902230028B4D04A460021C4
:106BA000204601E04A460021FBF76CF9CCE702469B
:106BB000002E95D198E700BFEC910008D056002038
:106BC000A0560020B85600200021FFF773BF000038
:106BD0000121FFF76FBF0000F8B500231A461A60C5
:106BE0000433B3F5806FFAD1114D01241827114EEB
:106BF00007FB046001342A6955F80C1F01F058FCAA
:106C0000062CF5D137254FF4C0542046FFF7E0FF9E
:106C1000014628B122460848BDE8F84001F048BCCA
:106C2000C4EBC404013D4FEAD404EED1F8BD00BF6B
:106C3000EC910008B8560020A05600200421FFF770
:106C400039BF00004843FFF7BFBF000008B101F0A3
:106C5000B5BC7047B0F5805F10B5044607D8FFF7A4
:106C6000EDFF28B92046BDE81040FFF7ADBF00207A
:106C700010BD0000FFF7EABF70B5AAB140EA0103FA
:106C800013F01F030FD1094C0144A5686D0706D509
:106C90002568A84203D366683544A94204D9033362
:106CA0000C34122BF1D10022104670BDEC9100087B
:106CB00008B501F04BFD034AD2E90032C01842EB9F
:106CC000010108BD48570020434BD3E900232DE9BB
:106CD000F34113437CD0FFF7EBFF404A002300272A
:106CE000F9F7AAFB06460D463D4A0023F9F7A4FB37
:106CF0000023144630462946394AF9F79DFB4FF4E4
:106D000061613C23ADF80170B4FBF1F5B4FBF3F61F
:106D100001FB154103FB16464624B1FBF3F1314B51
:106D2000F6B28DF8004098423CD84FF0640C4FF416
:106D3000C87EA30704F26C7225D1B2FBFCF30CFBF6
:106D4000132313BBB2FBFEF30EFB1322B2FA82F342
:106D50005B0903F26D18621C8045D2B217D90FB1DE
:106D60008DF800400022204C4FF00C0C17460CFB15
:106D70000343D4B2013213F804C084450CD8A0EB0D
:106D80000C000127F5E70023E3E70123E1E7A0EB8F
:106D9000080014460127CCE70FB18DF80140431CD1
:106DA0008DF802309DF80100431C9DF8000050381A
:106DB000400640EA43509DF8023040EA034040EA72
:106DC000560040EAC52040EA411002B0BDE8F0811B
:106DD0004FF40410F9E700BF4857002040420F006D
:106DE0008051010090230B00349200080244074BAD
:106DF000D2B210B5904200D110BD441C00B253F87D
:106E0000200041F8040BE0B2F4E700BF5040005806
:106E10000E4B30B51C6F240405D41C6F1C671C6F0F
:106E200044F400441C670A4C02442368D2B243F481
:106E300080732360074B904200D130BD441C51F851
:106E4000045B00B243F82050E0B2F4E7004402587B
:106E5000004802585040005807B5012201A90020FF
:106E6000FFF7C4FF019803B05DF804FB13B50446B7
:106E7000FFF7F2FFA04205D0012201A900200194F2
:106E8000FFF7C6FF02B010BD704700000144BFF31A
:106E90004F8F064B884204D3BFF34F8FBFF36F8FE2
:106EA0007047C3F85C022030F4E700BF00ED00E05B
:106EB0000144BFF34F8F064B884204D3BFF34F8F7B
:106EC000BFF36F8F7047C3F870022030F4E700BF44
:106ED00000ED00E070B5054616460C460120102175
:106EE000FFF7B0FE286046733CB1204636B1FFF78D
:106EF000A5FE2B68186000B19C6070BDFFF768FEAE
:106F0000F7E70000F8B50F461546044648B905F105
:106F10001F010126386821F01F01FFF7B7FF304637
:106F2000F8BD427B29463868FFF7A6FE06460028D2
:106F3000EDD13B686360A368AB4210D213B1206807
:106F4000FFF784FE637B28462BB1FFF777FE2060B6
:106F500020B9A060E3E7FFF73BFEF8E7A5602068F3
:106F600005F11F01012621F01F013860FFF78EFF98
:106F70002673D4E710B5044640B10068884205D1B5
:106F8000606808B1FAF758FF0023237310BD0000B2
:106F9000F8B50F461446054648B904F11F0101260D
:106FA000386821F01F01FFF783FF3046F8BD427BB0
:106FB00021463868FFF760FE06460028EDD1AB6831
:106FC000A34210D213B12868FFF740FE6B7B204626
:106FD0002BB1FFF733FE286020B9A860E5E7FFF783
:106FE000F7FDF8E7AC60396819B122462868FAF76E
:106FF00023FF286804F11F01012621F01F013860DA
:10700000FFF756FF2E73D0E720B103688B4204BF11
:107010000023037370470000034B1A681AB9034A30
:10702000D2F8D0241A607047505700200040025810
:1070300008B5FFF7F1FF024B1868C0F3806008BD88
:1070400050570020EFF30983054968334A6B22F05B
:1070500001024A6383F30988002383F31188704790
:1070600000EF00E0302080F3118862B60D4B0E4A2D
:10707000D96821F4E0610904090C0A430B49DA607C
:10708000D3F8FC2042F08072C3F8FC20084AC2F812
:10709000B01F116841F0010111602022DA7783F8F6
:1070A0002200704700ED00E00003FA0555CEACC5A4
:1070B000001000E0302310B583F311880E4B5B689D
:1070C00013F4006314D0F1EE103AEFF309844FF09B
:1070D0008073683CE361094BDB6B236684F30988AA
:1070E000FEF7FAFE10B1064BA36110BD054BFBE79E
:1070F00083F31188F9E700BF00ED00E000EF00E046
:107100002F0400083204000870B5BFF34F8FBFF39F
:107110006F8F1A4A0021C2F85012BFF34F8FBFF38E
:107120006F8F536943F400335361BFF34F8FBFF345
:107130006F8FC2F88410BFF34F8FD2F8803043F6C0
:10714000E074C3F3C900C3F34E335B0103EA0406E2
:10715000014646EA81750139C2F86052F9D2203BF6
:1071600013F1200FF2D1BFF34F8F536943F48033F3
:107170005361BFF34F8FBFF36F8F70BD00ED00E021
:10718000FEE70000214B2248224A70B5904237D3D7
:10719000214BC11EDA1C121A22F003028B4238BFA7
:1071A00000220021FAF76EFE1C4A0023C2F8843048
:1071B000BFF34F8FD2F8803043F6E074C3F3C900B9
:1071C000C3F34E335B0103EA0406014646EA8175C8
:1071D0000139C2F86C52F9D2203B13F1200FF2D1E1
:1071E000BFF34F8FBFF36F8FBFF34F8FBFF36F8F1F
:1071F0000023C2F85032BFF34F8FBFF36F8F70BDC3
:1072000053F8041B40F8041BC0E700BF04930008B8
:10721000C4580020C4580020C458002000ED00E0ED
:10722000074BD3F8D81021EA0001C3F8D810D3F8DF
:10723000002122EA0002C3F80021D3F80031704790
:107240000044025870B5D0E9244300224FF0FF35C6
:107250009E6804EB42135101D3F80009002805DAB7
:10726000D3F8000940F08040C3F80009D3F8000BC0
:10727000002805DAD3F8000B40F08040C3F8000B7B
:10728000013263189642C3F80859C3F8085BE0D28C
:107290004FF00113C4F81C3870BD0000890141F0A3
:1072A0002001016103699B06FCD41220FEF750BE49
:1072B00010B50A4C2046FEF7EFFA094BC4F890309F
:1072C000084BC4F89430084C2046FEF7E5FA074B0B
:1072D000C4F89030064BC4F8943010BD54570020C9
:1072E0000000084070920008F057002000000440A1
:1072F0007C92000870B503780546012B5CD1434BA6
:10730000D0F89040984258D1414B0E216520D3F8D7
:10731000D82042F00062C3F8D820D3F8002142F010
:107320000062C3F80021D3F80021D3F8802042F096
:107330000062C3F88020D3F8802022F00062C3F8F6
:107340008020D3F88030FDF7B1FE324BE360324B42
:10735000C4F800380023D5F89060C4F8003EC0237C
:1073600023604FF40413A3633369002BFCDA012379
:107370000C203361FEF7ECFD3369DB07FCD41220EF
:10738000FEF7E6FD3369002BFCDA00262846A660EE
:10739000FFF758FF6B68C4F81068DB68C4F814681E
:1073A000C4F81C6883BB1D4BA3614FF0FF336361BE
:1073B000A36843F00103A36070BD194B9842C9D183
:1073C000134B4FF08060D3F8D82042F00072C3F81E
:1073D000D820D3F8002142F00072C3F80021D3F87E
:1073E0000021D3F8802042F00072C3F88020D3F847
:1073F000802022F00072C3F88020D3F88030FFF79D
:107400000FFF0E214D209EE7064BCDE7545700207D
:10741000004402584014004003002002003C30C0E9
:10742000F0570020083C30C0F8B5D0F89040054631
:1074300000214FF000662046FFF730FFD5F894108A
:1074400000234FF001128F684FF0FF30C4F834383A
:10745000C4F81C2804EB431201339F42C2F80069B0
:10746000C2F8006BC2F80809C2F8080BF2D20B6828
:10747000D5F89020C5F8983063621023136116691F
:1074800016F01006FBD11220FEF762FDD4F800388A
:1074900023F4FE63C4F80038A36943F4402343F0A7
:1074A0001003A3610923C4F81038C4F814380B4B37
:1074B000EB604FF0C043C4F8103B094BC4F8003BED
:1074C000C4F81069C4F80039D5F8983003F11002F7
:1074D00043F48013C5F89820A362F8BD4C920008CD
:1074E00040800010D0F8902090F88A10D2F8003830
:1074F00023F4FE6343EA0113C2F80038704700002A
:107500002DE9F84300EB8103D0F890500C468046FB
:10751000DA680FFA81F94801166806F00306731E4F
:10752000022B05EB41134FF0000194BFB604384E17
:10753000C3F8101B4FF0010104F1100398BF06F1CE
:10754000805601FA03F3916998BF06F500460029B9
:107550003AD0578A04F15801374349016F50D5F8A2
:107560001C180B430021C5F81C382B180127C3F841
:107570001019A7405369611E9BB3138A928B9B0815
:10758000012A88BF5343D8F89820981842EA034349
:1075900001F140022146C8F89800284605EB820216
:1075A0005360FFF77BFE08EB8900C3681B8A43EA40
:1075B000845348341E4364012E51D5F81C381F43B0
:1075C000C5F81C78BDE8F88305EB4917D7F8001B10
:1075D00021F40041C7F8001BD5F81C1821EA030369
:1075E000C0E704F13F030B4A2846214605EB83031D
:1075F0005A60FFF753FE05EB4910D0F8003923F429
:107600000043C0F80039D5F81C3823EA0707D7E74C
:107610000080001000040002D0F894201268C0F826
:107620009820FFF70FBE00005831D0F89030490184
:107630005B5813F4004004D013F4001F0CBF022069
:10764000012070474831D0F8903049015B5813F45D
:10765000004004D013F4001F0CBF0220012070472B
:1076600000EB8101CB68196A0B6813604B685360AB
:107670007047000000EB810330B5DD68AA6913682C
:10768000D36019B9402B84BF402313606B8A146800
:10769000D0F890201C4402EB4110013C09B2B4FB2D
:1076A000F3F46343033323F0030343EAC44343F097
:1076B000C043C0F8103B2B6803F00303012B0ED12D
:1076C000D2F8083802EB411013F4807FD0F8003B69
:1076D00014BF43F0805343F00053C0F8003B02EB6B
:1076E0004112D2F8003B43F00443C2F8003B30BDE6
:1076F0002DE9F041D0F8906005460C4606EB4113A9
:10770000D3F8087B3A07C3F8087B08D5D6F81438B5
:107710001B0704D500EB8103DB685B689847FA0719
:107720001FD5D6F81438DB071BD505EB8403D968C1
:10773000CCB98B69488A5A68B2FBF0F600FB162276
:107740008AB91868DA6890420DD2121AC3E9002487
:10775000302383F3118821462846FFF78BFF84F3FB
:107760001188BDE8F081012303FA04F26B8923EA52
:1077700002036B81CB68002BF3D021462846BDE87D
:10778000F041184700EB81034A0170B5DD68D0F87D
:1077900090306C692668E66056BB1A444FF40020AE
:1077A000C2F810092A6802F00302012A0AB20ED1B7
:1077B000D3F8080803EB421410F4807FD4F80009D2
:1077C00014BF40F0805040F00050C4F8000903EBB3
:1077D0004212D2F8000940F00440C2F80009012228
:1077E000D3F8340802FA01F10143C3F8341870BD2C
:1077F00019B9402E84BF4020206020681A442E8A88
:107800008419013CB4FBF6F440EAC44040F0005057
:10781000C6E700002DE9F843D0F8906005460C4615
:107820004F0106EB4113D3F8088918F0010FC3F894
:1078300008891CD0D6F81038DB0718D500EB810377
:10784000D3F80CC0DCF81430D3F800E0DA689645C1
:1078500030D2A2EB0E024FF000091A60C3F8049078
:10786000302383F31188FFF78DFF89F3118818F017
:10787000800F1DD0D6F834380126A640334217D0E9
:1078800005EB84030134D5F89050D3F80CC0E4B272
:107890002F44DCF8142005EB0434D2F800E05168E2
:1078A000714514D3D5F8343823EA0606C5F8346890
:1078B000BDE8F883012303FA01F2038923EA0203F6
:1078C0000381DCF80830002BD1D09847CFE7AEEB2E
:1078D0000103BCF81000834228BF0346D7F81809FB
:1078E00080B2B3EB800FE3D89068A0F1040959F897
:1078F000048FC4F80080A0EB09089844B8F1040F85
:10790000F5D818440B4490605360C8E72DE9F84F50
:10791000D0F8905004466E69AB691E4016F480584A
:107920006E6103D0BDE8F84FFEF726B8002E12DADC
:10793000D5F8003E9B0705D0D5F8003E23F00303A1
:10794000C5F8003ED5F80438204623F00103C5F8F9
:107950000438FEF73FF8370505D52046FFF772FCDF
:107960002046FEF725F8B0040CD5D5F8083813F0FA
:10797000060FEB6823F470530CBF43F4105343F429
:10798000A053EB6031071BD56368DB681BB9AB699B
:1079900023F00803AB612378052B0CD1D5F8003E0A
:1079A0009A0705D0D5F8003E23F00303C5F8003E42
:1079B0002046FEF70FF86368DB680BB12046984756
:1079C000F30200F1BA80B70226D5D4F890900027D0
:1079D0004FF0010A09EB4712D2F8003B03F44023B1
:1079E000B3F5802F11D1D2F8003B002B0DDA62895C
:1079F0000AFA07F322EA0303638104EB8703DB68D7
:107A0000DB6813B13946204698470137D4F89430E3
:107A1000FFB29B689F42DDD9F00619D5D4F89000DB
:107A2000026AC2F30A1702F00F0302F4F012B2F571
:107A3000802F00F0CA80B2F5402F09D104EB8303F8
:107A4000002200F58050DB681B6A974240F0B0804E
:107A50003003D5F8185835D5E90303D50021204661
:107A6000FFF746FEAA0303D501212046FFF740FE9B
:107A70006B0303D502212046FFF73AFE2F0303D5FF
:107A800003212046FFF734FEE80203D504212046F7
:107A9000FFF72EFEA90203D505212046FFF728FE99
:107AA0006A0203D506212046FFF722FE2B0203D5EA
:107AB00007212046FFF71CFEEF0103D508212046D1
:107AC000FFF716FE700340F1A780E90703D50021F8
:107AD0002046FFF79FFEAA0703D501212046FFF7A6
:107AE00099FE6B0703D502212046FFF793FE2F076F
:107AF00003D503212046FFF78DFEEE0603D50421B2
:107B00002046FFF787FEA80603D505212046FFF78C
:107B100081FE690603D506212046FFF77BFE2A0673
:107B200003D507212046FFF775FEEB0574D52046E7
:107B30000821BDE8F84FFFF76DBED4F890904FF0E4
:107B4000000B4FF0010AD4F894305FFA8BF79B6872
:107B50009F423FF638AF09EB4713D3F8002902F4F0
:107B60004022B2F5802F20D1D3F80029002A1CDA58
:107B7000D3F8002942F09042C3F80029D3F8002935
:107B8000002AFBDB3946D4F89000FFF787FB2289F7
:107B90000AFA07F322EA0303238104EB8703DB6875
:107BA0009B6813B13946204698470BF1010BCAE791
:107BB000910701D1D0F80080072A02F101029CBF91
:107BC00003F8018B4FEA18283FE704EB830300F525
:107BD0008050DA68D2F818C0DCF80820DCE9001C14
:107BE000A1EB0C0C00218F4208D1DB689B699A68DD
:107BF0003A449A605A683A445A6029E711F0030FF0
:107C000001D1D0F800808C4501F1010184BF02F858
:107C1000018B4FEA1828E6E7BDE8F88F08B503485E
:107C2000FFF774FEBDE80840FFF744BA5457002040
:107C300008B50348FFF76AFEBDE80840FFF73ABA07
:107C4000F0570020D0F8903003EB4111D1F8003B01
:107C500043F40013C1F8003B70470000D0F89030A7
:107C600003EB4111D1F8003943F40013C1F8003996
:107C700070470000D0F8903003EB4111D1F8003B81
:107C800023F40013C1F8003B70470000D0F8903097
:107C900003EB4111D1F8003923F40013C1F8003986
:107CA00070470000064BD3F8DC200243C3F8DC2009
:107CB000D3F804211043C3F80401D3F8043170470A
:107CC0000044025808B53C4B4FF0FF31D3F88020F8
:107CD00062F00042C3F88020D3F8802002F0004216
:107CE000C3F88020D3F88020D3F88420C3F8841010
:107CF000D3F884200022C3F88420D3F88400D86FFE
:107D000040F0FF4040F4FF0040F4DF4040F07F00CF
:107D1000D867D86F20F0FF4020F4FF0020F4DF4048
:107D200020F07F00D867D86FD3F888006FEA405002
:107D30006FEA5050C3F88800D3F88800C0F30A00F7
:107D4000C3F88800D3F88800D3F89000C3F89010E7
:107D5000D3F89000C3F89020D3F89000D3F89400A3
:107D6000C3F89410D3F89400C3F89420D3F8940087
:107D7000D3F89800C3F89810D3F89800C3F8982067
:107D8000D3F89800D3F88C00C3F88C10D3F88C008B
:107D9000C3F88C20D3F88C00D3F89C00C3F89C1057
:107DA000D3F89C10C3F89C20D3F89C30FCF7A8FDB6
:107DB000BDE8084000F0DEB80044025808B50122D2
:107DC000534BC3F80821534BD3F8F42042F002027E
:107DD000C3F8F420D3F81C2142F00202C3F81C219E
:107DE0000222D3F81C314C4BDA605A689104FCD55E
:107DF0004A4A1A6001229A60494ADA6000221A61EE
:107E00004FF440429A61444B9A699204FCD51A6837
:107E100042F480721A603F4B1A6F12F4407F04D014
:107E20004FF480321A6700221A671A6842F0010282
:107E30001A60384B1A685007FCD500221A611A697B
:107E400012F03802FBD1012119604FF080415960D6
:107E50005A67344ADA62344A1A611A6842F4803244
:107E60001A602C4B1A689103FCD51A6842F48052B0
:107E70001A601A689204FCD52C4A2D499A62002295
:107E80005A63196301F57C01DA6301F2E711996322
:107E90005A64284A1A64284ADA621A6842F0A852D8
:107EA0001A601C4B1A6802F02852B2F1285FF9D10F
:107EB00048229A614FF48862DA6140221A621F4AAE
:107EC000DA641F4A1A651F4A5A651F4A9A653223A7
:107ED0001E4A1360136803F00F03022BFAD10D4AF8
:107EE000136943F003031361136903F03803182B7C
:107EF000FAD14FF00050FFF7D5FE4FF08040FFF76A
:107F0000D1FE4FF00040BDE80840FFF7CBBE00BFF8
:107F100000800051004402580048025800C000F0A0
:107F2000020000010000FF010088900812102000EC
:107F300063020901470E0508DD0BBF012000002088
:107F4000000001100910E0000001011000200052A3
:107F500008B50348FDF79CF8BDE80840FFF7AAB84C
:107F6000A036002008B500F039FCBDE80840FFF756
:107F7000A1B8000008B509217A20FDF797F809217A
:107F80003120FDF793F807213220BDE80840FDF7C6
:107F90008DB8000008B5FFF795FE00F0F3FBFDF784
:107FA000A9FAFDF777FCFDF749FBFEF7E3FABDE818
:107FB000084000F029BA000030B50433039C017278
:107FC000002104FB0325C160C0E90653049B036341
:107FD000059BC0E90000C0E90422C0E90842C0E9ED
:107FE0000A11436330BD00000022416AC260C0E94B
:107FF0000411C0E90A226FF00101FEF731B8000058
:10800000D0E90432934201D1C2680AB9181D704701
:1080100000207047036919600021C2680132C26004
:10802000C269134482699342036124BF436A0361B6
:10803000FEF70AB838B504460D46E3683BB16269FD
:108040000020131D1268A3621344E36207E0237A41
:1080500033B929462046FDF7E7FF0028EDDA38BDA1
:108060006FF00100FBE70000C368C269013BC36019
:108070004369134482699342436124BF436A436165
:1080800000238362036B03B11847704770B5302338
:10809000044683F31188866A3EB9FFF7CBFF054695
:1080A00018B186F31188284670BDA36AE26A13F8F6
:1080B000015B9342A36202D32046FFF7D5FF002362
:1080C00083F31188EFE700002DE9F84F04460E46D0
:1080D000174698464FF0300989F311880025AA46C3
:1080E000D4F828B0BBF1000F09D141462046FFF774
:1080F000A1FF20B18BF311882846BDE8F88FD4E9A1
:108100000A12A7EB050B521A934528BF9346BBF101
:10811000400F1BD9334601F1400251F8040B914244
:1081200043F8040BF9D1A36A403640354033A362CB
:10813000D4E90A239A4202D32046FFF795FF8AF337
:108140001188BD42D8D289F31188C9E730465A4612
:10815000F9F772FEA36A5E445D445B44A362E7E7FD
:1081600010B5029C0433017203FB0421C460C0E912
:1081700006130023C0E90A33039B0363049BC0E991
:108180000000C0E90422C0E90842436310BD0000BA
:10819000026A6FF00101C260426AC0E90422002253
:1081A000C0E90A22FDF75CBFD0E904239A4201D15D
:1081B000C26822B9184650F8043B0B607047002390
:1081C0001846FAE7C3680021C2690133C3604369F6
:1081D000134482699342436124BF436A4361FDF7BC
:1081E00033BF000038B504460D46E3683BB1236950
:1081F00000201A1DA262E2691344E36207E0237AB9
:1082000033B929462046FDF70FFF0028EDDA38BDC7
:108210006FF00100FBE7000003691960C268013AD2
:10822000C260C269134482699342036124BF436AF6
:10823000036100238362036B03B11847704700009A
:1082400070B530230D460446114683F31188866AC3
:108250002EB9FFF7C7FF10B186F3118870BDA36A6E
:108260001D70A36AE26A01339342A36204D3E169F9
:1082700020460439FFF7D0FF002080F31188EDE796
:108280002DE9F84F04460D46904699464FF0300AC6
:108290008AF311880026B346A76A4FB9494620469B
:1082A000FFF7A0FF20B187F311883046BDE8F88FB3
:1082B000D4E90A073A1AA8EB0607974228BF1746DF
:1082C000402F1BD905F1400355F8042B9D4240F87F
:1082D000042BF9D1A36A40364033A362D4E90A23C0
:1082E0009A4204D3E16920460439FFF795FF8BF3E6
:1082F00011884645D9D28AF31188CDE729463A46F6
:10830000F9F79AFDA36A3D443E443B44A362E5E786
:10831000D0E904239A4217D1C3689BB1836A8BB119
:10832000043B9B1A0ED01360C368013BC360C36952
:108330001A4483699A42026124BF436A036100239D
:1083400083620123184670470023FBE701F01F03F7
:10835000F0B502F01F0456095A1C0123B6EB511F59
:1083600050F8265003FA02F34FEA511703F1FF3396
:108370003DBF50F82720C4F12000134003EA050058
:108380003BBF03FA00F225FA04F0E0401043F0BDD1
:1083900070B57E227F210546FFF7D8FF18B101286E
:1083A00019D0002070BD3E2249212846FFF7CEFF9C
:1083B0002F22044631212846FFF7C8FF0646013424
:1083C0005022023653212846B440FFF7BFFF093838
:1083D00004FA00F0E6E7302245212846FFF7B6FF11
:1083E00001308002DEE7000090F8D63090F8D72008
:1083F0001B0403EB026390F8D42090F8D5001344DB
:1084000003EB00207047000000F0BEB9014B586A32
:10841000704700BF000C0040034B002258631A61F4
:108420000222DA60704700BF000C0040014B0022BE
:10843000DA607047000C0040014B5863704700BF82
:10844000000C0040024B034A1A60034A5A6070470E
:10845000A4580020C858002000000220074B4942C1
:1084600010B55C68201A08401968821A8A4203D342
:10847000A24201D85A6010BD0020FCE7A458002099
:1084800008B5302383F31188FFF7E8FF002383F357
:10849000118808BD04480121044B03600023C0E992
:1084A00001330C3000F016B9AC580020818400086C
:1084B000CB1D083A23F00703591A521A012110B4B0
:1084C000D2080024C0E9004384600C301C605A606C
:1084D0005DF8044B00F0FEB82DE9F84F364ECD1D87
:1084E0000F46002818BF0646082A4FEAD50538BFB0
:1084F000082206F10C08341D9146404600F006F9AA
:1085000009F10701C9F1000E224624686CB9404602
:1085100000F006F93368CBB308224946E8009847D3
:10852000044698B340E9026730E004EB010CD4F84C
:1085300004A00CEA0E0C0AF10100ACF1080304EBF4
:10854000C0009842E0D9A0EB0C0CB5EBEC0F4FEA61
:10855000EC0BD9D89C421CD204F10802AB45A3EB2A
:1085600002024FEAE202626009D9691CED43206809
:1085700003EBC1025D44556043F8310022601C46A4
:108580005F60404644F8086B00F0CAF82046BDE83A
:10859000F88FAA45216802D111602346EFE7013523
:1085A00004EBC50344F8351003F10801401AC0106C
:1085B00058601360F1E700BFAC580020F8B550F8E0
:1085C000043C044650F8085CA0F1080607332F1D50
:1085D0000C35DB0840F8043C284600F097F83B4691
:1085E0009F421A6801D0B34228D20AB1964225D2DE
:1085F00044F8082C54F8042C1E60013254F8081C6E
:1086000006EBC200814206D14868024444F8042CBB
:108610000A6844F8082C5868411C03EBC1018E42DB
:1086200007D154F8042C013202445A6054F8082C43
:108630001A602846BDE8F84000F072B81346CFE74C
:10864000FEE7000070B51B4B0025044686B058605D
:108650000E4685620163FEF705FD04F11003A56077
:10866000E562C4E904334FF0FF33C4E90044C4E9D0
:108670000635FFF7CBFE2B46024604F134012046B7
:10868000C4E9082380230C4A2565FDF76BFC012310
:108690000A4AE06000920375684672680192B26807
:1086A000CDE90223064BCDE90435FDF783FC06B086
:1086B00070BD00BF603B0020889200088D920008CA
:1086C00041860008024AD36A1843D062704700BF4F
:1086D000F8380020C0E90000816070478368013BE2
:1086E000002B10B583600CDA074BDC684368A0618F
:1086F000206063601C6044600520FDF7A5FBA06955
:1087000010BD0020FCE700BFF838002008B530237A
:1087100083F31188FFF7E2FF002383F3118808BD7C
:1087200008B5302383F3118883680133002B8360FD
:1087300007DC036800211A68026050601846FDF7E4
:10874000AFFB002383F3118808BD000038B5EFF3B9
:1087500011859DB9EFF30584C4F30804302334B1C7
:1087600083F31188FDF7B4FD85F3118838BD83F3D9
:108770001188FDF7ADFD84F3118838BDBDE83840A0
:10878000FDF7A6BD70470000114BD3F8E82042F07A
:108790000802C3F8E820D3F8102142F00802C3F819
:1087A00010210C4AD3F81031D36B43F00803D36384
:1087B000C722094B9A624FF0FF32DA6200229A61B7
:1087C0005A63DA605A6001225A611A60704700BF2A
:1087D000004402580010005C000C0040094A08B533
:1087E0001169D3680B40D9B29B076FEA010111618F
:1087F00007D5302383F31188FDF7A8FB002383F30B
:10880000118808BD000C004010B5013902449042A7
:1088100001D1002005E0037811F8014FA34201D0F7
:10882000181B10BD0130F2E7884210B501EB0204BD
:1088300002D98442234607D8431EA14208D011F82A
:10884000012B03F8012FF8E7024401468A4200D1C8
:1088500010BD13F8014D02F8014DF7E7C9B2034608
:1088600010F8012B1AB18A42F9D118467047002935
:1088700018BF0023F9E70000034611F8012B03F8A5
:10888000012B002AF9D1704710B50139034632B1E6
:1088900011F8014F03F8014B013A002CF7D11A44AB
:1088A0000021934200D110BD03F8011BF9E700003D
:1088B000616162626535303061613462363832330D
:1088C000000000001210000012110000121300003E
:1088D0004D4435002D2D0A002F6172647570696C4E
:1088E0006F742E6162696E002F6172647570696CBD
:1088F0006F742D7665726966792E6162696E002FDC
:108900006172647570696C6F742D666C6173682E2A
:108910006162696E002F6172647570696C6F742D8D
:10892000666C61736865642E6162696E00000000A8
:108930000000000000000000150F0008B10F000843
:1089400061110008E90F0008A90F000800000000ED
:1089500000000000110F0008BD0F00089911000869
:108960000D0F0008190F000853544D333248373F9C
:108970003F3F0053544D3332483733782F373278E6
:108980000053544D3332483734332F3735332F3774
:108990003530000001105A00031059000120580022
:1089A000032056002F0000005375636365737366E0
:1089B000756C6C79206D6F756E74656420534443DB
:1089C0006172642028736C6F77646F776E3D2575D4
:1089D000290A0000EB76904558464154202020009B
:1089E0004641543332202020000000002A3A3C3E09
:1089F0007C223F7F002B2C3B3D5B5D004355454176
:108A00004141414345454549494941414592924F7C
:108A10004F4F5555594F554F9C4F9E9F41494F556C
:108A2000A5A5A6A7A8A9AAABACADAEAFB0B1B2B38D
:108A3000B4414141B8B9BABBBCBDBEBFC0C1C2C3DD
:108A4000C4C54141C8C9CACBCCCDCECFD1D1454593
:108A50004549494949D9DADBDCDD49DF4FE14F4F70
:108A60004F4FE6E8E85555555959EEEFF0F1F2F35E
:108A7000F4F5F6F7F8F9FAFBFCFDFEFF0103050734
:108A8000090E10121416181C1E00000061001A03B3
:108A9000E0001703F8000703FF0001007801000160
:108AA000300132010601390110014A012E0179011C
:108AB000060180014D00430281018201820184018F
:108AC000840186018701870189018A018B018B015D
:108AD0008D018E018F01900191019101930194010B
:108AE000F60196019701980198013D029B019C01B6
:108AF0009D0120029F01A001A001A201A201A401E9
:108B0000A401A601A701A701A901AA01AB01AC011B
:108B1000AC01AE01AF01AF01B101B201B301B301CC
:108B2000B501B501B701B801B801BA01BB01BC017B
:108B3000BC01BE01F701C001C101C201C301C401F2
:108B4000C501C401C701C801C701CA01CB01CA01DF
:108B5000CD011001DD0101008E01DE011201F301E2
:108B60000300F101F401F401F801280122021201CD
:108B70003A020900652C3B023B023D02662C3F0293
:108B800040024102410246020A01530240008101B3
:108B90008601550289018A0158028F015A0290010B
:108BA0005C025D025E025F02930161026202940157
:108BB0006402650266026702970196016A02622CEE
:108BC0006C026D026E029C01700271029D017302C3
:108BD00074029F0176027702780279027A027B02A0
:108BE0007C02642C7E027F02A60181028202A9011E
:108BF0008402850286028702AE014402B101B201FD
:108C000045028D028E028F0290029102B7017B0312
:108C10000300FD03FE03FF03AC0304008603880387
:108C200089038A03B1031103C2030200A303A30350
:108C3000C4030803CC0303008C038E038F03D80303
:108C40001801F2030A00F903F303F403F503F60332
:108C5000F703F703F903FA03FA033004200350047F
:108C60001007600422018A043601C1040E01CF04FA
:108C70000100C004D0044401610526040000000086
:108C80007D1D0100632C001E9601A01E5A01001FCD
:108C90000806101F0606201F0806301F0806401F82
:108CA0000606511F0700591F521F5B1F541F5D1FEF
:108CB000561F5F1F601F0806701F0E00BA1FBB1FE4
:108CC000C81FC91FCA1FCB1FDA1FDB1FF81FF91FE0
:108CD000EA1FEB1FFA1FFB1F801F0806901F0806E4
:108CE000A01F0806B01F0400B81FB91FB21FBC1F89
:108CF000CC1F0100C31FD01F0206E01F0206E51FA4
:108D00000100EC1FF31F0100FC1F4E210100322166
:108D100070211002842101008321D0241A05302CF7
:108D20002F04602C0201672C0601752C0201802C97
:108D30006401002D260841FF1A030000C700FC0053
:108D4000E900E200E400E000E500E700EA00EB00F3
:108D5000E800EF00EE00EC00C400C500C900E6002A
:108D6000C600F400F600F200FB00F900FF00D60098
:108D7000DC00F800A300D800D7009201E100ED006C
:108D8000F300FA00F100D100AA00BA00BF00AE0063
:108D9000AC00BD00BC00A100AB00BB00912592253A
:108DA000932502252425C100C200C000A900632527
:108DB000512557255D25A200A50010251425342531
:108DC0002C251C2500253C25E300C3005A255425ED
:108DD00069256625602550256C25A400F000D0008B
:108DE000CA00CB00C8003101CD00CE00CF0018254D
:108DF0000C2588258425A600CC008025D300DF0023
:108E0000D400D200F500D500B500FE00DE00DA0087
:108E1000DB00D900FD00DD00AF00B400AD00B10003
:108E20001720BE00B600A700F700B800B000A800E9
:108E3000B700B900B300B200A025A00010000240A6
:108E4000080002400008024000000B002800024019
:108E5000080002400408024006010C0040000240E5
:108E6000080002400808024010020D0058000240AD
:108E7000080002400C08024016030E007000024079
:108E80000C0002401008024000040F00880002405D
:108E90000C0002401408024006051000A000024029
:108EA0000C0002401808024010061100B8000240F1
:108EB0000C0002401C08024016072F00100402405C
:108EC000080402402008024000083800280402403C
:108ED0000804024024080240060939004004024008
:108EE0000804024028080240100A3A0058040240D0
:108EF000080402402C080240160B3B00700402409C
:108F00000C04024030080240000C3C00880402407F
:108F10000C04024034080240060D4400A004024044
:108F20000C04024038080240100E4500B80402400C
:108F30000C0402403C080240160F460001000000ED
:108F400000000000000000006D6500087165000869
:108F500089510008C15400081D51000845510008FE
:108F60006D5100080551000800000000B9550008C7
:108F7000A5550008E1550008CD550008D955000851
:108F8000C5550008B15500089D550008ED5500086D
:108F9000000000000100000000000000633000003D
:108FA0009C8F000850390020603B00205000802A30
:108FB00000000000AAAAAAAA50000024FFFF000097
:108FC0000000000000A00A000000004000000000B7
:108FD000AAAAAAAA00000000FFFF000000000000EB
:108FE000000000000000AA0600000000AAAAAAAA29
:108FF00000005504FFFF000000000000CCCC0C0076
:109000002000400000000000AAAAAAAA1000000048
:10901000FFFF0000000C0000000000000000000046
:1090200000800000AAAAAAAA00000000FFFF00001A
:109030000000000000000000000000000000000030
:10904000AAAAAAAA00000000FFFF0000000000007A
:10905000000000000000000000000000AAAAAAAA68
:1090600000000000FFFF0000000000000000000002
:109070000000000000000000AAAAAAAA0000000048
:10908000FFFF0000000000000000000000000000E2
:1090900000000000AAAAAAAA00000000FFFF00002A
:1090A00000000000000000000000000000000000C0
:1090B000AAAAAAAA00000000FFFF0000000000000A
:1090C000000000000000000000000000AAAAAAAAF8
:1090D00000000000FFFF0000000000000000000092
:1090E0004172647550696C6F740025424F4152445F
:1090F000252D424C002553455249414C2500000086
:109100000200000000000000D9570008495800087C
:1091100040004000105400202054002002000000B5
:10912000000000000300000000000000915800084B
:10913000000000001000000030540020000000007B
:10914000010000000000000054570020010102004F
:10915000696600087965000815660008F965000869
:10916000430000006891000809024300020100C0AA
:10917000320904000001020201000524001001056B
:1091800024010001042402020524060001070582CF
:10919000030800FF09040100020A0000000705019E
:1091A000024000000705810240000000120000009C
:1091B000B491000812011001020000400912415749
:1091C00000020102030100000403090425424F418B
:1091D00052442500656674003031323334353637F9
:1091E0003839414243444546000000000000002059
:1091F0000000020002000000000000300000040037
:109200000800000000000024000008000400000026
:109210000004000000FC0000020000000000043018
:10922000008000000800000000000038000001007D
:10923000010000001F1C1F1E1F1E1F1F1E1F1E1FC0
:109240001F1D1F1E1F1E1F1F1E1F1E1F00000000B0
:10925000ED590008A55C0008515D00084000400081
:109260008C5800208C580020010000009C580020E1
:109270008000000040010000080000000001000024
:1092800000100000080000006D61696E0069646CE8
:1092900065000000D471FF7F0100000000000000A5
:1092A0000F2700000000000000001A00000000006E
:1092B000FF0000000000000068890008830400002F
:1092C0007389000850040000818900080100000033
:1092D000000000000096000000000800960000005A
:1092E0000008000004000000C89100080000000011
:1092F000000000000000000000000000000000006E
:049300000000000069
:00000001FF
